# High-Fidelity Agricultural Hexacopter 3D Model
mtllib Realistic_Agricultural_Hexacopter.mtl


g Yellow_Gloss_Canopy
usemtl Yellow_Gloss_Canopy
v 0.27500 0.00000 0.05000
v 0.27175 0.01781 0.05000
v 0.27097 0.01776 0.05751
v 0.27420 0.00000 0.05751
v 0.26248 0.03456 0.05000
v 0.26176 0.03446 0.05751
v 0.24853 0.04943 0.05000
v 0.24788 0.04931 0.05751
v 0.23182 0.06212 0.05000
v 0.23128 0.06197 0.05751
v 0.21458 0.07284 0.05000
v 0.21414 0.07269 0.05751
v 0.19887 0.08237 0.05000
v 0.19851 0.08223 0.05751
v 0.18625 0.09185 0.05000
v 0.18595 0.09170 0.05751
v 0.17754 0.10250 0.05000
v 0.17726 0.10234 0.05751
v 0.17267 0.11537 0.05000
v 0.17239 0.11519 0.05751
v 0.17077 0.13104 0.05000
v 0.17046 0.13080 0.05751
v 0.17037 0.14941 0.05000
v 0.17002 0.14910 0.05751
v 0.16971 0.16971 0.05000
v 0.16931 0.16931 0.05751
v 0.16707 0.19051 0.05000
v 0.16664 0.19002 0.05751
v 0.16117 0.21004 0.05000
v 0.16072 0.20946 0.05751
v 0.15130 0.22644 0.05000
v 0.15087 0.22579 0.05751
v 0.13750 0.23816 0.05000
v 0.13710 0.23746 0.05751
v 0.12045 0.24425 0.05000
v 0.12010 0.24355 0.05751
v 0.10131 0.24460 0.05000
v 0.10103 0.24392 0.05751
v 0.08145 0.23995 0.05000
v 0.08124 0.23933 0.05751
v 0.06212 0.23182 0.05000
v 0.06197 0.23128 0.05751
v 0.04421 0.22225 0.05000
v 0.04412 0.22179 0.05751
v 0.02810 0.21341 0.05000
v 0.02805 0.21303 0.05751
v 0.01358 0.20722 0.05000
v 0.01356 0.20689 0.05751
v 0.00000 0.20500 0.05000
v 0.00000 0.20468 0.05751
v -0.01358 0.20722 0.05000
v -0.01356 0.20689 0.05751
v -0.02810 0.21341 0.05000
v -0.02805 0.21303 0.05751
v -0.04421 0.22225 0.05000
v -0.04412 0.22179 0.05751
v -0.06212 0.23182 0.05000
v -0.06197 0.23128 0.05751
v -0.08145 0.23995 0.05000
v -0.08124 0.23933 0.05751
v -0.10131 0.24460 0.05000
v -0.10103 0.24392 0.05751
v -0.12045 0.24425 0.05000
v -0.12010 0.24355 0.05751
v -0.13750 0.23816 0.05000
v -0.13710 0.23746 0.05751
v -0.15130 0.22644 0.05000
v -0.15087 0.22579 0.05751
v -0.16117 0.21004 0.05000
v -0.16072 0.20946 0.05751
v -0.16707 0.19051 0.05000
v -0.16664 0.19002 0.05751
v -0.16971 0.16971 0.05000
v -0.16931 0.16931 0.05751
v -0.17037 0.14941 0.05000
v -0.17002 0.14910 0.05751
v -0.17077 0.13104 0.05000
v -0.17046 0.13080 0.05751
v -0.17267 0.11537 0.05000
v -0.17239 0.11519 0.05751
v -0.17754 0.10250 0.05000
v -0.17726 0.10234 0.05751
v -0.18625 0.09185 0.05000
v -0.18595 0.09170 0.05751
v -0.19887 0.08237 0.05000
v -0.19851 0.08223 0.05751
v -0.21458 0.07284 0.05000
v -0.21414 0.07269 0.05751
v -0.23182 0.06212 0.05000
v -0.23128 0.06197 0.05751
v -0.24853 0.04943 0.05000
v -0.24788 0.04931 0.05751
v -0.26248 0.03456 0.05000
v -0.26176 0.03446 0.05751
v -0.27175 0.01781 0.05000
v -0.27097 0.01776 0.05751
v -0.27500 0.00000 0.05000
v -0.27420 0.00000 0.05751
v -0.27175 -0.01781 0.05000
v -0.27097 -0.01776 0.05751
v -0.26248 -0.03456 0.05000
v -0.26176 -0.03446 0.05751
v -0.24853 -0.04943 0.05000
v -0.24788 -0.04931 0.05751
v -0.23182 -0.06212 0.05000
v -0.23128 -0.06197 0.05751
v -0.21458 -0.07284 0.05000
v -0.21414 -0.07269 0.05751
v -0.19887 -0.08237 0.05000
v -0.19851 -0.08223 0.05751
v -0.18625 -0.09185 0.05000
v -0.18595 -0.09170 0.05751
v -0.17754 -0.10250 0.05000
v -0.17726 -0.10234 0.05751
v -0.17267 -0.11537 0.05000
v -0.17239 -0.11519 0.05751
v -0.17077 -0.13104 0.05000
v -0.17046 -0.13080 0.05751
v -0.17037 -0.14941 0.05000
v -0.17002 -0.14910 0.05751
v -0.16971 -0.16971 0.05000
v -0.16931 -0.16931 0.05751
v -0.16707 -0.19051 0.05000
v -0.16664 -0.19002 0.05751
v -0.16117 -0.21004 0.05000
v -0.16072 -0.20946 0.05751
v -0.15130 -0.22644 0.05000
v -0.15087 -0.22579 0.05751
v -0.13750 -0.23816 0.05000
v -0.13710 -0.23746 0.05751
v -0.12045 -0.24425 0.05000
v -0.12010 -0.24355 0.05751
v -0.10131 -0.24460 0.05000
v -0.10103 -0.24392 0.05751
v -0.08145 -0.23995 0.05000
v -0.08124 -0.23933 0.05751
v -0.06212 -0.23182 0.05000
v -0.06197 -0.23128 0.05751
v -0.04421 -0.22225 0.05000
v -0.04412 -0.22179 0.05751
v -0.02810 -0.21341 0.05000
v -0.02805 -0.21303 0.05751
v -0.01358 -0.20722 0.05000
v -0.01356 -0.20689 0.05751
v -0.00000 -0.20500 0.05000
v -0.00000 -0.20468 0.05751
v 0.01358 -0.20722 0.05000
v 0.01356 -0.20689 0.05751
v 0.02810 -0.21341 0.05000
v 0.02805 -0.21303 0.05751
v 0.04421 -0.22225 0.05000
v 0.04412 -0.22179 0.05751
v 0.06212 -0.23182 0.05000
v 0.06197 -0.23128 0.05751
v 0.08145 -0.23995 0.05000
v 0.08124 -0.23933 0.05751
v 0.10131 -0.24460 0.05000
v 0.10103 -0.24392 0.05751
v 0.12045 -0.24425 0.05000
v 0.12010 -0.24355 0.05751
v 0.13750 -0.23816 0.05000
v 0.13710 -0.23746 0.05751
v 0.15130 -0.22644 0.05000
v 0.15087 -0.22579 0.05751
v 0.16117 -0.21004 0.05000
v 0.16072 -0.20946 0.05751
v 0.16707 -0.19051 0.05000
v 0.16664 -0.19002 0.05751
v 0.16971 -0.16971 0.05000
v 0.16931 -0.16931 0.05751
v 0.17037 -0.14941 0.05000
v 0.17002 -0.14910 0.05751
v 0.17077 -0.13104 0.05000
v 0.17046 -0.13080 0.05751
v 0.17267 -0.11537 0.05000
v 0.17239 -0.11519 0.05751
v 0.17754 -0.10250 0.05000
v 0.17726 -0.10234 0.05751
v 0.18625 -0.09185 0.05000
v 0.18595 -0.09170 0.05751
v 0.19887 -0.08237 0.05000
v 0.19851 -0.08223 0.05751
v 0.21458 -0.07284 0.05000
v 0.21414 -0.07269 0.05751
v 0.23182 -0.06212 0.05000
v 0.23128 -0.06197 0.05751
v 0.24853 -0.04943 0.05000
v 0.24788 -0.04931 0.05751
v 0.26248 -0.03456 0.05000
v 0.26176 -0.03446 0.05751
v 0.27175 -0.01781 0.05000
v 0.27097 -0.01776 0.05751
v 0.26863 0.01761 0.06498
v 0.27180 0.00000 0.06498
v 0.25959 0.03418 0.06498
v 0.24597 0.04893 0.06498
v 0.22966 0.06154 0.06498
v 0.21281 0.07224 0.06498
v 0.19743 0.08178 0.06498
v 0.18505 0.09125 0.06498
v 0.17644 0.10187 0.06498
v 0.17155 0.11463 0.06498
v 0.16954 0.13009 0.06498
v 0.16897 0.14818 0.06498
v 0.16812 0.16812 0.06498
v 0.16536 0.18855 0.06498
v 0.15939 0.20772 0.06498
v 0.14956 0.22384 0.06498
v 0.13590 0.23538 0.06498
v 0.11907 0.24144 0.06498
v 0.10020 0.24190 0.06498
v 0.08061 0.23748 0.06498
v 0.06154 0.22966 0.06498
v 0.04384 0.22042 0.06498
v 0.02789 0.21187 0.06498
v 0.01349 0.20588 0.06498
v 0.00000 0.20373 0.06498
v -0.01349 0.20588 0.06498
v -0.02789 0.21187 0.06498
v -0.04384 0.22042 0.06498
v -0.06154 0.22966 0.06498
v -0.08061 0.23748 0.06498
v -0.10020 0.24190 0.06498
v -0.11907 0.24144 0.06498
v -0.13590 0.23538 0.06498
v -0.14956 0.22384 0.06498
v -0.15939 0.20772 0.06498
v -0.16536 0.18855 0.06498
v -0.16812 0.16812 0.06498
v -0.16897 0.14818 0.06498
v -0.16954 0.13009 0.06498
v -0.17155 0.11463 0.06498
v -0.17644 0.10187 0.06498
v -0.18505 0.09125 0.06498
v -0.19743 0.08178 0.06498
v -0.21281 0.07224 0.06498
v -0.22966 0.06154 0.06498
v -0.24597 0.04893 0.06498
v -0.25959 0.03418 0.06498
v -0.26863 0.01761 0.06498
v -0.27180 0.00000 0.06498
v -0.26863 -0.01761 0.06498
v -0.25959 -0.03418 0.06498
v -0.24597 -0.04893 0.06498
v -0.22966 -0.06154 0.06498
v -0.21281 -0.07224 0.06498
v -0.19743 -0.08178 0.06498
v -0.18505 -0.09125 0.06498
v -0.17644 -0.10187 0.06498
v -0.17155 -0.11463 0.06498
v -0.16954 -0.13009 0.06498
v -0.16897 -0.14818 0.06498
v -0.16812 -0.16812 0.06498
v -0.16536 -0.18855 0.06498
v -0.15939 -0.20772 0.06498
v -0.14956 -0.22384 0.06498
v -0.13590 -0.23538 0.06498
v -0.11907 -0.24144 0.06498
v -0.10020 -0.24190 0.06498
v -0.08061 -0.23748 0.06498
v -0.06154 -0.22966 0.06498
v -0.04384 -0.22042 0.06498
v -0.02789 -0.21187 0.06498
v -0.01349 -0.20588 0.06498
v -0.00000 -0.20373 0.06498
v 0.01349 -0.20588 0.06498
v 0.02789 -0.21187 0.06498
v 0.04384 -0.22042 0.06498
v 0.06154 -0.22966 0.06498
v 0.08061 -0.23748 0.06498
v 0.10020 -0.24190 0.06498
v 0.11907 -0.24144 0.06498
v 0.13590 -0.23538 0.06498
v 0.14956 -0.22384 0.06498
v 0.15939 -0.20772 0.06498
v 0.16536 -0.18855 0.06498
v 0.16812 -0.16812 0.06498
v 0.16897 -0.14818 0.06498
v 0.16954 -0.13009 0.06498
v 0.17155 -0.11463 0.06498
v 0.17644 -0.10187 0.06498
v 0.18505 -0.09125 0.06498
v 0.19743 -0.08178 0.06498
v 0.21281 -0.07224 0.06498
v 0.22966 -0.06154 0.06498
v 0.24597 -0.04893 0.06498
v 0.25959 -0.03418 0.06498
v 0.26863 -0.01761 0.06498
v 0.26476 0.01735 0.07238
v 0.26783 0.00000 0.07238
v 0.25600 0.03370 0.07238
v 0.24279 0.04829 0.07238
v 0.22697 0.06082 0.07238
v 0.21061 0.07149 0.07238
v 0.19563 0.08103 0.07238
v 0.18353 0.09051 0.07238
v 0.17505 0.10107 0.07238
v 0.17014 0.11369 0.07238
v 0.16799 0.12891 0.07238
v 0.16722 0.14664 0.07238
v 0.16616 0.16616 0.07238
v 0.16322 0.18612 0.07238
v 0.15719 0.20485 0.07238
v 0.14741 0.22061 0.07238
v 0.13391 0.23195 0.07238
v 0.11735 0.23797 0.07238
v 0.09881 0.23855 0.07238
v 0.07957 0.23441 0.07238
v 0.06082 0.22697 0.07238
v 0.04339 0.21814 0.07238
v 0.02764 0.20994 0.07238
v 0.01338 0.20419 0.07238
v 0.00000 0.20213 0.07238
v -0.01338 0.20419 0.07238
v -0.02764 0.20994 0.07238
v -0.04339 0.21814 0.07238
v -0.06082 0.22697 0.07238
v -0.07957 0.23441 0.07238
v -0.09881 0.23855 0.07238
v -0.11735 0.23797 0.07238
v -0.13391 0.23195 0.07238
v -0.14741 0.22061 0.07238
v -0.15719 0.20485 0.07238
v -0.16322 0.18612 0.07238
v -0.16616 0.16616 0.07238
v -0.16722 0.14664 0.07238
v -0.16799 0.12891 0.07238
v -0.17014 0.11369 0.07238
v -0.17505 0.10107 0.07238
v -0.18353 0.09051 0.07238
v -0.19563 0.08103 0.07238
v -0.21061 0.07149 0.07238
v -0.22697 0.06082 0.07238
v -0.24279 0.04829 0.07238
v -0.25600 0.03370 0.07238
v -0.26476 0.01735 0.07238
v -0.26783 0.00000 0.07238
v -0.26476 -0.01735 0.07238
v -0.25600 -0.03370 0.07238
v -0.24279 -0.04829 0.07238
v -0.22697 -0.06082 0.07238
v -0.21061 -0.07149 0.07238
v -0.19563 -0.08103 0.07238
v -0.18353 -0.09051 0.07238
v -0.17505 -0.10107 0.07238
v -0.17014 -0.11369 0.07238
v -0.16799 -0.12891 0.07238
v -0.16722 -0.14664 0.07238
v -0.16616 -0.16616 0.07238
v -0.16322 -0.18612 0.07238
v -0.15719 -0.20485 0.07238
v -0.14741 -0.22061 0.07238
v -0.13391 -0.23195 0.07238
v -0.11735 -0.23797 0.07238
v -0.09881 -0.23855 0.07238
v -0.07957 -0.23441 0.07238
v -0.06082 -0.22697 0.07238
v -0.04339 -0.21814 0.07238
v -0.02764 -0.20994 0.07238
v -0.01338 -0.20419 0.07238
v -0.00000 -0.20213 0.07238
v 0.01338 -0.20419 0.07238
v 0.02764 -0.20994 0.07238
v 0.04339 -0.21814 0.07238
v 0.06082 -0.22697 0.07238
v 0.07957 -0.23441 0.07238
v 0.09881 -0.23855 0.07238
v 0.11735 -0.23797 0.07238
v 0.13391 -0.23195 0.07238
v 0.14741 -0.22061 0.07238
v 0.15719 -0.20485 0.07238
v 0.16322 -0.18612 0.07238
v 0.16616 -0.16616 0.07238
v 0.16722 -0.14664 0.07238
v 0.16799 -0.12891 0.07238
v 0.17014 -0.11369 0.07238
v 0.17505 -0.10107 0.07238
v 0.18353 -0.09051 0.07238
v 0.19563 -0.08103 0.07238
v 0.21061 -0.07149 0.07238
v 0.22697 -0.06082 0.07238
v 0.24279 -0.04829 0.07238
v 0.25600 -0.03370 0.07238
v 0.26476 -0.01735 0.07238
v 0.25941 0.01700 0.07968
v 0.26235 0.00000 0.07968
v 0.25103 0.03305 0.07968
v 0.23839 0.04742 0.07968
v 0.22323 0.05981 0.07968
v 0.20751 0.07044 0.07968
v 0.19309 0.07998 0.07968
v 0.18137 0.08944 0.07968
v 0.17308 0.09993 0.07968
v 0.16815 0.11235 0.07968
v 0.16581 0.12723 0.07968
v 0.16476 0.14449 0.07968
v 0.16341 0.16341 0.07968
v 0.16026 0.18274 0.07968
v 0.15414 0.20087 0.07968
v 0.14443 0.21616 0.07968
v 0.13117 0.22720 0.07968
v 0.11498 0.23316 0.07968
v 0.09689 0.23392 0.07968
v 0.07813 0.23016 0.07968
v 0.05981 0.22323 0.07968
v 0.04275 0.21493 0.07968
v 0.02728 0.20722 0.07968
v 0.01323 0.20180 0.07968
v 0.00000 0.19985 0.07968
v -0.01323 0.20180 0.07968
v -0.02728 0.20722 0.07968
v -0.04275 0.21493 0.07968
v -0.05981 0.22323 0.07968
v -0.07813 0.23016 0.07968
v -0.09689 0.23392 0.07968
v -0.11498 0.23316 0.07968
v -0.13117 0.22720 0.07968
v -0.14443 0.21616 0.07968
v -0.15414 0.20087 0.07968
v -0.16026 0.18274 0.07968
v -0.16341 0.16341 0.07968
v -0.16476 0.14449 0.07968
v -0.16581 0.12723 0.07968
v -0.16815 0.11235 0.07968
v -0.17308 0.09993 0.07968
v -0.18137 0.08944 0.07968
v -0.19309 0.07998 0.07968
v -0.20751 0.07044 0.07968
v -0.22323 0.05981 0.07968
v -0.23839 0.04742 0.07968
v -0.25103 0.03305 0.07968
v -0.25941 0.01700 0.07968
v -0.26235 0.00000 0.07968
v -0.25941 -0.01700 0.07968
v -0.25103 -0.03305 0.07968
v -0.23839 -0.04742 0.07968
v -0.22323 -0.05981 0.07968
v -0.20751 -0.07044 0.07968
v -0.19309 -0.07998 0.07968
v -0.18137 -0.08944 0.07968
v -0.17308 -0.09993 0.07968
v -0.16815 -0.11235 0.07968
v -0.16581 -0.12723 0.07968
v -0.16476 -0.14449 0.07968
v -0.16341 -0.16341 0.07968
v -0.16026 -0.18274 0.07968
v -0.15414 -0.20087 0.07968
v -0.14443 -0.21616 0.07968
v -0.13117 -0.22720 0.07968
v -0.11498 -0.23316 0.07968
v -0.09689 -0.23392 0.07968
v -0.07813 -0.23016 0.07968
v -0.05981 -0.22323 0.07968
v -0.04275 -0.21493 0.07968
v -0.02728 -0.20722 0.07968
v -0.01323 -0.20180 0.07968
v -0.00000 -0.19985 0.07968
v 0.01323 -0.20180 0.07968
v 0.02728 -0.20722 0.07968
v 0.04275 -0.21493 0.07968
v 0.05981 -0.22323 0.07968
v 0.07813 -0.23016 0.07968
v 0.09689 -0.23392 0.07968
v 0.11498 -0.23316 0.07968
v 0.13117 -0.22720 0.07968
v 0.14443 -0.21616 0.07968
v 0.15414 -0.20087 0.07968
v 0.16026 -0.18274 0.07968
v 0.16341 -0.16341 0.07968
v 0.16476 -0.14449 0.07968
v 0.16581 -0.12723 0.07968
v 0.16815 -0.11235 0.07968
v 0.17308 -0.09993 0.07968
v 0.18137 -0.08944 0.07968
v 0.19309 -0.07998 0.07968
v 0.20751 -0.07044 0.07968
v 0.22323 -0.05981 0.07968
v 0.23839 -0.04742 0.07968
v 0.25103 -0.03305 0.07968
v 0.25941 -0.01700 0.07968
v 0.25265 0.01656 0.08684
v 0.25542 0.00000 0.08684
v 0.24474 0.03222 0.08684
v 0.23279 0.04630 0.08684
v 0.21844 0.05853 0.08684
v 0.20353 0.06909 0.08684
v 0.18980 0.07862 0.08684
v 0.17856 0.08806 0.08684
v 0.17049 0.09843 0.08684
v 0.16554 0.11061 0.08684
v 0.16298 0.12506 0.08684
v 0.16160 0.14172 0.08684
v 0.15991 0.15991 0.08684
v 0.15649 0.17845 0.08684
v 0.15027 0.19584 0.08684
v 0.14067 0.21052 0.08684
v 0.12771 0.22120 0.08684
v 0.11199 0.22708 0.08684
v 0.09446 0.22806 0.08684
v 0.07629 0.22475 0.08684
v 0.05853 0.21844 0.08684
v 0.04193 0.21081 0.08684
v 0.02682 0.20368 0.08684
v 0.01302 0.19866 0.08684
v 0.00000 0.19686 0.08684
v -0.01302 0.19866 0.08684
v -0.02682 0.20368 0.08684
v -0.04193 0.21081 0.08684
v -0.05853 0.21844 0.08684
v -0.07629 0.22475 0.08684
v -0.09446 0.22806 0.08684
v -0.11199 0.22708 0.08684
v -0.12771 0.22120 0.08684
v -0.14067 0.21052 0.08684
v -0.15027 0.19584 0.08684
v -0.15649 0.17845 0.08684
v -0.15991 0.15991 0.08684
v -0.16160 0.14172 0.08684
v -0.16298 0.12506 0.08684
v -0.16554 0.11061 0.08684
v -0.17049 0.09843 0.08684
v -0.17856 0.08806 0.08684
v -0.18980 0.07862 0.08684
v -0.20353 0.06909 0.08684
v -0.21844 0.05853 0.08684
v -0.23279 0.04630 0.08684
v -0.24474 0.03222 0.08684
v -0.25265 0.01656 0.08684
v -0.25542 0.00000 0.08684
v -0.25265 -0.01656 0.08684
v -0.24474 -0.03222 0.08684
v -0.23279 -0.04630 0.08684
v -0.21844 -0.05853 0.08684
v -0.20353 -0.06909 0.08684
v -0.18980 -0.07862 0.08684
v -0.17856 -0.08806 0.08684
v -0.17049 -0.09843 0.08684
v -0.16554 -0.11061 0.08684
v -0.16298 -0.12506 0.08684
v -0.16160 -0.14172 0.08684
v -0.15991 -0.15991 0.08684
v -0.15649 -0.17845 0.08684
v -0.15027 -0.19584 0.08684
v -0.14067 -0.21052 0.08684
v -0.12771 -0.22120 0.08684
v -0.11199 -0.22708 0.08684
v -0.09446 -0.22806 0.08684
v -0.07629 -0.22475 0.08684
v -0.05853 -0.21844 0.08684
v -0.04193 -0.21081 0.08684
v -0.02682 -0.20368 0.08684
v -0.01302 -0.19866 0.08684
v -0.00000 -0.19686 0.08684
v 0.01302 -0.19866 0.08684
v 0.02682 -0.20368 0.08684
v 0.04193 -0.21081 0.08684
v 0.05853 -0.21844 0.08684
v 0.07629 -0.22475 0.08684
v 0.09446 -0.22806 0.08684
v 0.11199 -0.22708 0.08684
v 0.12771 -0.22120 0.08684
v 0.14067 -0.21052 0.08684
v 0.15027 -0.19584 0.08684
v 0.15649 -0.17845 0.08684
v 0.15991 -0.15991 0.08684
v 0.16160 -0.14172 0.08684
v 0.16298 -0.12506 0.08684
v 0.16554 -0.11061 0.08684
v 0.17049 -0.09843 0.08684
v 0.17856 -0.08806 0.08684
v 0.18980 -0.07862 0.08684
v 0.20353 -0.06909 0.08684
v 0.21844 -0.05853 0.08684
v 0.23279 -0.04630 0.08684
v 0.24474 -0.03222 0.08684
v 0.25265 -0.01656 0.08684
v 0.24456 0.01603 0.09382
v 0.24714 0.00000 0.09382
v 0.23718 0.03123 0.09382
v 0.22604 0.04496 0.09382
v 0.21263 0.05697 0.09382
v 0.19866 0.06744 0.09382
v 0.18573 0.07693 0.09382
v 0.17505 0.08633 0.09382
v 0.16725 0.09656 0.09382
v 0.16229 0.10844 0.09382
v 0.15949 0.12238 0.09382
v 0.15773 0.13833 0.09382
v 0.15566 0.15566 0.09382
v 0.15196 0.17327 0.09382
v 0.14563 0.18979 0.09382
v 0.13616 0.20378 0.09382
v 0.12357 0.21403 0.09382
v 0.10840 0.21981 0.09382
v 0.09155 0.22102 0.09382
v 0.07408 0.21824 0.09382
v 0.05697 0.21263 0.09382
v 0.04093 0.20576 0.09382
v 0.02624 0.19931 0.09382
v 0.01277 0.19476 0.09382
v 0.00000 0.19312 0.09382
v -0.01277 0.19476 0.09382
v -0.02624 0.19931 0.09382
v -0.04093 0.20576 0.09382
v -0.05697 0.21263 0.09382
v -0.07408 0.21824 0.09382
v -0.09155 0.22102 0.09382
v -0.10840 0.21981 0.09382
v -0.12357 0.21403 0.09382
v -0.13616 0.20378 0.09382
v -0.14563 0.18979 0.09382
v -0.15196 0.17327 0.09382
v -0.15566 0.15566 0.09382
v -0.15773 0.13833 0.09382
v -0.15949 0.12238 0.09382
v -0.16229 0.10844 0.09382
v -0.16725 0.09656 0.09382
v -0.17505 0.08633 0.09382
v -0.18573 0.07693 0.09382
v -0.19866 0.06744 0.09382
v -0.21263 0.05697 0.09382
v -0.22604 0.04496 0.09382
v -0.23718 0.03123 0.09382
v -0.24456 0.01603 0.09382
v -0.24714 0.00000 0.09382
v -0.24456 -0.01603 0.09382
v -0.23718 -0.03123 0.09382
v -0.22604 -0.04496 0.09382
v -0.21263 -0.05697 0.09382
v -0.19866 -0.06744 0.09382
v -0.18573 -0.07693 0.09382
v -0.17505 -0.08633 0.09382
v -0.16725 -0.09656 0.09382
v -0.16229 -0.10844 0.09382
v -0.15949 -0.12238 0.09382
v -0.15773 -0.13833 0.09382
v -0.15566 -0.15566 0.09382
v -0.15196 -0.17327 0.09382
v -0.14563 -0.18979 0.09382
v -0.13616 -0.20378 0.09382
v -0.12357 -0.21403 0.09382
v -0.10840 -0.21981 0.09382
v -0.09155 -0.22102 0.09382
v -0.07408 -0.21824 0.09382
v -0.05697 -0.21263 0.09382
v -0.04093 -0.20576 0.09382
v -0.02624 -0.19931 0.09382
v -0.01277 -0.19476 0.09382
v -0.00000 -0.19312 0.09382
v 0.01277 -0.19476 0.09382
v 0.02624 -0.19931 0.09382
v 0.04093 -0.20576 0.09382
v 0.05697 -0.21263 0.09382
v 0.07408 -0.21824 0.09382
v 0.09155 -0.22102 0.09382
v 0.10840 -0.21981 0.09382
v 0.12357 -0.21403 0.09382
v 0.13616 -0.20378 0.09382
v 0.14563 -0.18979 0.09382
v 0.15196 -0.17327 0.09382
v 0.15566 -0.15566 0.09382
v 0.15773 -0.13833 0.09382
v 0.15949 -0.12238 0.09382
v 0.16229 -0.10844 0.09382
v 0.16725 -0.09656 0.09382
v 0.17505 -0.08633 0.09382
v 0.18573 -0.07693 0.09382
v 0.19866 -0.06744 0.09382
v 0.21263 -0.05697 0.09382
v 0.22604 -0.04496 0.09382
v 0.23718 -0.03123 0.09382
v 0.24456 -0.01603 0.09382
v 0.23522 0.01542 0.10061
v 0.23759 0.00000 0.10061
v 0.22844 0.03008 0.10061
v 0.21819 0.04340 0.10061
v 0.20583 0.05515 0.10061
v 0.19291 0.06548 0.10061
v 0.18087 0.07492 0.10061
v 0.17082 0.08424 0.10061
v 0.16333 0.09430 0.10061
v 0.15836 0.10581 0.10061
v 0.15531 0.11918 0.10061
v 0.15316 0.13432 0.10061
v 0.15068 0.15068 0.10061
v 0.14668 0.16726 0.10061
v 0.14027 0.18280 0.10061
v 0.13096 0.19600 0.10061
v 0.11880 0.20576 0.10061
v 0.10426 0.21142 0.10061
v 0.08818 0.21288 0.10061
v 0.07151 0.21066 0.10061
v 0.05515 0.20583 0.10061
v 0.03974 0.19980 0.10061
v 0.02555 0.19409 0.10061
v 0.01246 0.19005 0.10061
v 0.00000 0.18859 0.10061
v -0.01246 0.19005 0.10061
v -0.02555 0.19409 0.10061
v -0.03974 0.19980 0.10061
v -0.05515 0.20583 0.10061
v -0.07151 0.21066 0.10061
v -0.08818 0.21288 0.10061
v -0.10426 0.21142 0.10061
v -0.11880 0.20576 0.10061
v -0.13096 0.19600 0.10061
v -0.14027 0.18280 0.10061
v -0.14668 0.16726 0.10061
v -0.15068 0.15068 0.10061
v -0.15316 0.13432 0.10061
v -0.15531 0.11918 0.10061
v -0.15836 0.10581 0.10061
v -0.16333 0.09430 0.10061
v -0.17082 0.08424 0.10061
v -0.18087 0.07492 0.10061
v -0.19291 0.06548 0.10061
v -0.20583 0.05515 0.10061
v -0.21819 0.04340 0.10061
v -0.22844 0.03008 0.10061
v -0.23522 0.01542 0.10061
v -0.23759 0.00000 0.10061
v -0.23522 -0.01542 0.10061
v -0.22844 -0.03008 0.10061
v -0.21819 -0.04340 0.10061
v -0.20583 -0.05515 0.10061
v -0.19291 -0.06548 0.10061
v -0.18087 -0.07492 0.10061
v -0.17082 -0.08424 0.10061
v -0.16333 -0.09430 0.10061
v -0.15836 -0.10581 0.10061
v -0.15531 -0.11918 0.10061
v -0.15316 -0.13432 0.10061
v -0.15068 -0.15068 0.10061
v -0.14668 -0.16726 0.10061
v -0.14027 -0.18280 0.10061
v -0.13096 -0.19600 0.10061
v -0.11880 -0.20576 0.10061
v -0.10426 -0.21142 0.10061
v -0.08818 -0.21288 0.10061
v -0.07151 -0.21066 0.10061
v -0.05515 -0.20583 0.10061
v -0.03974 -0.19980 0.10061
v -0.02555 -0.19409 0.10061
v -0.01246 -0.19005 0.10061
v -0.00000 -0.18859 0.10061
v 0.01246 -0.19005 0.10061
v 0.02555 -0.19409 0.10061
v 0.03974 -0.19980 0.10061
v 0.05515 -0.20583 0.10061
v 0.07151 -0.21066 0.10061
v 0.08818 -0.21288 0.10061
v 0.10426 -0.21142 0.10061
v 0.11880 -0.20576 0.10061
v 0.13096 -0.19600 0.10061
v 0.14027 -0.18280 0.10061
v 0.14668 -0.16726 0.10061
v 0.15068 -0.15068 0.10061
v 0.15316 -0.13432 0.10061
v 0.15531 -0.11918 0.10061
v 0.15836 -0.10581 0.10061
v 0.16333 -0.09430 0.10061
v 0.17082 -0.08424 0.10061
v 0.18087 -0.07492 0.10061
v 0.19291 -0.06548 0.10061
v 0.20583 -0.05515 0.10061
v 0.21819 -0.04340 0.10061
v 0.22844 -0.03008 0.10061
v 0.23522 -0.01542 0.10061
v 0.22475 0.01473 0.10715
v 0.22689 0.00000 0.10715
v 0.21861 0.02878 0.10715
v 0.20931 0.04164 0.10715
v 0.19807 0.05307 0.10715
v 0.18627 0.06323 0.10715
v 0.17519 0.07257 0.10715
v 0.16582 0.08178 0.10715
v 0.15868 0.09161 0.10715
v 0.15373 0.10272 0.10715
v 0.15044 0.11544 0.10715
v 0.14789 0.12970 0.10715
v 0.14500 0.14500 0.10715
v 0.14071 0.16045 0.10715
v 0.13423 0.17493 0.10715
v 0.12513 0.18727 0.10715
v 0.11345 0.19649 0.10715
v 0.09962 0.20200 0.10715
v 0.08438 0.20371 0.10715
v 0.06860 0.20209 0.10715
v 0.05307 0.19807 0.10715
v 0.03838 0.19293 0.10715
v 0.02475 0.18800 0.10715
v 0.01209 0.18450 0.10715
v 0.00000 0.18323 0.10715
v -0.01209 0.18450 0.10715
v -0.02475 0.18800 0.10715
v -0.03838 0.19293 0.10715
v -0.05307 0.19807 0.10715
v -0.06860 0.20209 0.10715
v -0.08438 0.20371 0.10715
v -0.09962 0.20200 0.10715
v -0.11345 0.19649 0.10715
v -0.12513 0.18727 0.10715
v -0.13423 0.17493 0.10715
v -0.14071 0.16045 0.10715
v -0.14500 0.14500 0.10715
v -0.14789 0.12970 0.10715
v -0.15044 0.11544 0.10715
v -0.15373 0.10272 0.10715
v -0.15868 0.09161 0.10715
v -0.16582 0.08178 0.10715
v -0.17519 0.07257 0.10715
v -0.18627 0.06323 0.10715
v -0.19807 0.05307 0.10715
v -0.20931 0.04164 0.10715
v -0.21861 0.02878 0.10715
v -0.22475 0.01473 0.10715
v -0.22689 0.00000 0.10715
v -0.22475 -0.01473 0.10715
v -0.21861 -0.02878 0.10715
v -0.20931 -0.04164 0.10715
v -0.19807 -0.05307 0.10715
v -0.18627 -0.06323 0.10715
v -0.17519 -0.07257 0.10715
v -0.16582 -0.08178 0.10715
v -0.15868 -0.09161 0.10715
v -0.15373 -0.10272 0.10715
v -0.15044 -0.11544 0.10715
v -0.14789 -0.12970 0.10715
v -0.14500 -0.14500 0.10715
v -0.14071 -0.16045 0.10715
v -0.13423 -0.17493 0.10715
v -0.12513 -0.18727 0.10715
v -0.11345 -0.19649 0.10715
v -0.09962 -0.20200 0.10715
v -0.08438 -0.20371 0.10715
v -0.06860 -0.20209 0.10715
v -0.05307 -0.19807 0.10715
v -0.03838 -0.19293 0.10715
v -0.02475 -0.18800 0.10715
v -0.01209 -0.18450 0.10715
v -0.00000 -0.18323 0.10715
v 0.01209 -0.18450 0.10715
v 0.02475 -0.18800 0.10715
v 0.03838 -0.19293 0.10715
v 0.05307 -0.19807 0.10715
v 0.06860 -0.20209 0.10715
v 0.08438 -0.20371 0.10715
v 0.09962 -0.20200 0.10715
v 0.11345 -0.19649 0.10715
v 0.12513 -0.18727 0.10715
v 0.13423 -0.17493 0.10715
v 0.14071 -0.16045 0.10715
v 0.14500 -0.14500 0.10715
v 0.14789 -0.12970 0.10715
v 0.15044 -0.11544 0.10715
v 0.15373 -0.10272 0.10715
v 0.15868 -0.09161 0.10715
v 0.16582 -0.08178 0.10715
v 0.17519 -0.07257 0.10715
v 0.18627 -0.06323 0.10715
v 0.19807 -0.05307 0.10715
v 0.20931 -0.04164 0.10715
v 0.21861 -0.02878 0.10715
v 0.22475 -0.01473 0.10715
v 0.21325 0.01398 0.11343
v 0.21516 0.00000 0.11343
v 0.20777 0.02735 0.11343
v 0.19947 0.03968 0.11343
v 0.18939 0.05075 0.11343
v 0.17875 0.06068 0.11343
v 0.16868 0.06987 0.11343
v 0.16004 0.07892 0.11343
v 0.15328 0.08849 0.11343
v 0.14837 0.09914 0.11343
v 0.14485 0.11115 0.11343
v 0.14192 0.12446 0.11343
v 0.13864 0.13864 0.11343
v 0.13410 0.15291 0.11343
v 0.12758 0.16626 0.11343
v 0.11873 0.17769 0.11343
v 0.10758 0.18633 0.11343
v 0.09452 0.19167 0.11343
v 0.08020 0.19362 0.11343
v 0.06537 0.19258 0.11343
v 0.05075 0.18939 0.11343
v 0.03683 0.18514 0.11343
v 0.02383 0.18102 0.11343
v 0.01167 0.17806 0.11343
v 0.00000 0.17699 0.11343
v -0.01167 0.17806 0.11343
v -0.02383 0.18102 0.11343
v -0.03683 0.18514 0.11343
v -0.05075 0.18939 0.11343
v -0.06537 0.19258 0.11343
v -0.08020 0.19362 0.11343
v -0.09452 0.19167 0.11343
v -0.10758 0.18633 0.11343
v -0.11873 0.17769 0.11343
v -0.12758 0.16626 0.11343
v -0.13410 0.15291 0.11343
v -0.13864 0.13864 0.11343
v -0.14192 0.12446 0.11343
v -0.14485 0.11115 0.11343
v -0.14837 0.09914 0.11343
v -0.15328 0.08849 0.11343
v -0.16004 0.07892 0.11343
v -0.16868 0.06987 0.11343
v -0.17875 0.06068 0.11343
v -0.18939 0.05075 0.11343
v -0.19947 0.03968 0.11343
v -0.20777 0.02735 0.11343
v -0.21325 0.01398 0.11343
v -0.21516 0.00000 0.11343
v -0.21325 -0.01398 0.11343
v -0.20777 -0.02735 0.11343
v -0.19947 -0.03968 0.11343
v -0.18939 -0.05075 0.11343
v -0.17875 -0.06068 0.11343
v -0.16868 -0.06987 0.11343
v -0.16004 -0.07892 0.11343
v -0.15328 -0.08849 0.11343
v -0.14837 -0.09914 0.11343
v -0.14485 -0.11115 0.11343
v -0.14192 -0.12446 0.11343
v -0.13864 -0.13864 0.11343
v -0.13410 -0.15291 0.11343
v -0.12758 -0.16626 0.11343
v -0.11873 -0.17769 0.11343
v -0.10758 -0.18633 0.11343
v -0.09452 -0.19167 0.11343
v -0.08020 -0.19362 0.11343
v -0.06537 -0.19258 0.11343
v -0.05075 -0.18939 0.11343
v -0.03683 -0.18514 0.11343
v -0.02383 -0.18102 0.11343
v -0.01167 -0.17806 0.11343
v -0.00000 -0.17699 0.11343
v 0.01167 -0.17806 0.11343
v 0.02383 -0.18102 0.11343
v 0.03683 -0.18514 0.11343
v 0.05075 -0.18939 0.11343
v 0.06537 -0.19258 0.11343
v 0.08020 -0.19362 0.11343
v 0.09452 -0.19167 0.11343
v 0.10758 -0.18633 0.11343
v 0.11873 -0.17769 0.11343
v 0.12758 -0.16626 0.11343
v 0.13410 -0.15291 0.11343
v 0.13864 -0.13864 0.11343
v 0.14192 -0.12446 0.11343
v 0.14485 -0.11115 0.11343
v 0.14837 -0.09914 0.11343
v 0.15328 -0.08849 0.11343
v 0.16004 -0.07892 0.11343
v 0.16868 -0.06987 0.11343
v 0.17875 -0.06068 0.11343
v 0.18939 -0.05075 0.11343
v 0.19947 -0.03968 0.11343
v 0.20777 -0.02735 0.11343
v 0.21325 -0.01398 0.11343
v 0.20083 0.01316 0.11942
v 0.20251 0.00000 0.11942
v 0.19603 0.02581 0.11942
v 0.18873 0.03754 0.11942
v 0.17983 0.04818 0.11942
v 0.17037 0.05783 0.11942
v 0.16133 0.06682 0.11942
v 0.15343 0.07567 0.11942
v 0.14708 0.08492 0.11942
v 0.14225 0.09505 0.11942
v 0.13853 0.10630 0.11942
v 0.13527 0.11863 0.11942
v 0.13164 0.13164 0.11942
v 0.12687 0.14467 0.11942
v 0.12037 0.15686 0.11942
v 0.11182 0.16734 0.11942
v 0.10125 0.17538 0.11942
v 0.08902 0.18051 0.11942
v 0.07567 0.18267 0.11942
v 0.06185 0.18221 0.11942
v 0.04818 0.17983 0.11942
v 0.03510 0.17646 0.11942
v 0.02279 0.17312 0.11942
v 0.01119 0.17071 0.11942
v 0.00000 0.16983 0.11942
v -0.01119 0.17071 0.11942
v -0.02279 0.17312 0.11942
v -0.03510 0.17646 0.11942
v -0.04818 0.17983 0.11942
v -0.06185 0.18221 0.11942
v -0.07567 0.18267 0.11942
v -0.08902 0.18051 0.11942
v -0.10125 0.17538 0.11942
v -0.11182 0.16734 0.11942
v -0.12037 0.15686 0.11942
v -0.12687 0.14467 0.11942
v -0.13164 0.13164 0.11942
v -0.13527 0.11863 0.11942
v -0.13853 0.10630 0.11942
v -0.14225 0.09505 0.11942
v -0.14708 0.08492 0.11942
v -0.15343 0.07567 0.11942
v -0.16133 0.06682 0.11942
v -0.17037 0.05783 0.11942
v -0.17983 0.04818 0.11942
v -0.18873 0.03754 0.11942
v -0.19603 0.02581 0.11942
v -0.20083 0.01316 0.11942
v -0.20251 0.00000 0.11942
v -0.20083 -0.01316 0.11942
v -0.19603 -0.02581 0.11942
v -0.18873 -0.03754 0.11942
v -0.17983 -0.04818 0.11942
v -0.17037 -0.05783 0.11942
v -0.16133 -0.06682 0.11942
v -0.15343 -0.07567 0.11942
v -0.14708 -0.08492 0.11942
v -0.14225 -0.09505 0.11942
v -0.13853 -0.10630 0.11942
v -0.13527 -0.11863 0.11942
v -0.13164 -0.13164 0.11942
v -0.12687 -0.14467 0.11942
v -0.12037 -0.15686 0.11942
v -0.11182 -0.16734 0.11942
v -0.10125 -0.17538 0.11942
v -0.08902 -0.18051 0.11942
v -0.07567 -0.18267 0.11942
v -0.06185 -0.18221 0.11942
v -0.04818 -0.17983 0.11942
v -0.03510 -0.17646 0.11942
v -0.02279 -0.17312 0.11942
v -0.01119 -0.17071 0.11942
v -0.00000 -0.16983 0.11942
v 0.01119 -0.17071 0.11942
v 0.02279 -0.17312 0.11942
v 0.03510 -0.17646 0.11942
v 0.04818 -0.17983 0.11942
v 0.06185 -0.18221 0.11942
v 0.07567 -0.18267 0.11942
v 0.08902 -0.18051 0.11942
v 0.10125 -0.17538 0.11942
v 0.11182 -0.16734 0.11942
v 0.12037 -0.15686 0.11942
v 0.12687 -0.14467 0.11942
v 0.13164 -0.13164 0.11942
v 0.13527 -0.11863 0.11942
v 0.13853 -0.10630 0.11942
v 0.14225 -0.09505 0.11942
v 0.14708 -0.08492 0.11942
v 0.15343 -0.07567 0.11942
v 0.16133 -0.06682 0.11942
v 0.17037 -0.05783 0.11942
v 0.17983 -0.04818 0.11942
v 0.18873 -0.03754 0.11942
v 0.19603 -0.02581 0.11942
v 0.20083 -0.01316 0.11942
v 0.18762 0.01230 0.12508
v 0.18906 0.00000 0.12508
v 0.18348 0.02416 0.12508
v 0.17716 0.03524 0.12508
v 0.16942 0.04540 0.12508
v 0.16114 0.05470 0.12508
v 0.15312 0.06343 0.12508
v 0.14599 0.07199 0.12508
v 0.14007 0.08087 0.12508
v 0.13535 0.09043 0.12508
v 0.13149 0.10090 0.12508
v 0.12794 0.11220 0.12508
v 0.12403 0.12403 0.12508
v 0.11910 0.13580 0.12508
v 0.11266 0.14682 0.12508
v 0.10446 0.15634 0.12508
v 0.09453 0.16373 0.12508
v 0.08316 0.16863 0.12508
v 0.07082 0.17097 0.12508
v 0.05806 0.17104 0.12508
v 0.04540 0.16942 0.12508
v 0.03320 0.16690 0.12508
v 0.02163 0.16432 0.12508
v 0.01065 0.16243 0.12508
v 0.00000 0.16174 0.12508
v -0.01065 0.16243 0.12508
v -0.02163 0.16432 0.12508
v -0.03320 0.16690 0.12508
v -0.04540 0.16942 0.12508
v -0.05806 0.17104 0.12508
v -0.07082 0.17097 0.12508
v -0.08316 0.16863 0.12508
v -0.09453 0.16373 0.12508
v -0.10446 0.15634 0.12508
v -0.11266 0.14682 0.12508
v -0.11910 0.13580 0.12508
v -0.12403 0.12403 0.12508
v -0.12794 0.11220 0.12508
v -0.13149 0.10090 0.12508
v -0.13535 0.09043 0.12508
v -0.14007 0.08087 0.12508
v -0.14599 0.07199 0.12508
v -0.15312 0.06343 0.12508
v -0.16114 0.05470 0.12508
v -0.16942 0.04540 0.12508
v -0.17716 0.03524 0.12508
v -0.18348 0.02416 0.12508
v -0.18762 0.01230 0.12508
v -0.18906 0.00000 0.12508
v -0.18762 -0.01230 0.12508
v -0.18348 -0.02416 0.12508
v -0.17716 -0.03524 0.12508
v -0.16942 -0.04540 0.12508
v -0.16114 -0.05470 0.12508
v -0.15312 -0.06343 0.12508
v -0.14599 -0.07199 0.12508
v -0.14007 -0.08087 0.12508
v -0.13535 -0.09043 0.12508
v -0.13149 -0.10090 0.12508
v -0.12794 -0.11220 0.12508
v -0.12403 -0.12403 0.12508
v -0.11910 -0.13580 0.12508
v -0.11266 -0.14682 0.12508
v -0.10446 -0.15634 0.12508
v -0.09453 -0.16373 0.12508
v -0.08316 -0.16863 0.12508
v -0.07082 -0.17097 0.12508
v -0.05806 -0.17104 0.12508
v -0.04540 -0.16942 0.12508
v -0.03320 -0.16690 0.12508
v -0.02163 -0.16432 0.12508
v -0.01065 -0.16243 0.12508
v -0.00000 -0.16174 0.12508
v 0.01065 -0.16243 0.12508
v 0.02163 -0.16432 0.12508
v 0.03320 -0.16690 0.12508
v 0.04540 -0.16942 0.12508
v 0.05806 -0.17104 0.12508
v 0.07082 -0.17097 0.12508
v 0.08316 -0.16863 0.12508
v 0.09453 -0.16373 0.12508
v 0.10446 -0.15634 0.12508
v 0.11266 -0.14682 0.12508
v 0.11910 -0.13580 0.12508
v 0.12403 -0.12403 0.12508
v 0.12794 -0.11220 0.12508
v 0.13149 -0.10090 0.12508
v 0.13535 -0.09043 0.12508
v 0.14007 -0.08087 0.12508
v 0.14599 -0.07199 0.12508
v 0.15312 -0.06343 0.12508
v 0.16114 -0.05470 0.12508
v 0.16942 -0.04540 0.12508
v 0.17716 -0.03524 0.12508
v 0.18348 -0.02416 0.12508
v 0.18762 -0.01230 0.12508
v 0.17372 0.01139 0.13039
v 0.17494 0.00000 0.13039
v 0.17021 0.02241 0.13039
v 0.16484 0.03279 0.13039
v 0.15823 0.04240 0.13039
v 0.15109 0.05129 0.13039
v 0.14407 0.05968 0.13039
v 0.13770 0.06790 0.13039
v 0.13223 0.07634 0.13039
v 0.12766 0.08530 0.13039
v 0.12372 0.09493 0.13039
v 0.11996 0.10520 0.13039
v 0.11583 0.11583 0.13039
v 0.11082 0.12636 0.13039
v 0.10451 0.13620 0.13039
v 0.09672 0.14475 0.13039
v 0.08747 0.15150 0.13039
v 0.07700 0.15614 0.13039
v 0.06570 0.15861 0.13039
v 0.05402 0.15915 0.13039
v 0.04240 0.15823 0.13039
v 0.03113 0.15649 0.13039
v 0.02035 0.15461 0.13039
v 0.01004 0.15320 0.13039
v 0.00000 0.15268 0.13039
v -0.01004 0.15320 0.13039
v -0.02035 0.15461 0.13039
v -0.03113 0.15649 0.13039
v -0.04240 0.15823 0.13039
v -0.05402 0.15915 0.13039
v -0.06570 0.15861 0.13039
v -0.07700 0.15614 0.13039
v -0.08747 0.15150 0.13039
v -0.09672 0.14475 0.13039
v -0.10451 0.13620 0.13039
v -0.11082 0.12636 0.13039
v -0.11583 0.11583 0.13039
v -0.11996 0.10520 0.13039
v -0.12372 0.09493 0.13039
v -0.12766 0.08530 0.13039
v -0.13223 0.07634 0.13039
v -0.13770 0.06790 0.13039
v -0.14407 0.05968 0.13039
v -0.15109 0.05129 0.13039
v -0.15823 0.04240 0.13039
v -0.16484 0.03279 0.13039
v -0.17021 0.02241 0.13039
v -0.17372 0.01139 0.13039
v -0.17494 0.00000 0.13039
v -0.17372 -0.01139 0.13039
v -0.17021 -0.02241 0.13039
v -0.16484 -0.03279 0.13039
v -0.15823 -0.04240 0.13039
v -0.15109 -0.05129 0.13039
v -0.14407 -0.05968 0.13039
v -0.13770 -0.06790 0.13039
v -0.13223 -0.07634 0.13039
v -0.12766 -0.08530 0.13039
v -0.12372 -0.09493 0.13039
v -0.11996 -0.10520 0.13039
v -0.11583 -0.11583 0.13039
v -0.11082 -0.12636 0.13039
v -0.10451 -0.13620 0.13039
v -0.09672 -0.14475 0.13039
v -0.08747 -0.15150 0.13039
v -0.07700 -0.15614 0.13039
v -0.06570 -0.15861 0.13039
v -0.05402 -0.15915 0.13039
v -0.04240 -0.15823 0.13039
v -0.03113 -0.15649 0.13039
v -0.02035 -0.15461 0.13039
v -0.01004 -0.15320 0.13039
v -0.00000 -0.15268 0.13039
v 0.01004 -0.15320 0.13039
v 0.02035 -0.15461 0.13039
v 0.03113 -0.15649 0.13039
v 0.04240 -0.15823 0.13039
v 0.05402 -0.15915 0.13039
v 0.06570 -0.15861 0.13039
v 0.07700 -0.15614 0.13039
v 0.08747 -0.15150 0.13039
v 0.09672 -0.14475 0.13039
v 0.10451 -0.13620 0.13039
v 0.11082 -0.12636 0.13039
v 0.11583 -0.11583 0.13039
v 0.11996 -0.10520 0.13039
v 0.12372 -0.09493 0.13039
v 0.12766 -0.08530 0.13039
v 0.13223 -0.07634 0.13039
v 0.13770 -0.06790 0.13039
v 0.14407 -0.05968 0.13039
v 0.15109 -0.05129 0.13039
v 0.15823 -0.04240 0.13039
v 0.16484 -0.03279 0.13039
v 0.17021 -0.02241 0.13039
v 0.17372 -0.01139 0.13039
v 0.15925 0.01044 0.13533
v 0.16026 0.00000 0.13533
v 0.15633 0.02058 0.13533
v 0.15185 0.03021 0.13533
v 0.14630 0.03920 0.13533
v 0.14024 0.04760 0.13533
v 0.13418 0.05558 0.13533
v 0.12855 0.06339 0.13533
v 0.12355 0.07133 0.13533
v 0.11918 0.07963 0.13533
v 0.11523 0.08842 0.13533
v 0.11134 0.09765 0.13533
v 0.10710 0.10710 0.13533
v 0.10208 0.11641 0.13533
v 0.09599 0.12510 0.13533
v 0.08866 0.13269 0.13533
v 0.08013 0.13879 0.13533
v 0.07058 0.14313 0.13533
v 0.06034 0.14568 0.13533
v 0.04977 0.14661 0.13533
v 0.03920 0.14630 0.13533
v 0.02889 0.14525 0.13533
v 0.01896 0.14400 0.13533
v 0.00937 0.14303 0.13533
v 0.00000 0.14266 0.13533
v -0.00937 0.14303 0.13533
v -0.01896 0.14400 0.13533
v -0.02889 0.14525 0.13533
v -0.03920 0.14630 0.13533
v -0.04977 0.14661 0.13533
v -0.06034 0.14568 0.13533
v -0.07058 0.14313 0.13533
v -0.08013 0.13879 0.13533
v -0.08866 0.13269 0.13533
v -0.09599 0.12510 0.13533
v -0.10208 0.11641 0.13533
v -0.10710 0.10710 0.13533
v -0.11134 0.09765 0.13533
v -0.11523 0.08842 0.13533
v -0.11918 0.07963 0.13533
v -0.12355 0.07133 0.13533
v -0.12855 0.06339 0.13533
v -0.13418 0.05558 0.13533
v -0.14024 0.04760 0.13533
v -0.14630 0.03920 0.13533
v -0.15185 0.03021 0.13533
v -0.15633 0.02058 0.13533
v -0.15925 0.01044 0.13533
v -0.16026 0.00000 0.13533
v -0.15925 -0.01044 0.13533
v -0.15633 -0.02058 0.13533
v -0.15185 -0.03021 0.13533
v -0.14630 -0.03920 0.13533
v -0.14024 -0.04760 0.13533
v -0.13418 -0.05558 0.13533
v -0.12855 -0.06339 0.13533
v -0.12355 -0.07133 0.13533
v -0.11918 -0.07963 0.13533
v -0.11523 -0.08842 0.13533
v -0.11134 -0.09765 0.13533
v -0.10710 -0.10710 0.13533
v -0.10208 -0.11641 0.13533
v -0.09599 -0.12510 0.13533
v -0.08866 -0.13269 0.13533
v -0.08013 -0.13879 0.13533
v -0.07058 -0.14313 0.13533
v -0.06034 -0.14568 0.13533
v -0.04977 -0.14661 0.13533
v -0.03920 -0.14630 0.13533
v -0.02889 -0.14525 0.13533
v -0.01896 -0.14400 0.13533
v -0.00937 -0.14303 0.13533
v -0.00000 -0.14266 0.13533
v 0.00937 -0.14303 0.13533
v 0.01896 -0.14400 0.13533
v 0.02889 -0.14525 0.13533
v 0.03920 -0.14630 0.13533
v 0.04977 -0.14661 0.13533
v 0.06034 -0.14568 0.13533
v 0.07058 -0.14313 0.13533
v 0.08013 -0.13879 0.13533
v 0.08866 -0.13269 0.13533
v 0.09599 -0.12510 0.13533
v 0.10208 -0.11641 0.13533
v 0.10710 -0.10710 0.13533
v 0.11134 -0.09765 0.13533
v 0.11523 -0.08842 0.13533
v 0.11918 -0.07963 0.13533
v 0.12355 -0.07133 0.13533
v 0.12855 -0.06339 0.13533
v 0.13418 -0.05558 0.13533
v 0.14024 -0.04760 0.13533
v 0.14630 -0.03920 0.13533
v 0.15185 -0.03021 0.13533
v 0.15633 -0.02058 0.13533
v 0.15925 -0.01044 0.13533
v 0.14430 0.00946 0.13987
v 0.14512 0.00000 0.13987
v 0.14192 0.01868 0.13987
v 0.13826 0.02750 0.13987
v 0.13369 0.03582 0.13987
v 0.12863 0.04366 0.13987
v 0.12348 0.05115 0.13987
v 0.11857 0.05847 0.13987
v 0.11405 0.06585 0.13987
v 0.10992 0.07345 0.13987
v 0.10604 0.08137 0.13987
v 0.10213 0.08956 0.13987
v 0.09787 0.09787 0.13987
v 0.09295 0.10599 0.13987
v 0.08714 0.11357 0.13987
v 0.08034 0.12023 0.13987
v 0.07256 0.12567 0.13987
v 0.06396 0.12969 0.13987
v 0.05478 0.13225 0.13987
v 0.04531 0.13349 0.13987
v 0.03582 0.13369 0.13987
v 0.02650 0.13322 0.13987
v 0.01745 0.13251 0.13987
v 0.00865 0.13192 0.13987
v 0.00000 0.13169 0.13987
v -0.00865 0.13192 0.13987
v -0.01745 0.13251 0.13987
v -0.02650 0.13322 0.13987
v -0.03582 0.13369 0.13987
v -0.04531 0.13349 0.13987
v -0.05478 0.13225 0.13987
v -0.06396 0.12969 0.13987
v -0.07256 0.12567 0.13987
v -0.08034 0.12023 0.13987
v -0.08714 0.11357 0.13987
v -0.09295 0.10599 0.13987
v -0.09787 0.09787 0.13987
v -0.10213 0.08956 0.13987
v -0.10604 0.08137 0.13987
v -0.10992 0.07345 0.13987
v -0.11405 0.06585 0.13987
v -0.11857 0.05847 0.13987
v -0.12348 0.05115 0.13987
v -0.12863 0.04366 0.13987
v -0.13369 0.03582 0.13987
v -0.13826 0.02750 0.13987
v -0.14192 0.01868 0.13987
v -0.14430 0.00946 0.13987
v -0.14512 0.00000 0.13987
v -0.14430 -0.00946 0.13987
v -0.14192 -0.01868 0.13987
v -0.13826 -0.02750 0.13987
v -0.13369 -0.03582 0.13987
v -0.12863 -0.04366 0.13987
v -0.12348 -0.05115 0.13987
v -0.11857 -0.05847 0.13987
v -0.11405 -0.06585 0.13987
v -0.10992 -0.07345 0.13987
v -0.10604 -0.08137 0.13987
v -0.10213 -0.08956 0.13987
v -0.09787 -0.09787 0.13987
v -0.09295 -0.10599 0.13987
v -0.08714 -0.11357 0.13987
v -0.08034 -0.12023 0.13987
v -0.07256 -0.12567 0.13987
v -0.06396 -0.12969 0.13987
v -0.05478 -0.13225 0.13987
v -0.04531 -0.13349 0.13987
v -0.03582 -0.13369 0.13987
v -0.02650 -0.13322 0.13987
v -0.01745 -0.13251 0.13987
v -0.00865 -0.13192 0.13987
v -0.00000 -0.13169 0.13987
v 0.00865 -0.13192 0.13987
v 0.01745 -0.13251 0.13987
v 0.02650 -0.13322 0.13987
v 0.03582 -0.13369 0.13987
v 0.04531 -0.13349 0.13987
v 0.05478 -0.13225 0.13987
v 0.06396 -0.12969 0.13987
v 0.07256 -0.12567 0.13987
v 0.08034 -0.12023 0.13987
v 0.08714 -0.11357 0.13987
v 0.09295 -0.10599 0.13987
v 0.09787 -0.09787 0.13987
v 0.10213 -0.08956 0.13987
v 0.10604 -0.08137 0.13987
v 0.10992 -0.07345 0.13987
v 0.11405 -0.06585 0.13987
v 0.11857 -0.05847 0.13987
v 0.12348 -0.05115 0.13987
v 0.12863 -0.04366 0.13987
v 0.13369 -0.03582 0.13987
v 0.13826 -0.02750 0.13987
v 0.14192 -0.01868 0.13987
v 0.14430 -0.00946 0.13987
v 0.12896 0.00845 0.14399
v 0.12961 0.00000 0.14399
v 0.12708 0.01673 0.14399
v 0.12415 0.02469 0.14399
v 0.12045 0.03227 0.14399
v 0.11630 0.03948 0.14399
v 0.11200 0.04639 0.14399
v 0.10777 0.05315 0.14399
v 0.10374 0.05990 0.14399
v 0.09991 0.06676 0.14399
v 0.09618 0.07380 0.14399
v 0.09234 0.08098 0.14399
v 0.08818 0.08818 0.14399
v 0.08346 0.09517 0.14399
v 0.07803 0.10169 0.14399
v 0.07180 0.10746 0.14399
v 0.06480 0.11225 0.14399
v 0.05716 0.11591 0.14399
v 0.04905 0.11842 0.14399
v 0.04069 0.11986 0.14399
v 0.03227 0.12045 0.14399
v 0.02396 0.12046 0.14399
v 0.01582 0.12019 0.14399
v 0.00786 0.11991 0.14399
v 0.00000 0.11979 0.14399
v -0.00786 0.11991 0.14399
v -0.01582 0.12019 0.14399
v -0.02396 0.12046 0.14399
v -0.03227 0.12045 0.14399
v -0.04069 0.11986 0.14399
v -0.04905 0.11842 0.14399
v -0.05716 0.11591 0.14399
v -0.06480 0.11225 0.14399
v -0.07180 0.10746 0.14399
v -0.07803 0.10169 0.14399
v -0.08346 0.09517 0.14399
v -0.08818 0.08818 0.14399
v -0.09234 0.08098 0.14399
v -0.09618 0.07380 0.14399
v -0.09991 0.06676 0.14399
v -0.10374 0.05990 0.14399
v -0.10777 0.05315 0.14399
v -0.11200 0.04639 0.14399
v -0.11630 0.03948 0.14399
v -0.12045 0.03227 0.14399
v -0.12415 0.02469 0.14399
v -0.12708 0.01673 0.14399
v -0.12896 0.00845 0.14399
v -0.12961 0.00000 0.14399
v -0.12896 -0.00845 0.14399
v -0.12708 -0.01673 0.14399
v -0.12415 -0.02469 0.14399
v -0.12045 -0.03227 0.14399
v -0.11630 -0.03948 0.14399
v -0.11200 -0.04639 0.14399
v -0.10777 -0.05315 0.14399
v -0.10374 -0.05990 0.14399
v -0.09991 -0.06676 0.14399
v -0.09618 -0.07380 0.14399
v -0.09234 -0.08098 0.14399
v -0.08818 -0.08818 0.14399
v -0.08346 -0.09517 0.14399
v -0.07803 -0.10169 0.14399
v -0.07180 -0.10746 0.14399
v -0.06480 -0.11225 0.14399
v -0.05716 -0.11591 0.14399
v -0.04905 -0.11842 0.14399
v -0.04069 -0.11986 0.14399
v -0.03227 -0.12045 0.14399
v -0.02396 -0.12046 0.14399
v -0.01582 -0.12019 0.14399
v -0.00786 -0.11991 0.14399
v -0.00000 -0.11979 0.14399
v 0.00786 -0.11991 0.14399
v 0.01582 -0.12019 0.14399
v 0.02396 -0.12046 0.14399
v 0.03227 -0.12045 0.14399
v 0.04069 -0.11986 0.14399
v 0.04905 -0.11842 0.14399
v 0.05716 -0.11591 0.14399
v 0.06480 -0.11225 0.14399
v 0.07180 -0.10746 0.14399
v 0.07803 -0.10169 0.14399
v 0.08346 -0.09517 0.14399
v 0.08818 -0.08818 0.14399
v 0.09234 -0.08098 0.14399
v 0.09618 -0.07380 0.14399
v 0.09991 -0.06676 0.14399
v 0.10374 -0.05990 0.14399
v 0.10777 -0.05315 0.14399
v 0.11200 -0.04639 0.14399
v 0.11630 -0.03948 0.14399
v 0.12045 -0.03227 0.14399
v 0.12415 -0.02469 0.14399
v 0.12708 -0.01673 0.14399
v 0.12896 -0.00845 0.14399
v 0.11332 0.00743 0.14767
v 0.11382 0.00000 0.14767
v 0.11186 0.01473 0.14767
v 0.10957 0.02180 0.14767
v 0.10665 0.02858 0.14767
v 0.10332 0.03507 0.14767
v 0.09978 0.04133 0.14767
v 0.09620 0.04744 0.14767
v 0.09267 0.05350 0.14767
v 0.08919 0.05959 0.14767
v 0.08569 0.06575 0.14767
v 0.08203 0.07194 0.14767
v 0.07808 0.07808 0.14767
v 0.07366 0.08400 0.14767
v 0.06868 0.08951 0.14767
v 0.06309 0.09443 0.14767
v 0.05691 0.09857 0.14767
v 0.05023 0.10185 0.14767
v 0.04318 0.10424 0.14767
v 0.03591 0.10579 0.14767
v 0.02858 0.10665 0.14767
v 0.02129 0.10701 0.14767
v 0.01410 0.10708 0.14767
v 0.00702 0.10704 0.14767
v 0.00000 0.10701 0.14767
v -0.00702 0.10704 0.14767
v -0.01410 0.10708 0.14767
v -0.02129 0.10701 0.14767
v -0.02858 0.10665 0.14767
v -0.03591 0.10579 0.14767
v -0.04318 0.10424 0.14767
v -0.05023 0.10185 0.14767
v -0.05691 0.09857 0.14767
v -0.06309 0.09443 0.14767
v -0.06868 0.08951 0.14767
v -0.07366 0.08400 0.14767
v -0.07808 0.07808 0.14767
v -0.08203 0.07194 0.14767
v -0.08569 0.06575 0.14767
v -0.08919 0.05959 0.14767
v -0.09267 0.05350 0.14767
v -0.09620 0.04744 0.14767
v -0.09978 0.04133 0.14767
v -0.10332 0.03507 0.14767
v -0.10665 0.02858 0.14767
v -0.10957 0.02180 0.14767
v -0.11186 0.01473 0.14767
v -0.11332 0.00743 0.14767
v -0.11382 0.00000 0.14767
v -0.11332 -0.00743 0.14767
v -0.11186 -0.01473 0.14767
v -0.10957 -0.02180 0.14767
v -0.10665 -0.02858 0.14767
v -0.10332 -0.03507 0.14767
v -0.09978 -0.04133 0.14767
v -0.09620 -0.04744 0.14767
v -0.09267 -0.05350 0.14767
v -0.08919 -0.05959 0.14767
v -0.08569 -0.06575 0.14767
v -0.08203 -0.07194 0.14767
v -0.07808 -0.07808 0.14767
v -0.07366 -0.08400 0.14767
v -0.06868 -0.08951 0.14767
v -0.06309 -0.09443 0.14767
v -0.05691 -0.09857 0.14767
v -0.05023 -0.10185 0.14767
v -0.04318 -0.10424 0.14767
v -0.03591 -0.10579 0.14767
v -0.02858 -0.10665 0.14767
v -0.02129 -0.10701 0.14767
v -0.01410 -0.10708 0.14767
v -0.00702 -0.10704 0.14767
v -0.00000 -0.10701 0.14767
v 0.00702 -0.10704 0.14767
v 0.01410 -0.10708 0.14767
v 0.02129 -0.10701 0.14767
v 0.02858 -0.10665 0.14767
v 0.03591 -0.10579 0.14767
v 0.04318 -0.10424 0.14767
v 0.05023 -0.10185 0.14767
v 0.05691 -0.09857 0.14767
v 0.06309 -0.09443 0.14767
v 0.06868 -0.08951 0.14767
v 0.07366 -0.08400 0.14767
v 0.07808 -0.07808 0.14767
v 0.08203 -0.07194 0.14767
v 0.08569 -0.06575 0.14767
v 0.08919 -0.05959 0.14767
v 0.09267 -0.05350 0.14767
v 0.09620 -0.04744 0.14767
v 0.09978 -0.04133 0.14767
v 0.10332 -0.03507 0.14767
v 0.10665 -0.02858 0.14767
v 0.10957 -0.02180 0.14767
v 0.11186 -0.01473 0.14767
v 0.11332 -0.00743 0.14767
v 0.09745 0.00639 0.15089
v 0.09783 0.00000 0.15089
v 0.09635 0.01268 0.15089
v 0.09461 0.01882 0.15089
v 0.09236 0.02475 0.15089
v 0.08974 0.03046 0.15089
v 0.08689 0.03599 0.15089
v 0.08392 0.04139 0.15089
v 0.08089 0.04670 0.15089
v 0.07780 0.05199 0.15089
v 0.07462 0.05725 0.15089
v 0.07125 0.06249 0.15089
v 0.06761 0.06761 0.15089
v 0.06360 0.07252 0.15089
v 0.05916 0.07710 0.15089
v 0.05426 0.08120 0.15089
v 0.04891 0.08472 0.15089
v 0.04319 0.08759 0.15089
v 0.03719 0.08978 0.15089
v 0.03101 0.09134 0.15089
v 0.02475 0.09236 0.15089
v 0.01849 0.09295 0.15089
v 0.01228 0.09325 0.15089
v 0.00612 0.09337 0.15089
v 0.00000 0.09340 0.15089
v -0.00612 0.09337 0.15089
v -0.01228 0.09325 0.15089
v -0.01849 0.09295 0.15089
v -0.02475 0.09236 0.15089
v -0.03101 0.09134 0.15089
v -0.03719 0.08978 0.15089
v -0.04319 0.08759 0.15089
v -0.04891 0.08472 0.15089
v -0.05426 0.08120 0.15089
v -0.05916 0.07710 0.15089
v -0.06360 0.07252 0.15089
v -0.06761 0.06761 0.15089
v -0.07125 0.06249 0.15089
v -0.07462 0.05725 0.15089
v -0.07780 0.05199 0.15089
v -0.08089 0.04670 0.15089
v -0.08392 0.04139 0.15089
v -0.08689 0.03599 0.15089
v -0.08974 0.03046 0.15089
v -0.09236 0.02475 0.15089
v -0.09461 0.01882 0.15089
v -0.09635 0.01268 0.15089
v -0.09745 0.00639 0.15089
v -0.09783 0.00000 0.15089
v -0.09745 -0.00639 0.15089
v -0.09635 -0.01268 0.15089
v -0.09461 -0.01882 0.15089
v -0.09236 -0.02475 0.15089
v -0.08974 -0.03046 0.15089
v -0.08689 -0.03599 0.15089
v -0.08392 -0.04139 0.15089
v -0.08089 -0.04670 0.15089
v -0.07780 -0.05199 0.15089
v -0.07462 -0.05725 0.15089
v -0.07125 -0.06249 0.15089
v -0.06761 -0.06761 0.15089
v -0.06360 -0.07252 0.15089
v -0.05916 -0.07710 0.15089
v -0.05426 -0.08120 0.15089
v -0.04891 -0.08472 0.15089
v -0.04319 -0.08759 0.15089
v -0.03719 -0.08978 0.15089
v -0.03101 -0.09134 0.15089
v -0.02475 -0.09236 0.15089
v -0.01849 -0.09295 0.15089
v -0.01228 -0.09325 0.15089
v -0.00612 -0.09337 0.15089
v -0.00000 -0.09340 0.15089
v 0.00612 -0.09337 0.15089
v 0.01228 -0.09325 0.15089
v 0.01849 -0.09295 0.15089
v 0.02475 -0.09236 0.15089
v 0.03101 -0.09134 0.15089
v 0.03719 -0.08978 0.15089
v 0.04319 -0.08759 0.15089
v 0.04891 -0.08472 0.15089
v 0.05426 -0.08120 0.15089
v 0.05916 -0.07710 0.15089
v 0.06360 -0.07252 0.15089
v 0.06761 -0.06761 0.15089
v 0.07125 -0.06249 0.15089
v 0.07462 -0.05725 0.15089
v 0.07780 -0.05199 0.15089
v 0.08089 -0.04670 0.15089
v 0.08392 -0.04139 0.15089
v 0.08689 -0.03599 0.15089
v 0.08974 -0.03046 0.15089
v 0.09236 -0.02475 0.15089
v 0.09461 -0.01882 0.15089
v 0.09635 -0.01268 0.15089
v 0.09745 -0.00639 0.15089
v 0.08141 0.00534 0.15365
v 0.08169 0.00000 0.15365
v 0.08061 0.01061 0.15365
v 0.07932 0.01578 0.15365
v 0.07763 0.02080 0.15365
v 0.07563 0.02567 0.15365
v 0.07339 0.03040 0.15365
v 0.07099 0.03501 0.15365
v 0.06847 0.03953 0.15365
v 0.06582 0.04398 0.15365
v 0.06303 0.04836 0.15365
v 0.06005 0.05266 0.15365
v 0.05683 0.05683 0.15365
v 0.05332 0.06080 0.15365
v 0.04949 0.06450 0.15365
v 0.04533 0.06784 0.15365
v 0.04084 0.07074 0.15365
v 0.03608 0.07317 0.15365
v 0.03111 0.07511 0.15365
v 0.02600 0.07658 0.15365
v 0.02080 0.07763 0.15365
v 0.01558 0.07833 0.15365
v 0.01037 0.07876 0.15365
v 0.00518 0.07899 0.15365
v 0.00000 0.07906 0.15365
v -0.00518 0.07899 0.15365
v -0.01037 0.07876 0.15365
v -0.01558 0.07833 0.15365
v -0.02080 0.07763 0.15365
v -0.02600 0.07658 0.15365
v -0.03111 0.07511 0.15365
v -0.03608 0.07317 0.15365
v -0.04084 0.07074 0.15365
v -0.04533 0.06784 0.15365
v -0.04949 0.06450 0.15365
v -0.05332 0.06080 0.15365
v -0.05683 0.05683 0.15365
v -0.06005 0.05266 0.15365
v -0.06303 0.04836 0.15365
v -0.06582 0.04398 0.15365
v -0.06847 0.03953 0.15365
v -0.07099 0.03501 0.15365
v -0.07339 0.03040 0.15365
v -0.07563 0.02567 0.15365
v -0.07763 0.02080 0.15365
v -0.07932 0.01578 0.15365
v -0.08061 0.01061 0.15365
v -0.08141 0.00534 0.15365
v -0.08169 0.00000 0.15365
v -0.08141 -0.00534 0.15365
v -0.08061 -0.01061 0.15365
v -0.07932 -0.01578 0.15365
v -0.07763 -0.02080 0.15365
v -0.07563 -0.02567 0.15365
v -0.07339 -0.03040 0.15365
v -0.07099 -0.03501 0.15365
v -0.06847 -0.03953 0.15365
v -0.06582 -0.04398 0.15365
v -0.06303 -0.04836 0.15365
v -0.06005 -0.05266 0.15365
v -0.05683 -0.05683 0.15365
v -0.05332 -0.06080 0.15365
v -0.04949 -0.06450 0.15365
v -0.04533 -0.06784 0.15365
v -0.04084 -0.07074 0.15365
v -0.03608 -0.07317 0.15365
v -0.03111 -0.07511 0.15365
v -0.02600 -0.07658 0.15365
v -0.02080 -0.07763 0.15365
v -0.01558 -0.07833 0.15365
v -0.01037 -0.07876 0.15365
v -0.00518 -0.07899 0.15365
v -0.00000 -0.07906 0.15365
v 0.00518 -0.07899 0.15365
v 0.01037 -0.07876 0.15365
v 0.01558 -0.07833 0.15365
v 0.02080 -0.07763 0.15365
v 0.02600 -0.07658 0.15365
v 0.03111 -0.07511 0.15365
v 0.03608 -0.07317 0.15365
v 0.04084 -0.07074 0.15365
v 0.04533 -0.06784 0.15365
v 0.04949 -0.06450 0.15365
v 0.05332 -0.06080 0.15365
v 0.05683 -0.05683 0.15365
v 0.06005 -0.05266 0.15365
v 0.06303 -0.04836 0.15365
v 0.06582 -0.04398 0.15365
v 0.06847 -0.03953 0.15365
v 0.07099 -0.03501 0.15365
v 0.07339 -0.03040 0.15365
v 0.07563 -0.02567 0.15365
v 0.07763 -0.02080 0.15365
v 0.07932 -0.01578 0.15365
v 0.08061 -0.01061 0.15365
v 0.08141 -0.00534 0.15365
v 0.06525 0.00428 0.15592
v 0.06544 0.00000 0.15592
v 0.06468 0.00852 0.15592
v 0.06377 0.01268 0.15592
v 0.06254 0.01676 0.15592
v 0.06107 0.02073 0.15592
v 0.05937 0.02459 0.15592
v 0.05750 0.02836 0.15592
v 0.05548 0.03203 0.15592
v 0.05331 0.03562 0.15592
v 0.05099 0.03912 0.15592
v 0.04848 0.04252 0.15592
v 0.04579 0.04579 0.15592
v 0.04287 0.04888 0.15592
v 0.03971 0.05176 0.15592
v 0.03633 0.05437 0.15592
v 0.03272 0.05667 0.15592
v 0.02892 0.05864 0.15592
v 0.02497 0.06027 0.15592
v 0.02090 0.06156 0.15592
v 0.01676 0.06254 0.15592
v 0.01258 0.06325 0.15592
v 0.00839 0.06372 0.15592
v 0.00419 0.06398 0.15592
v 0.00000 0.06406 0.15592
v -0.00419 0.06398 0.15592
v -0.00839 0.06372 0.15592
v -0.01258 0.06325 0.15592
v -0.01676 0.06254 0.15592
v -0.02090 0.06156 0.15592
v -0.02497 0.06027 0.15592
v -0.02892 0.05864 0.15592
v -0.03272 0.05667 0.15592
v -0.03633 0.05437 0.15592
v -0.03971 0.05176 0.15592
v -0.04287 0.04888 0.15592
v -0.04579 0.04579 0.15592
v -0.04848 0.04252 0.15592
v -0.05099 0.03912 0.15592
v -0.05331 0.03562 0.15592
v -0.05548 0.03203 0.15592
v -0.05750 0.02836 0.15592
v -0.05937 0.02459 0.15592
v -0.06107 0.02073 0.15592
v -0.06254 0.01676 0.15592
v -0.06377 0.01268 0.15592
v -0.06468 0.00852 0.15592
v -0.06525 0.00428 0.15592
v -0.06544 0.00000 0.15592
v -0.06525 -0.00428 0.15592
v -0.06468 -0.00852 0.15592
v -0.06377 -0.01268 0.15592
v -0.06254 -0.01676 0.15592
v -0.06107 -0.02073 0.15592
v -0.05937 -0.02459 0.15592
v -0.05750 -0.02836 0.15592
v -0.05548 -0.03203 0.15592
v -0.05331 -0.03562 0.15592
v -0.05099 -0.03912 0.15592
v -0.04848 -0.04252 0.15592
v -0.04579 -0.04579 0.15592
v -0.04287 -0.04888 0.15592
v -0.03971 -0.05176 0.15592
v -0.03633 -0.05437 0.15592
v -0.03272 -0.05667 0.15592
v -0.02892 -0.05864 0.15592
v -0.02497 -0.06027 0.15592
v -0.02090 -0.06156 0.15592
v -0.01676 -0.06254 0.15592
v -0.01258 -0.06325 0.15592
v -0.00839 -0.06372 0.15592
v -0.00419 -0.06398 0.15592
v -0.00000 -0.06406 0.15592
v 0.00419 -0.06398 0.15592
v 0.00839 -0.06372 0.15592
v 0.01258 -0.06325 0.15592
v 0.01676 -0.06254 0.15592
v 0.02090 -0.06156 0.15592
v 0.02497 -0.06027 0.15592
v 0.02892 -0.05864 0.15592
v 0.03272 -0.05667 0.15592
v 0.03633 -0.05437 0.15592
v 0.03971 -0.05176 0.15592
v 0.04287 -0.04888 0.15592
v 0.04579 -0.04579 0.15592
v 0.04848 -0.04252 0.15592
v 0.05099 -0.03912 0.15592
v 0.05331 -0.03562 0.15592
v 0.05548 -0.03203 0.15592
v 0.05750 -0.02836 0.15592
v 0.05937 -0.02459 0.15592
v 0.06107 -0.02073 0.15592
v 0.06254 -0.01676 0.15592
v 0.06377 -0.01268 0.15592
v 0.06468 -0.00852 0.15592
v 0.06525 -0.00428 0.15592
v 0.04900 0.00321 0.15770
v 0.04912 0.00000 0.15770
v 0.04862 0.00640 0.15770
v 0.04800 0.00955 0.15770
v 0.04717 0.01264 0.15770
v 0.04613 0.01566 0.15770
v 0.04492 0.01861 0.15770
v 0.04355 0.02148 0.15770
v 0.04203 0.02427 0.15770
v 0.04037 0.02698 0.15770
v 0.03857 0.02960 0.15770
v 0.03663 0.03212 0.15770
v 0.03453 0.03453 0.15770
v 0.03227 0.03680 0.15770
v 0.02985 0.03890 0.15770
v 0.02728 0.04083 0.15770
v 0.02456 0.04254 0.15770
v 0.02172 0.04404 0.15770
v 0.01877 0.04531 0.15770
v 0.01573 0.04634 0.15770
v 0.01264 0.04717 0.15770
v 0.00950 0.04778 0.15770
v 0.00635 0.04821 0.15770
v 0.00318 0.04845 0.15770
v 0.00000 0.04853 0.15770
v -0.00318 0.04845 0.15770
v -0.00635 0.04821 0.15770
v -0.00950 0.04778 0.15770
v -0.01264 0.04717 0.15770
v -0.01573 0.04634 0.15770
v -0.01877 0.04531 0.15770
v -0.02172 0.04404 0.15770
v -0.02456 0.04254 0.15770
v -0.02728 0.04083 0.15770
v -0.02985 0.03890 0.15770
v -0.03227 0.03680 0.15770
v -0.03453 0.03453 0.15770
v -0.03663 0.03212 0.15770
v -0.03857 0.02960 0.15770
v -0.04037 0.02698 0.15770
v -0.04203 0.02427 0.15770
v -0.04355 0.02148 0.15770
v -0.04492 0.01861 0.15770
v -0.04613 0.01566 0.15770
v -0.04717 0.01264 0.15770
v -0.04800 0.00955 0.15770
v -0.04862 0.00640 0.15770
v -0.04900 0.00321 0.15770
v -0.04912 0.00000 0.15770
v -0.04900 -0.00321 0.15770
v -0.04862 -0.00640 0.15770
v -0.04800 -0.00955 0.15770
v -0.04717 -0.01264 0.15770
v -0.04613 -0.01566 0.15770
v -0.04492 -0.01861 0.15770
v -0.04355 -0.02148 0.15770
v -0.04203 -0.02427 0.15770
v -0.04037 -0.02698 0.15770
v -0.03857 -0.02960 0.15770
v -0.03663 -0.03212 0.15770
v -0.03453 -0.03453 0.15770
v -0.03227 -0.03680 0.15770
v -0.02985 -0.03890 0.15770
v -0.02728 -0.04083 0.15770
v -0.02456 -0.04254 0.15770
v -0.02172 -0.04404 0.15770
v -0.01877 -0.04531 0.15770
v -0.01573 -0.04634 0.15770
v -0.01264 -0.04717 0.15770
v -0.00950 -0.04778 0.15770
v -0.00635 -0.04821 0.15770
v -0.00318 -0.04845 0.15770
v -0.00000 -0.04853 0.15770
v 0.00318 -0.04845 0.15770
v 0.00635 -0.04821 0.15770
v 0.00950 -0.04778 0.15770
v 0.01264 -0.04717 0.15770
v 0.01573 -0.04634 0.15770
v 0.01877 -0.04531 0.15770
v 0.02172 -0.04404 0.15770
v 0.02456 -0.04254 0.15770
v 0.02728 -0.04083 0.15770
v 0.02985 -0.03890 0.15770
v 0.03227 -0.03680 0.15770
v 0.03453 -0.03453 0.15770
v 0.03663 -0.03212 0.15770
v 0.03857 -0.02960 0.15770
v 0.04037 -0.02698 0.15770
v 0.04203 -0.02427 0.15770
v 0.04355 -0.02148 0.15770
v 0.04492 -0.01861 0.15770
v 0.04613 -0.01566 0.15770
v 0.04717 -0.01264 0.15770
v 0.04800 -0.00955 0.15770
v 0.04862 -0.00640 0.15770
v 0.04900 -0.00321 0.15770
v 0.03269 0.00214 0.15898
v 0.03277 0.00000 0.15898
v 0.03246 0.00427 0.15898
v 0.03209 0.00638 0.15898
v 0.03157 0.00846 0.15898
v 0.03091 0.01049 0.15898
v 0.03013 0.01248 0.15898
v 0.02924 0.01442 0.15898
v 0.02823 0.01630 0.15898
v 0.02710 0.01811 0.15898
v 0.02588 0.01986 0.15898
v 0.02454 0.02153 0.15898
v 0.02311 0.02311 0.15898
v 0.02157 0.02460 0.15898
v 0.01993 0.02598 0.15898
v 0.01820 0.02724 0.15898
v 0.01638 0.02838 0.15898
v 0.01449 0.02938 0.15898
v 0.01253 0.03025 0.15898
v 0.01052 0.03098 0.15898
v 0.00846 0.03157 0.15898
v 0.00637 0.03202 0.15898
v 0.00426 0.03234 0.15898
v 0.00213 0.03253 0.15898
v 0.00000 0.03259 0.15898
v -0.00213 0.03253 0.15898
v -0.00426 0.03234 0.15898
v -0.00637 0.03202 0.15898
v -0.00846 0.03157 0.15898
v -0.01052 0.03098 0.15898
v -0.01253 0.03025 0.15898
v -0.01449 0.02938 0.15898
v -0.01638 0.02838 0.15898
v -0.01820 0.02724 0.15898
v -0.01993 0.02598 0.15898
v -0.02157 0.02460 0.15898
v -0.02311 0.02311 0.15898
v -0.02454 0.02153 0.15898
v -0.02588 0.01986 0.15898
v -0.02710 0.01811 0.15898
v -0.02823 0.01630 0.15898
v -0.02924 0.01442 0.15898
v -0.03013 0.01248 0.15898
v -0.03091 0.01049 0.15898
v -0.03157 0.00846 0.15898
v -0.03209 0.00638 0.15898
v -0.03246 0.00427 0.15898
v -0.03269 0.00214 0.15898
v -0.03277 0.00000 0.15898
v -0.03269 -0.00214 0.15898
v -0.03246 -0.00427 0.15898
v -0.03209 -0.00638 0.15898
v -0.03157 -0.00846 0.15898
v -0.03091 -0.01049 0.15898
v -0.03013 -0.01248 0.15898
v -0.02924 -0.01442 0.15898
v -0.02823 -0.01630 0.15898
v -0.02710 -0.01811 0.15898
v -0.02588 -0.01986 0.15898
v -0.02454 -0.02153 0.15898
v -0.02311 -0.02311 0.15898
v -0.02157 -0.02460 0.15898
v -0.01993 -0.02598 0.15898
v -0.01820 -0.02724 0.15898
v -0.01638 -0.02838 0.15898
v -0.01449 -0.02938 0.15898
v -0.01253 -0.03025 0.15898
v -0.01052 -0.03098 0.15898
v -0.00846 -0.03157 0.15898
v -0.00637 -0.03202 0.15898
v -0.00426 -0.03234 0.15898
v -0.00213 -0.03253 0.15898
v -0.00000 -0.03259 0.15898
v 0.00213 -0.03253 0.15898
v 0.00426 -0.03234 0.15898
v 0.00637 -0.03202 0.15898
v 0.00846 -0.03157 0.15898
v 0.01052 -0.03098 0.15898
v 0.01253 -0.03025 0.15898
v 0.01449 -0.02938 0.15898
v 0.01638 -0.02838 0.15898
v 0.01820 -0.02724 0.15898
v 0.01993 -0.02598 0.15898
v 0.02157 -0.02460 0.15898
v 0.02311 -0.02311 0.15898
v 0.02454 -0.02153 0.15898
v 0.02588 -0.01986 0.15898
v 0.02710 -0.01811 0.15898
v 0.02823 -0.01630 0.15898
v 0.02924 -0.01442 0.15898
v 0.03013 -0.01248 0.15898
v 0.03091 -0.01049 0.15898
v 0.03157 -0.00846 0.15898
v 0.03209 -0.00638 0.15898
v 0.03246 -0.00427 0.15898
v 0.03269 -0.00214 0.15898
v 0.01635 0.00107 0.15974
v 0.01639 0.00000 0.15974
v 0.01625 0.00214 0.15974
v 0.01607 0.00320 0.15974
v 0.01582 0.00424 0.15974
v 0.01550 0.00526 0.15974
v 0.01512 0.00626 0.15974
v 0.01468 0.00724 0.15974
v 0.01417 0.00818 0.15974
v 0.01361 0.00909 0.15974
v 0.01299 0.00997 0.15974
v 0.01231 0.01080 0.15974
v 0.01158 0.01158 0.15974
v 0.01080 0.01232 0.15974
v 0.00998 0.01300 0.15974
v 0.00910 0.01363 0.15974
v 0.00819 0.01419 0.15974
v 0.00725 0.01470 0.15974
v 0.00627 0.01514 0.15974
v 0.00527 0.01551 0.15974
v 0.00424 0.01582 0.15974
v 0.00319 0.01606 0.15974
v 0.00214 0.01623 0.15974
v 0.00107 0.01633 0.15974
v 0.00000 0.01637 0.15974
v -0.00107 0.01633 0.15974
v -0.00214 0.01623 0.15974
v -0.00319 0.01606 0.15974
v -0.00424 0.01582 0.15974
v -0.00527 0.01551 0.15974
v -0.00627 0.01514 0.15974
v -0.00725 0.01470 0.15974
v -0.00819 0.01419 0.15974
v -0.00910 0.01363 0.15974
v -0.00998 0.01300 0.15974
v -0.01080 0.01232 0.15974
v -0.01158 0.01158 0.15974
v -0.01231 0.01080 0.15974
v -0.01299 0.00997 0.15974
v -0.01361 0.00909 0.15974
v -0.01417 0.00818 0.15974
v -0.01468 0.00724 0.15974
v -0.01512 0.00626 0.15974
v -0.01550 0.00526 0.15974
v -0.01582 0.00424 0.15974
v -0.01607 0.00320 0.15974
v -0.01625 0.00214 0.15974
v -0.01635 0.00107 0.15974
v -0.01639 0.00000 0.15974
v -0.01635 -0.00107 0.15974
v -0.01625 -0.00214 0.15974
v -0.01607 -0.00320 0.15974
v -0.01582 -0.00424 0.15974
v -0.01550 -0.00526 0.15974
v -0.01512 -0.00626 0.15974
v -0.01468 -0.00724 0.15974
v -0.01417 -0.00818 0.15974
v -0.01361 -0.00909 0.15974
v -0.01299 -0.00997 0.15974
v -0.01231 -0.01080 0.15974
v -0.01158 -0.01158 0.15974
v -0.01080 -0.01232 0.15974
v -0.00998 -0.01300 0.15974
v -0.00910 -0.01363 0.15974
v -0.00819 -0.01419 0.15974
v -0.00725 -0.01470 0.15974
v -0.00627 -0.01514 0.15974
v -0.00527 -0.01551 0.15974
v -0.00424 -0.01582 0.15974
v -0.00319 -0.01606 0.15974
v -0.00214 -0.01623 0.15974
v -0.00107 -0.01633 0.15974
v -0.00000 -0.01637 0.15974
v 0.00107 -0.01633 0.15974
v 0.00214 -0.01623 0.15974
v 0.00319 -0.01606 0.15974
v 0.00424 -0.01582 0.15974
v 0.00527 -0.01551 0.15974
v 0.00627 -0.01514 0.15974
v 0.00725 -0.01470 0.15974
v 0.00819 -0.01419 0.15974
v 0.00910 -0.01363 0.15974
v 0.00998 -0.01300 0.15974
v 0.01080 -0.01232 0.15974
v 0.01158 -0.01158 0.15974
v 0.01231 -0.01080 0.15974
v 0.01299 -0.00997 0.15974
v 0.01361 -0.00909 0.15974
v 0.01417 -0.00818 0.15974
v 0.01468 -0.00724 0.15974
v 0.01512 -0.00626 0.15974
v 0.01550 -0.00526 0.15974
v 0.01582 -0.00424 0.15974
v 0.01607 -0.00320 0.15974
v 0.01625 -0.00214 0.15974
v 0.01635 -0.00107 0.15974
v 0.00000 0.00000 0.16000
v 0.00000 0.00000 0.05000
f 1 2 3
f 1 3 4
f 2 5 6
f 2 6 3
f 5 7 8
f 5 8 6
f 7 9 10
f 7 10 8
f 9 11 12
f 9 12 10
f 11 13 14
f 11 14 12
f 13 15 16
f 13 16 14
f 15 17 18
f 15 18 16
f 17 19 20
f 17 20 18
f 19 21 22
f 19 22 20
f 21 23 24
f 21 24 22
f 23 25 26
f 23 26 24
f 25 27 28
f 25 28 26
f 27 29 30
f 27 30 28
f 29 31 32
f 29 32 30
f 31 33 34
f 31 34 32
f 33 35 36
f 33 36 34
f 35 37 38
f 35 38 36
f 37 39 40
f 37 40 38
f 39 41 42
f 39 42 40
f 41 43 44
f 41 44 42
f 43 45 46
f 43 46 44
f 45 47 48
f 45 48 46
f 47 49 50
f 47 50 48
f 49 51 52
f 49 52 50
f 51 53 54
f 51 54 52
f 53 55 56
f 53 56 54
f 55 57 58
f 55 58 56
f 57 59 60
f 57 60 58
f 59 61 62
f 59 62 60
f 61 63 64
f 61 64 62
f 63 65 66
f 63 66 64
f 65 67 68
f 65 68 66
f 67 69 70
f 67 70 68
f 69 71 72
f 69 72 70
f 71 73 74
f 71 74 72
f 73 75 76
f 73 76 74
f 75 77 78
f 75 78 76
f 77 79 80
f 77 80 78
f 79 81 82
f 79 82 80
f 81 83 84
f 81 84 82
f 83 85 86
f 83 86 84
f 85 87 88
f 85 88 86
f 87 89 90
f 87 90 88
f 89 91 92
f 89 92 90
f 91 93 94
f 91 94 92
f 93 95 96
f 93 96 94
f 95 97 98
f 95 98 96
f 97 99 100
f 97 100 98
f 99 101 102
f 99 102 100
f 101 103 104
f 101 104 102
f 103 105 106
f 103 106 104
f 105 107 108
f 105 108 106
f 107 109 110
f 107 110 108
f 109 111 112
f 109 112 110
f 111 113 114
f 111 114 112
f 113 115 116
f 113 116 114
f 115 117 118
f 115 118 116
f 117 119 120
f 117 120 118
f 119 121 122
f 119 122 120
f 121 123 124
f 121 124 122
f 123 125 126
f 123 126 124
f 125 127 128
f 125 128 126
f 127 129 130
f 127 130 128
f 129 131 132
f 129 132 130
f 131 133 134
f 131 134 132
f 133 135 136
f 133 136 134
f 135 137 138
f 135 138 136
f 137 139 140
f 137 140 138
f 139 141 142
f 139 142 140
f 141 143 144
f 141 144 142
f 143 145 146
f 143 146 144
f 145 147 148
f 145 148 146
f 147 149 150
f 147 150 148
f 149 151 152
f 149 152 150
f 151 153 154
f 151 154 152
f 153 155 156
f 153 156 154
f 155 157 158
f 155 158 156
f 157 159 160
f 157 160 158
f 159 161 162
f 159 162 160
f 161 163 164
f 161 164 162
f 163 165 166
f 163 166 164
f 165 167 168
f 165 168 166
f 167 169 170
f 167 170 168
f 169 171 172
f 169 172 170
f 171 173 174
f 171 174 172
f 173 175 176
f 173 176 174
f 175 177 178
f 175 178 176
f 177 179 180
f 177 180 178
f 179 181 182
f 179 182 180
f 181 183 184
f 181 184 182
f 183 185 186
f 183 186 184
f 185 187 188
f 185 188 186
f 187 189 190
f 187 190 188
f 189 191 192
f 189 192 190
f 191 1 4
f 191 4 192
f 4 3 193
f 4 193 194
f 3 6 195
f 3 195 193
f 6 8 196
f 6 196 195
f 8 10 197
f 8 197 196
f 10 12 198
f 10 198 197
f 12 14 199
f 12 199 198
f 14 16 200
f 14 200 199
f 16 18 201
f 16 201 200
f 18 20 202
f 18 202 201
f 20 22 203
f 20 203 202
f 22 24 204
f 22 204 203
f 24 26 205
f 24 205 204
f 26 28 206
f 26 206 205
f 28 30 207
f 28 207 206
f 30 32 208
f 30 208 207
f 32 34 209
f 32 209 208
f 34 36 210
f 34 210 209
f 36 38 211
f 36 211 210
f 38 40 212
f 38 212 211
f 40 42 213
f 40 213 212
f 42 44 214
f 42 214 213
f 44 46 215
f 44 215 214
f 46 48 216
f 46 216 215
f 48 50 217
f 48 217 216
f 50 52 218
f 50 218 217
f 52 54 219
f 52 219 218
f 54 56 220
f 54 220 219
f 56 58 221
f 56 221 220
f 58 60 222
f 58 222 221
f 60 62 223
f 60 223 222
f 62 64 224
f 62 224 223
f 64 66 225
f 64 225 224
f 66 68 226
f 66 226 225
f 68 70 227
f 68 227 226
f 70 72 228
f 70 228 227
f 72 74 229
f 72 229 228
f 74 76 230
f 74 230 229
f 76 78 231
f 76 231 230
f 78 80 232
f 78 232 231
f 80 82 233
f 80 233 232
f 82 84 234
f 82 234 233
f 84 86 235
f 84 235 234
f 86 88 236
f 86 236 235
f 88 90 237
f 88 237 236
f 90 92 238
f 90 238 237
f 92 94 239
f 92 239 238
f 94 96 240
f 94 240 239
f 96 98 241
f 96 241 240
f 98 100 242
f 98 242 241
f 100 102 243
f 100 243 242
f 102 104 244
f 102 244 243
f 104 106 245
f 104 245 244
f 106 108 246
f 106 246 245
f 108 110 247
f 108 247 246
f 110 112 248
f 110 248 247
f 112 114 249
f 112 249 248
f 114 116 250
f 114 250 249
f 116 118 251
f 116 251 250
f 118 120 252
f 118 252 251
f 120 122 253
f 120 253 252
f 122 124 254
f 122 254 253
f 124 126 255
f 124 255 254
f 126 128 256
f 126 256 255
f 128 130 257
f 128 257 256
f 130 132 258
f 130 258 257
f 132 134 259
f 132 259 258
f 134 136 260
f 134 260 259
f 136 138 261
f 136 261 260
f 138 140 262
f 138 262 261
f 140 142 263
f 140 263 262
f 142 144 264
f 142 264 263
f 144 146 265
f 144 265 264
f 146 148 266
f 146 266 265
f 148 150 267
f 148 267 266
f 150 152 268
f 150 268 267
f 152 154 269
f 152 269 268
f 154 156 270
f 154 270 269
f 156 158 271
f 156 271 270
f 158 160 272
f 158 272 271
f 160 162 273
f 160 273 272
f 162 164 274
f 162 274 273
f 164 166 275
f 164 275 274
f 166 168 276
f 166 276 275
f 168 170 277
f 168 277 276
f 170 172 278
f 170 278 277
f 172 174 279
f 172 279 278
f 174 176 280
f 174 280 279
f 176 178 281
f 176 281 280
f 178 180 282
f 178 282 281
f 180 182 283
f 180 283 282
f 182 184 284
f 182 284 283
f 184 186 285
f 184 285 284
f 186 188 286
f 186 286 285
f 188 190 287
f 188 287 286
f 190 192 288
f 190 288 287
f 192 4 194
f 192 194 288
f 194 193 289
f 194 289 290
f 193 195 291
f 193 291 289
f 195 196 292
f 195 292 291
f 196 197 293
f 196 293 292
f 197 198 294
f 197 294 293
f 198 199 295
f 198 295 294
f 199 200 296
f 199 296 295
f 200 201 297
f 200 297 296
f 201 202 298
f 201 298 297
f 202 203 299
f 202 299 298
f 203 204 300
f 203 300 299
f 204 205 301
f 204 301 300
f 205 206 302
f 205 302 301
f 206 207 303
f 206 303 302
f 207 208 304
f 207 304 303
f 208 209 305
f 208 305 304
f 209 210 306
f 209 306 305
f 210 211 307
f 210 307 306
f 211 212 308
f 211 308 307
f 212 213 309
f 212 309 308
f 213 214 310
f 213 310 309
f 214 215 311
f 214 311 310
f 215 216 312
f 215 312 311
f 216 217 313
f 216 313 312
f 217 218 314
f 217 314 313
f 218 219 315
f 218 315 314
f 219 220 316
f 219 316 315
f 220 221 317
f 220 317 316
f 221 222 318
f 221 318 317
f 222 223 319
f 222 319 318
f 223 224 320
f 223 320 319
f 224 225 321
f 224 321 320
f 225 226 322
f 225 322 321
f 226 227 323
f 226 323 322
f 227 228 324
f 227 324 323
f 228 229 325
f 228 325 324
f 229 230 326
f 229 326 325
f 230 231 327
f 230 327 326
f 231 232 328
f 231 328 327
f 232 233 329
f 232 329 328
f 233 234 330
f 233 330 329
f 234 235 331
f 234 331 330
f 235 236 332
f 235 332 331
f 236 237 333
f 236 333 332
f 237 238 334
f 237 334 333
f 238 239 335
f 238 335 334
f 239 240 336
f 239 336 335
f 240 241 337
f 240 337 336
f 241 242 338
f 241 338 337
f 242 243 339
f 242 339 338
f 243 244 340
f 243 340 339
f 244 245 341
f 244 341 340
f 245 246 342
f 245 342 341
f 246 247 343
f 246 343 342
f 247 248 344
f 247 344 343
f 248 249 345
f 248 345 344
f 249 250 346
f 249 346 345
f 250 251 347
f 250 347 346
f 251 252 348
f 251 348 347
f 252 253 349
f 252 349 348
f 253 254 350
f 253 350 349
f 254 255 351
f 254 351 350
f 255 256 352
f 255 352 351
f 256 257 353
f 256 353 352
f 257 258 354
f 257 354 353
f 258 259 355
f 258 355 354
f 259 260 356
f 259 356 355
f 260 261 357
f 260 357 356
f 261 262 358
f 261 358 357
f 262 263 359
f 262 359 358
f 263 264 360
f 263 360 359
f 264 265 361
f 264 361 360
f 265 266 362
f 265 362 361
f 266 267 363
f 266 363 362
f 267 268 364
f 267 364 363
f 268 269 365
f 268 365 364
f 269 270 366
f 269 366 365
f 270 271 367
f 270 367 366
f 271 272 368
f 271 368 367
f 272 273 369
f 272 369 368
f 273 274 370
f 273 370 369
f 274 275 371
f 274 371 370
f 275 276 372
f 275 372 371
f 276 277 373
f 276 373 372
f 277 278 374
f 277 374 373
f 278 279 375
f 278 375 374
f 279 280 376
f 279 376 375
f 280 281 377
f 280 377 376
f 281 282 378
f 281 378 377
f 282 283 379
f 282 379 378
f 283 284 380
f 283 380 379
f 284 285 381
f 284 381 380
f 285 286 382
f 285 382 381
f 286 287 383
f 286 383 382
f 287 288 384
f 287 384 383
f 288 194 290
f 288 290 384
f 290 289 385
f 290 385 386
f 289 291 387
f 289 387 385
f 291 292 388
f 291 388 387
f 292 293 389
f 292 389 388
f 293 294 390
f 293 390 389
f 294 295 391
f 294 391 390
f 295 296 392
f 295 392 391
f 296 297 393
f 296 393 392
f 297 298 394
f 297 394 393
f 298 299 395
f 298 395 394
f 299 300 396
f 299 396 395
f 300 301 397
f 300 397 396
f 301 302 398
f 301 398 397
f 302 303 399
f 302 399 398
f 303 304 400
f 303 400 399
f 304 305 401
f 304 401 400
f 305 306 402
f 305 402 401
f 306 307 403
f 306 403 402
f 307 308 404
f 307 404 403
f 308 309 405
f 308 405 404
f 309 310 406
f 309 406 405
f 310 311 407
f 310 407 406
f 311 312 408
f 311 408 407
f 312 313 409
f 312 409 408
f 313 314 410
f 313 410 409
f 314 315 411
f 314 411 410
f 315 316 412
f 315 412 411
f 316 317 413
f 316 413 412
f 317 318 414
f 317 414 413
f 318 319 415
f 318 415 414
f 319 320 416
f 319 416 415
f 320 321 417
f 320 417 416
f 321 322 418
f 321 418 417
f 322 323 419
f 322 419 418
f 323 324 420
f 323 420 419
f 324 325 421
f 324 421 420
f 325 326 422
f 325 422 421
f 326 327 423
f 326 423 422
f 327 328 424
f 327 424 423
f 328 329 425
f 328 425 424
f 329 330 426
f 329 426 425
f 330 331 427
f 330 427 426
f 331 332 428
f 331 428 427
f 332 333 429
f 332 429 428
f 333 334 430
f 333 430 429
f 334 335 431
f 334 431 430
f 335 336 432
f 335 432 431
f 336 337 433
f 336 433 432
f 337 338 434
f 337 434 433
f 338 339 435
f 338 435 434
f 339 340 436
f 339 436 435
f 340 341 437
f 340 437 436
f 341 342 438
f 341 438 437
f 342 343 439
f 342 439 438
f 343 344 440
f 343 440 439
f 344 345 441
f 344 441 440
f 345 346 442
f 345 442 441
f 346 347 443
f 346 443 442
f 347 348 444
f 347 444 443
f 348 349 445
f 348 445 444
f 349 350 446
f 349 446 445
f 350 351 447
f 350 447 446
f 351 352 448
f 351 448 447
f 352 353 449
f 352 449 448
f 353 354 450
f 353 450 449
f 354 355 451
f 354 451 450
f 355 356 452
f 355 452 451
f 356 357 453
f 356 453 452
f 357 358 454
f 357 454 453
f 358 359 455
f 358 455 454
f 359 360 456
f 359 456 455
f 360 361 457
f 360 457 456
f 361 362 458
f 361 458 457
f 362 363 459
f 362 459 458
f 363 364 460
f 363 460 459
f 364 365 461
f 364 461 460
f 365 366 462
f 365 462 461
f 366 367 463
f 366 463 462
f 367 368 464
f 367 464 463
f 368 369 465
f 368 465 464
f 369 370 466
f 369 466 465
f 370 371 467
f 370 467 466
f 371 372 468
f 371 468 467
f 372 373 469
f 372 469 468
f 373 374 470
f 373 470 469
f 374 375 471
f 374 471 470
f 375 376 472
f 375 472 471
f 376 377 473
f 376 473 472
f 377 378 474
f 377 474 473
f 378 379 475
f 378 475 474
f 379 380 476
f 379 476 475
f 380 381 477
f 380 477 476
f 381 382 478
f 381 478 477
f 382 383 479
f 382 479 478
f 383 384 480
f 383 480 479
f 384 290 386
f 384 386 480
f 386 385 481
f 386 481 482
f 385 387 483
f 385 483 481
f 387 388 484
f 387 484 483
f 388 389 485
f 388 485 484
f 389 390 486
f 389 486 485
f 390 391 487
f 390 487 486
f 391 392 488
f 391 488 487
f 392 393 489
f 392 489 488
f 393 394 490
f 393 490 489
f 394 395 491
f 394 491 490
f 395 396 492
f 395 492 491
f 396 397 493
f 396 493 492
f 397 398 494
f 397 494 493
f 398 399 495
f 398 495 494
f 399 400 496
f 399 496 495
f 400 401 497
f 400 497 496
f 401 402 498
f 401 498 497
f 402 403 499
f 402 499 498
f 403 404 500
f 403 500 499
f 404 405 501
f 404 501 500
f 405 406 502
f 405 502 501
f 406 407 503
f 406 503 502
f 407 408 504
f 407 504 503
f 408 409 505
f 408 505 504
f 409 410 506
f 409 506 505
f 410 411 507
f 410 507 506
f 411 412 508
f 411 508 507
f 412 413 509
f 412 509 508
f 413 414 510
f 413 510 509
f 414 415 511
f 414 511 510
f 415 416 512
f 415 512 511
f 416 417 513
f 416 513 512
f 417 418 514
f 417 514 513
f 418 419 515
f 418 515 514
f 419 420 516
f 419 516 515
f 420 421 517
f 420 517 516
f 421 422 518
f 421 518 517
f 422 423 519
f 422 519 518
f 423 424 520
f 423 520 519
f 424 425 521
f 424 521 520
f 425 426 522
f 425 522 521
f 426 427 523
f 426 523 522
f 427 428 524
f 427 524 523
f 428 429 525
f 428 525 524
f 429 430 526
f 429 526 525
f 430 431 527
f 430 527 526
f 431 432 528
f 431 528 527
f 432 433 529
f 432 529 528
f 433 434 530
f 433 530 529
f 434 435 531
f 434 531 530
f 435 436 532
f 435 532 531
f 436 437 533
f 436 533 532
f 437 438 534
f 437 534 533
f 438 439 535
f 438 535 534
f 439 440 536
f 439 536 535
f 440 441 537
f 440 537 536
f 441 442 538
f 441 538 537
f 442 443 539
f 442 539 538
f 443 444 540
f 443 540 539
f 444 445 541
f 444 541 540
f 445 446 542
f 445 542 541
f 446 447 543
f 446 543 542
f 447 448 544
f 447 544 543
f 448 449 545
f 448 545 544
f 449 450 546
f 449 546 545
f 450 451 547
f 450 547 546
f 451 452 548
f 451 548 547
f 452 453 549
f 452 549 548
f 453 454 550
f 453 550 549
f 454 455 551
f 454 551 550
f 455 456 552
f 455 552 551
f 456 457 553
f 456 553 552
f 457 458 554
f 457 554 553
f 458 459 555
f 458 555 554
f 459 460 556
f 459 556 555
f 460 461 557
f 460 557 556
f 461 462 558
f 461 558 557
f 462 463 559
f 462 559 558
f 463 464 560
f 463 560 559
f 464 465 561
f 464 561 560
f 465 466 562
f 465 562 561
f 466 467 563
f 466 563 562
f 467 468 564
f 467 564 563
f 468 469 565
f 468 565 564
f 469 470 566
f 469 566 565
f 470 471 567
f 470 567 566
f 471 472 568
f 471 568 567
f 472 473 569
f 472 569 568
f 473 474 570
f 473 570 569
f 474 475 571
f 474 571 570
f 475 476 572
f 475 572 571
f 476 477 573
f 476 573 572
f 477 478 574
f 477 574 573
f 478 479 575
f 478 575 574
f 479 480 576
f 479 576 575
f 480 386 482
f 480 482 576
f 482 481 577
f 482 577 578
f 481 483 579
f 481 579 577
f 483 484 580
f 483 580 579
f 484 485 581
f 484 581 580
f 485 486 582
f 485 582 581
f 486 487 583
f 486 583 582
f 487 488 584
f 487 584 583
f 488 489 585
f 488 585 584
f 489 490 586
f 489 586 585
f 490 491 587
f 490 587 586
f 491 492 588
f 491 588 587
f 492 493 589
f 492 589 588
f 493 494 590
f 493 590 589
f 494 495 591
f 494 591 590
f 495 496 592
f 495 592 591
f 496 497 593
f 496 593 592
f 497 498 594
f 497 594 593
f 498 499 595
f 498 595 594
f 499 500 596
f 499 596 595
f 500 501 597
f 500 597 596
f 501 502 598
f 501 598 597
f 502 503 599
f 502 599 598
f 503 504 600
f 503 600 599
f 504 505 601
f 504 601 600
f 505 506 602
f 505 602 601
f 506 507 603
f 506 603 602
f 507 508 604
f 507 604 603
f 508 509 605
f 508 605 604
f 509 510 606
f 509 606 605
f 510 511 607
f 510 607 606
f 511 512 608
f 511 608 607
f 512 513 609
f 512 609 608
f 513 514 610
f 513 610 609
f 514 515 611
f 514 611 610
f 515 516 612
f 515 612 611
f 516 517 613
f 516 613 612
f 517 518 614
f 517 614 613
f 518 519 615
f 518 615 614
f 519 520 616
f 519 616 615
f 520 521 617
f 520 617 616
f 521 522 618
f 521 618 617
f 522 523 619
f 522 619 618
f 523 524 620
f 523 620 619
f 524 525 621
f 524 621 620
f 525 526 622
f 525 622 621
f 526 527 623
f 526 623 622
f 527 528 624
f 527 624 623
f 528 529 625
f 528 625 624
f 529 530 626
f 529 626 625
f 530 531 627
f 530 627 626
f 531 532 628
f 531 628 627
f 532 533 629
f 532 629 628
f 533 534 630
f 533 630 629
f 534 535 631
f 534 631 630
f 535 536 632
f 535 632 631
f 536 537 633
f 536 633 632
f 537 538 634
f 537 634 633
f 538 539 635
f 538 635 634
f 539 540 636
f 539 636 635
f 540 541 637
f 540 637 636
f 541 542 638
f 541 638 637
f 542 543 639
f 542 639 638
f 543 544 640
f 543 640 639
f 544 545 641
f 544 641 640
f 545 546 642
f 545 642 641
f 546 547 643
f 546 643 642
f 547 548 644
f 547 644 643
f 548 549 645
f 548 645 644
f 549 550 646
f 549 646 645
f 550 551 647
f 550 647 646
f 551 552 648
f 551 648 647
f 552 553 649
f 552 649 648
f 553 554 650
f 553 650 649
f 554 555 651
f 554 651 650
f 555 556 652
f 555 652 651
f 556 557 653
f 556 653 652
f 557 558 654
f 557 654 653
f 558 559 655
f 558 655 654
f 559 560 656
f 559 656 655
f 560 561 657
f 560 657 656
f 561 562 658
f 561 658 657
f 562 563 659
f 562 659 658
f 563 564 660
f 563 660 659
f 564 565 661
f 564 661 660
f 565 566 662
f 565 662 661
f 566 567 663
f 566 663 662
f 567 568 664
f 567 664 663
f 568 569 665
f 568 665 664
f 569 570 666
f 569 666 665
f 570 571 667
f 570 667 666
f 571 572 668
f 571 668 667
f 572 573 669
f 572 669 668
f 573 574 670
f 573 670 669
f 574 575 671
f 574 671 670
f 575 576 672
f 575 672 671
f 576 482 578
f 576 578 672
f 578 577 673
f 578 673 674
f 577 579 675
f 577 675 673
f 579 580 676
f 579 676 675
f 580 581 677
f 580 677 676
f 581 582 678
f 581 678 677
f 582 583 679
f 582 679 678
f 583 584 680
f 583 680 679
f 584 585 681
f 584 681 680
f 585 586 682
f 585 682 681
f 586 587 683
f 586 683 682
f 587 588 684
f 587 684 683
f 588 589 685
f 588 685 684
f 589 590 686
f 589 686 685
f 590 591 687
f 590 687 686
f 591 592 688
f 591 688 687
f 592 593 689
f 592 689 688
f 593 594 690
f 593 690 689
f 594 595 691
f 594 691 690
f 595 596 692
f 595 692 691
f 596 597 693
f 596 693 692
f 597 598 694
f 597 694 693
f 598 599 695
f 598 695 694
f 599 600 696
f 599 696 695
f 600 601 697
f 600 697 696
f 601 602 698
f 601 698 697
f 602 603 699
f 602 699 698
f 603 604 700
f 603 700 699
f 604 605 701
f 604 701 700
f 605 606 702
f 605 702 701
f 606 607 703
f 606 703 702
f 607 608 704
f 607 704 703
f 608 609 705
f 608 705 704
f 609 610 706
f 609 706 705
f 610 611 707
f 610 707 706
f 611 612 708
f 611 708 707
f 612 613 709
f 612 709 708
f 613 614 710
f 613 710 709
f 614 615 711
f 614 711 710
f 615 616 712
f 615 712 711
f 616 617 713
f 616 713 712
f 617 618 714
f 617 714 713
f 618 619 715
f 618 715 714
f 619 620 716
f 619 716 715
f 620 621 717
f 620 717 716
f 621 622 718
f 621 718 717
f 622 623 719
f 622 719 718
f 623 624 720
f 623 720 719
f 624 625 721
f 624 721 720
f 625 626 722
f 625 722 721
f 626 627 723
f 626 723 722
f 627 628 724
f 627 724 723
f 628 629 725
f 628 725 724
f 629 630 726
f 629 726 725
f 630 631 727
f 630 727 726
f 631 632 728
f 631 728 727
f 632 633 729
f 632 729 728
f 633 634 730
f 633 730 729
f 634 635 731
f 634 731 730
f 635 636 732
f 635 732 731
f 636 637 733
f 636 733 732
f 637 638 734
f 637 734 733
f 638 639 735
f 638 735 734
f 639 640 736
f 639 736 735
f 640 641 737
f 640 737 736
f 641 642 738
f 641 738 737
f 642 643 739
f 642 739 738
f 643 644 740
f 643 740 739
f 644 645 741
f 644 741 740
f 645 646 742
f 645 742 741
f 646 647 743
f 646 743 742
f 647 648 744
f 647 744 743
f 648 649 745
f 648 745 744
f 649 650 746
f 649 746 745
f 650 651 747
f 650 747 746
f 651 652 748
f 651 748 747
f 652 653 749
f 652 749 748
f 653 654 750
f 653 750 749
f 654 655 751
f 654 751 750
f 655 656 752
f 655 752 751
f 656 657 753
f 656 753 752
f 657 658 754
f 657 754 753
f 658 659 755
f 658 755 754
f 659 660 756
f 659 756 755
f 660 661 757
f 660 757 756
f 661 662 758
f 661 758 757
f 662 663 759
f 662 759 758
f 663 664 760
f 663 760 759
f 664 665 761
f 664 761 760
f 665 666 762
f 665 762 761
f 666 667 763
f 666 763 762
f 667 668 764
f 667 764 763
f 668 669 765
f 668 765 764
f 669 670 766
f 669 766 765
f 670 671 767
f 670 767 766
f 671 672 768
f 671 768 767
f 672 578 674
f 672 674 768
f 674 673 769
f 674 769 770
f 673 675 771
f 673 771 769
f 675 676 772
f 675 772 771
f 676 677 773
f 676 773 772
f 677 678 774
f 677 774 773
f 678 679 775
f 678 775 774
f 679 680 776
f 679 776 775
f 680 681 777
f 680 777 776
f 681 682 778
f 681 778 777
f 682 683 779
f 682 779 778
f 683 684 780
f 683 780 779
f 684 685 781
f 684 781 780
f 685 686 782
f 685 782 781
f 686 687 783
f 686 783 782
f 687 688 784
f 687 784 783
f 688 689 785
f 688 785 784
f 689 690 786
f 689 786 785
f 690 691 787
f 690 787 786
f 691 692 788
f 691 788 787
f 692 693 789
f 692 789 788
f 693 694 790
f 693 790 789
f 694 695 791
f 694 791 790
f 695 696 792
f 695 792 791
f 696 697 793
f 696 793 792
f 697 698 794
f 697 794 793
f 698 699 795
f 698 795 794
f 699 700 796
f 699 796 795
f 700 701 797
f 700 797 796
f 701 702 798
f 701 798 797
f 702 703 799
f 702 799 798
f 703 704 800
f 703 800 799
f 704 705 801
f 704 801 800
f 705 706 802
f 705 802 801
f 706 707 803
f 706 803 802
f 707 708 804
f 707 804 803
f 708 709 805
f 708 805 804
f 709 710 806
f 709 806 805
f 710 711 807
f 710 807 806
f 711 712 808
f 711 808 807
f 712 713 809
f 712 809 808
f 713 714 810
f 713 810 809
f 714 715 811
f 714 811 810
f 715 716 812
f 715 812 811
f 716 717 813
f 716 813 812
f 717 718 814
f 717 814 813
f 718 719 815
f 718 815 814
f 719 720 816
f 719 816 815
f 720 721 817
f 720 817 816
f 721 722 818
f 721 818 817
f 722 723 819
f 722 819 818
f 723 724 820
f 723 820 819
f 724 725 821
f 724 821 820
f 725 726 822
f 725 822 821
f 726 727 823
f 726 823 822
f 727 728 824
f 727 824 823
f 728 729 825
f 728 825 824
f 729 730 826
f 729 826 825
f 730 731 827
f 730 827 826
f 731 732 828
f 731 828 827
f 732 733 829
f 732 829 828
f 733 734 830
f 733 830 829
f 734 735 831
f 734 831 830
f 735 736 832
f 735 832 831
f 736 737 833
f 736 833 832
f 737 738 834
f 737 834 833
f 738 739 835
f 738 835 834
f 739 740 836
f 739 836 835
f 740 741 837
f 740 837 836
f 741 742 838
f 741 838 837
f 742 743 839
f 742 839 838
f 743 744 840
f 743 840 839
f 744 745 841
f 744 841 840
f 745 746 842
f 745 842 841
f 746 747 843
f 746 843 842
f 747 748 844
f 747 844 843
f 748 749 845
f 748 845 844
f 749 750 846
f 749 846 845
f 750 751 847
f 750 847 846
f 751 752 848
f 751 848 847
f 752 753 849
f 752 849 848
f 753 754 850
f 753 850 849
f 754 755 851
f 754 851 850
f 755 756 852
f 755 852 851
f 756 757 853
f 756 853 852
f 757 758 854
f 757 854 853
f 758 759 855
f 758 855 854
f 759 760 856
f 759 856 855
f 760 761 857
f 760 857 856
f 761 762 858
f 761 858 857
f 762 763 859
f 762 859 858
f 763 764 860
f 763 860 859
f 764 765 861
f 764 861 860
f 765 766 862
f 765 862 861
f 766 767 863
f 766 863 862
f 767 768 864
f 767 864 863
f 768 674 770
f 768 770 864
f 770 769 865
f 770 865 866
f 769 771 867
f 769 867 865
f 771 772 868
f 771 868 867
f 772 773 869
f 772 869 868
f 773 774 870
f 773 870 869
f 774 775 871
f 774 871 870
f 775 776 872
f 775 872 871
f 776 777 873
f 776 873 872
f 777 778 874
f 777 874 873
f 778 779 875
f 778 875 874
f 779 780 876
f 779 876 875
f 780 781 877
f 780 877 876
f 781 782 878
f 781 878 877
f 782 783 879
f 782 879 878
f 783 784 880
f 783 880 879
f 784 785 881
f 784 881 880
f 785 786 882
f 785 882 881
f 786 787 883
f 786 883 882
f 787 788 884
f 787 884 883
f 788 789 885
f 788 885 884
f 789 790 886
f 789 886 885
f 790 791 887
f 790 887 886
f 791 792 888
f 791 888 887
f 792 793 889
f 792 889 888
f 793 794 890
f 793 890 889
f 794 795 891
f 794 891 890
f 795 796 892
f 795 892 891
f 796 797 893
f 796 893 892
f 797 798 894
f 797 894 893
f 798 799 895
f 798 895 894
f 799 800 896
f 799 896 895
f 800 801 897
f 800 897 896
f 801 802 898
f 801 898 897
f 802 803 899
f 802 899 898
f 803 804 900
f 803 900 899
f 804 805 901
f 804 901 900
f 805 806 902
f 805 902 901
f 806 807 903
f 806 903 902
f 807 808 904
f 807 904 903
f 808 809 905
f 808 905 904
f 809 810 906
f 809 906 905
f 810 811 907
f 810 907 906
f 811 812 908
f 811 908 907
f 812 813 909
f 812 909 908
f 813 814 910
f 813 910 909
f 814 815 911
f 814 911 910
f 815 816 912
f 815 912 911
f 816 817 913
f 816 913 912
f 817 818 914
f 817 914 913
f 818 819 915
f 818 915 914
f 819 820 916
f 819 916 915
f 820 821 917
f 820 917 916
f 821 822 918
f 821 918 917
f 822 823 919
f 822 919 918
f 823 824 920
f 823 920 919
f 824 825 921
f 824 921 920
f 825 826 922
f 825 922 921
f 826 827 923
f 826 923 922
f 827 828 924
f 827 924 923
f 828 829 925
f 828 925 924
f 829 830 926
f 829 926 925
f 830 831 927
f 830 927 926
f 831 832 928
f 831 928 927
f 832 833 929
f 832 929 928
f 833 834 930
f 833 930 929
f 834 835 931
f 834 931 930
f 835 836 932
f 835 932 931
f 836 837 933
f 836 933 932
f 837 838 934
f 837 934 933
f 838 839 935
f 838 935 934
f 839 840 936
f 839 936 935
f 840 841 937
f 840 937 936
f 841 842 938
f 841 938 937
f 842 843 939
f 842 939 938
f 843 844 940
f 843 940 939
f 844 845 941
f 844 941 940
f 845 846 942
f 845 942 941
f 846 847 943
f 846 943 942
f 847 848 944
f 847 944 943
f 848 849 945
f 848 945 944
f 849 850 946
f 849 946 945
f 850 851 947
f 850 947 946
f 851 852 948
f 851 948 947
f 852 853 949
f 852 949 948
f 853 854 950
f 853 950 949
f 854 855 951
f 854 951 950
f 855 856 952
f 855 952 951
f 856 857 953
f 856 953 952
f 857 858 954
f 857 954 953
f 858 859 955
f 858 955 954
f 859 860 956
f 859 956 955
f 860 861 957
f 860 957 956
f 861 862 958
f 861 958 957
f 862 863 959
f 862 959 958
f 863 864 960
f 863 960 959
f 864 770 866
f 864 866 960
f 866 865 961
f 866 961 962
f 865 867 963
f 865 963 961
f 867 868 964
f 867 964 963
f 868 869 965
f 868 965 964
f 869 870 966
f 869 966 965
f 870 871 967
f 870 967 966
f 871 872 968
f 871 968 967
f 872 873 969
f 872 969 968
f 873 874 970
f 873 970 969
f 874 875 971
f 874 971 970
f 875 876 972
f 875 972 971
f 876 877 973
f 876 973 972
f 877 878 974
f 877 974 973
f 878 879 975
f 878 975 974
f 879 880 976
f 879 976 975
f 880 881 977
f 880 977 976
f 881 882 978
f 881 978 977
f 882 883 979
f 882 979 978
f 883 884 980
f 883 980 979
f 884 885 981
f 884 981 980
f 885 886 982
f 885 982 981
f 886 887 983
f 886 983 982
f 887 888 984
f 887 984 983
f 888 889 985
f 888 985 984
f 889 890 986
f 889 986 985
f 890 891 987
f 890 987 986
f 891 892 988
f 891 988 987
f 892 893 989
f 892 989 988
f 893 894 990
f 893 990 989
f 894 895 991
f 894 991 990
f 895 896 992
f 895 992 991
f 896 897 993
f 896 993 992
f 897 898 994
f 897 994 993
f 898 899 995
f 898 995 994
f 899 900 996
f 899 996 995
f 900 901 997
f 900 997 996
f 901 902 998
f 901 998 997
f 902 903 999
f 902 999 998
f 903 904 1000
f 903 1000 999
f 904 905 1001
f 904 1001 1000
f 905 906 1002
f 905 1002 1001
f 906 907 1003
f 906 1003 1002
f 907 908 1004
f 907 1004 1003
f 908 909 1005
f 908 1005 1004
f 909 910 1006
f 909 1006 1005
f 910 911 1007
f 910 1007 1006
f 911 912 1008
f 911 1008 1007
f 912 913 1009
f 912 1009 1008
f 913 914 1010
f 913 1010 1009
f 914 915 1011
f 914 1011 1010
f 915 916 1012
f 915 1012 1011
f 916 917 1013
f 916 1013 1012
f 917 918 1014
f 917 1014 1013
f 918 919 1015
f 918 1015 1014
f 919 920 1016
f 919 1016 1015
f 920 921 1017
f 920 1017 1016
f 921 922 1018
f 921 1018 1017
f 922 923 1019
f 922 1019 1018
f 923 924 1020
f 923 1020 1019
f 924 925 1021
f 924 1021 1020
f 925 926 1022
f 925 1022 1021
f 926 927 1023
f 926 1023 1022
f 927 928 1024
f 927 1024 1023
f 928 929 1025
f 928 1025 1024
f 929 930 1026
f 929 1026 1025
f 930 931 1027
f 930 1027 1026
f 931 932 1028
f 931 1028 1027
f 932 933 1029
f 932 1029 1028
f 933 934 1030
f 933 1030 1029
f 934 935 1031
f 934 1031 1030
f 935 936 1032
f 935 1032 1031
f 936 937 1033
f 936 1033 1032
f 937 938 1034
f 937 1034 1033
f 938 939 1035
f 938 1035 1034
f 939 940 1036
f 939 1036 1035
f 940 941 1037
f 940 1037 1036
f 941 942 1038
f 941 1038 1037
f 942 943 1039
f 942 1039 1038
f 943 944 1040
f 943 1040 1039
f 944 945 1041
f 944 1041 1040
f 945 946 1042
f 945 1042 1041
f 946 947 1043
f 946 1043 1042
f 947 948 1044
f 947 1044 1043
f 948 949 1045
f 948 1045 1044
f 949 950 1046
f 949 1046 1045
f 950 951 1047
f 950 1047 1046
f 951 952 1048
f 951 1048 1047
f 952 953 1049
f 952 1049 1048
f 953 954 1050
f 953 1050 1049
f 954 955 1051
f 954 1051 1050
f 955 956 1052
f 955 1052 1051
f 956 957 1053
f 956 1053 1052
f 957 958 1054
f 957 1054 1053
f 958 959 1055
f 958 1055 1054
f 959 960 1056
f 959 1056 1055
f 960 866 962
f 960 962 1056
f 962 961 1057
f 962 1057 1058
f 961 963 1059
f 961 1059 1057
f 963 964 1060
f 963 1060 1059
f 964 965 1061
f 964 1061 1060
f 965 966 1062
f 965 1062 1061
f 966 967 1063
f 966 1063 1062
f 967 968 1064
f 967 1064 1063
f 968 969 1065
f 968 1065 1064
f 969 970 1066
f 969 1066 1065
f 970 971 1067
f 970 1067 1066
f 971 972 1068
f 971 1068 1067
f 972 973 1069
f 972 1069 1068
f 973 974 1070
f 973 1070 1069
f 974 975 1071
f 974 1071 1070
f 975 976 1072
f 975 1072 1071
f 976 977 1073
f 976 1073 1072
f 977 978 1074
f 977 1074 1073
f 978 979 1075
f 978 1075 1074
f 979 980 1076
f 979 1076 1075
f 980 981 1077
f 980 1077 1076
f 981 982 1078
f 981 1078 1077
f 982 983 1079
f 982 1079 1078
f 983 984 1080
f 983 1080 1079
f 984 985 1081
f 984 1081 1080
f 985 986 1082
f 985 1082 1081
f 986 987 1083
f 986 1083 1082
f 987 988 1084
f 987 1084 1083
f 988 989 1085
f 988 1085 1084
f 989 990 1086
f 989 1086 1085
f 990 991 1087
f 990 1087 1086
f 991 992 1088
f 991 1088 1087
f 992 993 1089
f 992 1089 1088
f 993 994 1090
f 993 1090 1089
f 994 995 1091
f 994 1091 1090
f 995 996 1092
f 995 1092 1091
f 996 997 1093
f 996 1093 1092
f 997 998 1094
f 997 1094 1093
f 998 999 1095
f 998 1095 1094
f 999 1000 1096
f 999 1096 1095
f 1000 1001 1097
f 1000 1097 1096
f 1001 1002 1098
f 1001 1098 1097
f 1002 1003 1099
f 1002 1099 1098
f 1003 1004 1100
f 1003 1100 1099
f 1004 1005 1101
f 1004 1101 1100
f 1005 1006 1102
f 1005 1102 1101
f 1006 1007 1103
f 1006 1103 1102
f 1007 1008 1104
f 1007 1104 1103
f 1008 1009 1105
f 1008 1105 1104
f 1009 1010 1106
f 1009 1106 1105
f 1010 1011 1107
f 1010 1107 1106
f 1011 1012 1108
f 1011 1108 1107
f 1012 1013 1109
f 1012 1109 1108
f 1013 1014 1110
f 1013 1110 1109
f 1014 1015 1111
f 1014 1111 1110
f 1015 1016 1112
f 1015 1112 1111
f 1016 1017 1113
f 1016 1113 1112
f 1017 1018 1114
f 1017 1114 1113
f 1018 1019 1115
f 1018 1115 1114
f 1019 1020 1116
f 1019 1116 1115
f 1020 1021 1117
f 1020 1117 1116
f 1021 1022 1118
f 1021 1118 1117
f 1022 1023 1119
f 1022 1119 1118
f 1023 1024 1120
f 1023 1120 1119
f 1024 1025 1121
f 1024 1121 1120
f 1025 1026 1122
f 1025 1122 1121
f 1026 1027 1123
f 1026 1123 1122
f 1027 1028 1124
f 1027 1124 1123
f 1028 1029 1125
f 1028 1125 1124
f 1029 1030 1126
f 1029 1126 1125
f 1030 1031 1127
f 1030 1127 1126
f 1031 1032 1128
f 1031 1128 1127
f 1032 1033 1129
f 1032 1129 1128
f 1033 1034 1130
f 1033 1130 1129
f 1034 1035 1131
f 1034 1131 1130
f 1035 1036 1132
f 1035 1132 1131
f 1036 1037 1133
f 1036 1133 1132
f 1037 1038 1134
f 1037 1134 1133
f 1038 1039 1135
f 1038 1135 1134
f 1039 1040 1136
f 1039 1136 1135
f 1040 1041 1137
f 1040 1137 1136
f 1041 1042 1138
f 1041 1138 1137
f 1042 1043 1139
f 1042 1139 1138
f 1043 1044 1140
f 1043 1140 1139
f 1044 1045 1141
f 1044 1141 1140
f 1045 1046 1142
f 1045 1142 1141
f 1046 1047 1143
f 1046 1143 1142
f 1047 1048 1144
f 1047 1144 1143
f 1048 1049 1145
f 1048 1145 1144
f 1049 1050 1146
f 1049 1146 1145
f 1050 1051 1147
f 1050 1147 1146
f 1051 1052 1148
f 1051 1148 1147
f 1052 1053 1149
f 1052 1149 1148
f 1053 1054 1150
f 1053 1150 1149
f 1054 1055 1151
f 1054 1151 1150
f 1055 1056 1152
f 1055 1152 1151
f 1056 962 1058
f 1056 1058 1152
f 1058 1057 1153
f 1058 1153 1154
f 1057 1059 1155
f 1057 1155 1153
f 1059 1060 1156
f 1059 1156 1155
f 1060 1061 1157
f 1060 1157 1156
f 1061 1062 1158
f 1061 1158 1157
f 1062 1063 1159
f 1062 1159 1158
f 1063 1064 1160
f 1063 1160 1159
f 1064 1065 1161
f 1064 1161 1160
f 1065 1066 1162
f 1065 1162 1161
f 1066 1067 1163
f 1066 1163 1162
f 1067 1068 1164
f 1067 1164 1163
f 1068 1069 1165
f 1068 1165 1164
f 1069 1070 1166
f 1069 1166 1165
f 1070 1071 1167
f 1070 1167 1166
f 1071 1072 1168
f 1071 1168 1167
f 1072 1073 1169
f 1072 1169 1168
f 1073 1074 1170
f 1073 1170 1169
f 1074 1075 1171
f 1074 1171 1170
f 1075 1076 1172
f 1075 1172 1171
f 1076 1077 1173
f 1076 1173 1172
f 1077 1078 1174
f 1077 1174 1173
f 1078 1079 1175
f 1078 1175 1174
f 1079 1080 1176
f 1079 1176 1175
f 1080 1081 1177
f 1080 1177 1176
f 1081 1082 1178
f 1081 1178 1177
f 1082 1083 1179
f 1082 1179 1178
f 1083 1084 1180
f 1083 1180 1179
f 1084 1085 1181
f 1084 1181 1180
f 1085 1086 1182
f 1085 1182 1181
f 1086 1087 1183
f 1086 1183 1182
f 1087 1088 1184
f 1087 1184 1183
f 1088 1089 1185
f 1088 1185 1184
f 1089 1090 1186
f 1089 1186 1185
f 1090 1091 1187
f 1090 1187 1186
f 1091 1092 1188
f 1091 1188 1187
f 1092 1093 1189
f 1092 1189 1188
f 1093 1094 1190
f 1093 1190 1189
f 1094 1095 1191
f 1094 1191 1190
f 1095 1096 1192
f 1095 1192 1191
f 1096 1097 1193
f 1096 1193 1192
f 1097 1098 1194
f 1097 1194 1193
f 1098 1099 1195
f 1098 1195 1194
f 1099 1100 1196
f 1099 1196 1195
f 1100 1101 1197
f 1100 1197 1196
f 1101 1102 1198
f 1101 1198 1197
f 1102 1103 1199
f 1102 1199 1198
f 1103 1104 1200
f 1103 1200 1199
f 1104 1105 1201
f 1104 1201 1200
f 1105 1106 1202
f 1105 1202 1201
f 1106 1107 1203
f 1106 1203 1202
f 1107 1108 1204
f 1107 1204 1203
f 1108 1109 1205
f 1108 1205 1204
f 1109 1110 1206
f 1109 1206 1205
f 1110 1111 1207
f 1110 1207 1206
f 1111 1112 1208
f 1111 1208 1207
f 1112 1113 1209
f 1112 1209 1208
f 1113 1114 1210
f 1113 1210 1209
f 1114 1115 1211
f 1114 1211 1210
f 1115 1116 1212
f 1115 1212 1211
f 1116 1117 1213
f 1116 1213 1212
f 1117 1118 1214
f 1117 1214 1213
f 1118 1119 1215
f 1118 1215 1214
f 1119 1120 1216
f 1119 1216 1215
f 1120 1121 1217
f 1120 1217 1216
f 1121 1122 1218
f 1121 1218 1217
f 1122 1123 1219
f 1122 1219 1218
f 1123 1124 1220
f 1123 1220 1219
f 1124 1125 1221
f 1124 1221 1220
f 1125 1126 1222
f 1125 1222 1221
f 1126 1127 1223
f 1126 1223 1222
f 1127 1128 1224
f 1127 1224 1223
f 1128 1129 1225
f 1128 1225 1224
f 1129 1130 1226
f 1129 1226 1225
f 1130 1131 1227
f 1130 1227 1226
f 1131 1132 1228
f 1131 1228 1227
f 1132 1133 1229
f 1132 1229 1228
f 1133 1134 1230
f 1133 1230 1229
f 1134 1135 1231
f 1134 1231 1230
f 1135 1136 1232
f 1135 1232 1231
f 1136 1137 1233
f 1136 1233 1232
f 1137 1138 1234
f 1137 1234 1233
f 1138 1139 1235
f 1138 1235 1234
f 1139 1140 1236
f 1139 1236 1235
f 1140 1141 1237
f 1140 1237 1236
f 1141 1142 1238
f 1141 1238 1237
f 1142 1143 1239
f 1142 1239 1238
f 1143 1144 1240
f 1143 1240 1239
f 1144 1145 1241
f 1144 1241 1240
f 1145 1146 1242
f 1145 1242 1241
f 1146 1147 1243
f 1146 1243 1242
f 1147 1148 1244
f 1147 1244 1243
f 1148 1149 1245
f 1148 1245 1244
f 1149 1150 1246
f 1149 1246 1245
f 1150 1151 1247
f 1150 1247 1246
f 1151 1152 1248
f 1151 1248 1247
f 1152 1058 1154
f 1152 1154 1248
f 1154 1153 1249
f 1154 1249 1250
f 1153 1155 1251
f 1153 1251 1249
f 1155 1156 1252
f 1155 1252 1251
f 1156 1157 1253
f 1156 1253 1252
f 1157 1158 1254
f 1157 1254 1253
f 1158 1159 1255
f 1158 1255 1254
f 1159 1160 1256
f 1159 1256 1255
f 1160 1161 1257
f 1160 1257 1256
f 1161 1162 1258
f 1161 1258 1257
f 1162 1163 1259
f 1162 1259 1258
f 1163 1164 1260
f 1163 1260 1259
f 1164 1165 1261
f 1164 1261 1260
f 1165 1166 1262
f 1165 1262 1261
f 1166 1167 1263
f 1166 1263 1262
f 1167 1168 1264
f 1167 1264 1263
f 1168 1169 1265
f 1168 1265 1264
f 1169 1170 1266
f 1169 1266 1265
f 1170 1171 1267
f 1170 1267 1266
f 1171 1172 1268
f 1171 1268 1267
f 1172 1173 1269
f 1172 1269 1268
f 1173 1174 1270
f 1173 1270 1269
f 1174 1175 1271
f 1174 1271 1270
f 1175 1176 1272
f 1175 1272 1271
f 1176 1177 1273
f 1176 1273 1272
f 1177 1178 1274
f 1177 1274 1273
f 1178 1179 1275
f 1178 1275 1274
f 1179 1180 1276
f 1179 1276 1275
f 1180 1181 1277
f 1180 1277 1276
f 1181 1182 1278
f 1181 1278 1277
f 1182 1183 1279
f 1182 1279 1278
f 1183 1184 1280
f 1183 1280 1279
f 1184 1185 1281
f 1184 1281 1280
f 1185 1186 1282
f 1185 1282 1281
f 1186 1187 1283
f 1186 1283 1282
f 1187 1188 1284
f 1187 1284 1283
f 1188 1189 1285
f 1188 1285 1284
f 1189 1190 1286
f 1189 1286 1285
f 1190 1191 1287
f 1190 1287 1286
f 1191 1192 1288
f 1191 1288 1287
f 1192 1193 1289
f 1192 1289 1288
f 1193 1194 1290
f 1193 1290 1289
f 1194 1195 1291
f 1194 1291 1290
f 1195 1196 1292
f 1195 1292 1291
f 1196 1197 1293
f 1196 1293 1292
f 1197 1198 1294
f 1197 1294 1293
f 1198 1199 1295
f 1198 1295 1294
f 1199 1200 1296
f 1199 1296 1295
f 1200 1201 1297
f 1200 1297 1296
f 1201 1202 1298
f 1201 1298 1297
f 1202 1203 1299
f 1202 1299 1298
f 1203 1204 1300
f 1203 1300 1299
f 1204 1205 1301
f 1204 1301 1300
f 1205 1206 1302
f 1205 1302 1301
f 1206 1207 1303
f 1206 1303 1302
f 1207 1208 1304
f 1207 1304 1303
f 1208 1209 1305
f 1208 1305 1304
f 1209 1210 1306
f 1209 1306 1305
f 1210 1211 1307
f 1210 1307 1306
f 1211 1212 1308
f 1211 1308 1307
f 1212 1213 1309
f 1212 1309 1308
f 1213 1214 1310
f 1213 1310 1309
f 1214 1215 1311
f 1214 1311 1310
f 1215 1216 1312
f 1215 1312 1311
f 1216 1217 1313
f 1216 1313 1312
f 1217 1218 1314
f 1217 1314 1313
f 1218 1219 1315
f 1218 1315 1314
f 1219 1220 1316
f 1219 1316 1315
f 1220 1221 1317
f 1220 1317 1316
f 1221 1222 1318
f 1221 1318 1317
f 1222 1223 1319
f 1222 1319 1318
f 1223 1224 1320
f 1223 1320 1319
f 1224 1225 1321
f 1224 1321 1320
f 1225 1226 1322
f 1225 1322 1321
f 1226 1227 1323
f 1226 1323 1322
f 1227 1228 1324
f 1227 1324 1323
f 1228 1229 1325
f 1228 1325 1324
f 1229 1230 1326
f 1229 1326 1325
f 1230 1231 1327
f 1230 1327 1326
f 1231 1232 1328
f 1231 1328 1327
f 1232 1233 1329
f 1232 1329 1328
f 1233 1234 1330
f 1233 1330 1329
f 1234 1235 1331
f 1234 1331 1330
f 1235 1236 1332
f 1235 1332 1331
f 1236 1237 1333
f 1236 1333 1332
f 1237 1238 1334
f 1237 1334 1333
f 1238 1239 1335
f 1238 1335 1334
f 1239 1240 1336
f 1239 1336 1335
f 1240 1241 1337
f 1240 1337 1336
f 1241 1242 1338
f 1241 1338 1337
f 1242 1243 1339
f 1242 1339 1338
f 1243 1244 1340
f 1243 1340 1339
f 1244 1245 1341
f 1244 1341 1340
f 1245 1246 1342
f 1245 1342 1341
f 1246 1247 1343
f 1246 1343 1342
f 1247 1248 1344
f 1247 1344 1343
f 1248 1154 1250
f 1248 1250 1344
f 1250 1249 1345
f 1250 1345 1346
f 1249 1251 1347
f 1249 1347 1345
f 1251 1252 1348
f 1251 1348 1347
f 1252 1253 1349
f 1252 1349 1348
f 1253 1254 1350
f 1253 1350 1349
f 1254 1255 1351
f 1254 1351 1350
f 1255 1256 1352
f 1255 1352 1351
f 1256 1257 1353
f 1256 1353 1352
f 1257 1258 1354
f 1257 1354 1353
f 1258 1259 1355
f 1258 1355 1354
f 1259 1260 1356
f 1259 1356 1355
f 1260 1261 1357
f 1260 1357 1356
f 1261 1262 1358
f 1261 1358 1357
f 1262 1263 1359
f 1262 1359 1358
f 1263 1264 1360
f 1263 1360 1359
f 1264 1265 1361
f 1264 1361 1360
f 1265 1266 1362
f 1265 1362 1361
f 1266 1267 1363
f 1266 1363 1362
f 1267 1268 1364
f 1267 1364 1363
f 1268 1269 1365
f 1268 1365 1364
f 1269 1270 1366
f 1269 1366 1365
f 1270 1271 1367
f 1270 1367 1366
f 1271 1272 1368
f 1271 1368 1367
f 1272 1273 1369
f 1272 1369 1368
f 1273 1274 1370
f 1273 1370 1369
f 1274 1275 1371
f 1274 1371 1370
f 1275 1276 1372
f 1275 1372 1371
f 1276 1277 1373
f 1276 1373 1372
f 1277 1278 1374
f 1277 1374 1373
f 1278 1279 1375
f 1278 1375 1374
f 1279 1280 1376
f 1279 1376 1375
f 1280 1281 1377
f 1280 1377 1376
f 1281 1282 1378
f 1281 1378 1377
f 1282 1283 1379
f 1282 1379 1378
f 1283 1284 1380
f 1283 1380 1379
f 1284 1285 1381
f 1284 1381 1380
f 1285 1286 1382
f 1285 1382 1381
f 1286 1287 1383
f 1286 1383 1382
f 1287 1288 1384
f 1287 1384 1383
f 1288 1289 1385
f 1288 1385 1384
f 1289 1290 1386
f 1289 1386 1385
f 1290 1291 1387
f 1290 1387 1386
f 1291 1292 1388
f 1291 1388 1387
f 1292 1293 1389
f 1292 1389 1388
f 1293 1294 1390
f 1293 1390 1389
f 1294 1295 1391
f 1294 1391 1390
f 1295 1296 1392
f 1295 1392 1391
f 1296 1297 1393
f 1296 1393 1392
f 1297 1298 1394
f 1297 1394 1393
f 1298 1299 1395
f 1298 1395 1394
f 1299 1300 1396
f 1299 1396 1395
f 1300 1301 1397
f 1300 1397 1396
f 1301 1302 1398
f 1301 1398 1397
f 1302 1303 1399
f 1302 1399 1398
f 1303 1304 1400
f 1303 1400 1399
f 1304 1305 1401
f 1304 1401 1400
f 1305 1306 1402
f 1305 1402 1401
f 1306 1307 1403
f 1306 1403 1402
f 1307 1308 1404
f 1307 1404 1403
f 1308 1309 1405
f 1308 1405 1404
f 1309 1310 1406
f 1309 1406 1405
f 1310 1311 1407
f 1310 1407 1406
f 1311 1312 1408
f 1311 1408 1407
f 1312 1313 1409
f 1312 1409 1408
f 1313 1314 1410
f 1313 1410 1409
f 1314 1315 1411
f 1314 1411 1410
f 1315 1316 1412
f 1315 1412 1411
f 1316 1317 1413
f 1316 1413 1412
f 1317 1318 1414
f 1317 1414 1413
f 1318 1319 1415
f 1318 1415 1414
f 1319 1320 1416
f 1319 1416 1415
f 1320 1321 1417
f 1320 1417 1416
f 1321 1322 1418
f 1321 1418 1417
f 1322 1323 1419
f 1322 1419 1418
f 1323 1324 1420
f 1323 1420 1419
f 1324 1325 1421
f 1324 1421 1420
f 1325 1326 1422
f 1325 1422 1421
f 1326 1327 1423
f 1326 1423 1422
f 1327 1328 1424
f 1327 1424 1423
f 1328 1329 1425
f 1328 1425 1424
f 1329 1330 1426
f 1329 1426 1425
f 1330 1331 1427
f 1330 1427 1426
f 1331 1332 1428
f 1331 1428 1427
f 1332 1333 1429
f 1332 1429 1428
f 1333 1334 1430
f 1333 1430 1429
f 1334 1335 1431
f 1334 1431 1430
f 1335 1336 1432
f 1335 1432 1431
f 1336 1337 1433
f 1336 1433 1432
f 1337 1338 1434
f 1337 1434 1433
f 1338 1339 1435
f 1338 1435 1434
f 1339 1340 1436
f 1339 1436 1435
f 1340 1341 1437
f 1340 1437 1436
f 1341 1342 1438
f 1341 1438 1437
f 1342 1343 1439
f 1342 1439 1438
f 1343 1344 1440
f 1343 1440 1439
f 1344 1250 1346
f 1344 1346 1440
f 1346 1345 1441
f 1346 1441 1442
f 1345 1347 1443
f 1345 1443 1441
f 1347 1348 1444
f 1347 1444 1443
f 1348 1349 1445
f 1348 1445 1444
f 1349 1350 1446
f 1349 1446 1445
f 1350 1351 1447
f 1350 1447 1446
f 1351 1352 1448
f 1351 1448 1447
f 1352 1353 1449
f 1352 1449 1448
f 1353 1354 1450
f 1353 1450 1449
f 1354 1355 1451
f 1354 1451 1450
f 1355 1356 1452
f 1355 1452 1451
f 1356 1357 1453
f 1356 1453 1452
f 1357 1358 1454
f 1357 1454 1453
f 1358 1359 1455
f 1358 1455 1454
f 1359 1360 1456
f 1359 1456 1455
f 1360 1361 1457
f 1360 1457 1456
f 1361 1362 1458
f 1361 1458 1457
f 1362 1363 1459
f 1362 1459 1458
f 1363 1364 1460
f 1363 1460 1459
f 1364 1365 1461
f 1364 1461 1460
f 1365 1366 1462
f 1365 1462 1461
f 1366 1367 1463
f 1366 1463 1462
f 1367 1368 1464
f 1367 1464 1463
f 1368 1369 1465
f 1368 1465 1464
f 1369 1370 1466
f 1369 1466 1465
f 1370 1371 1467
f 1370 1467 1466
f 1371 1372 1468
f 1371 1468 1467
f 1372 1373 1469
f 1372 1469 1468
f 1373 1374 1470
f 1373 1470 1469
f 1374 1375 1471
f 1374 1471 1470
f 1375 1376 1472
f 1375 1472 1471
f 1376 1377 1473
f 1376 1473 1472
f 1377 1378 1474
f 1377 1474 1473
f 1378 1379 1475
f 1378 1475 1474
f 1379 1380 1476
f 1379 1476 1475
f 1380 1381 1477
f 1380 1477 1476
f 1381 1382 1478
f 1381 1478 1477
f 1382 1383 1479
f 1382 1479 1478
f 1383 1384 1480
f 1383 1480 1479
f 1384 1385 1481
f 1384 1481 1480
f 1385 1386 1482
f 1385 1482 1481
f 1386 1387 1483
f 1386 1483 1482
f 1387 1388 1484
f 1387 1484 1483
f 1388 1389 1485
f 1388 1485 1484
f 1389 1390 1486
f 1389 1486 1485
f 1390 1391 1487
f 1390 1487 1486
f 1391 1392 1488
f 1391 1488 1487
f 1392 1393 1489
f 1392 1489 1488
f 1393 1394 1490
f 1393 1490 1489
f 1394 1395 1491
f 1394 1491 1490
f 1395 1396 1492
f 1395 1492 1491
f 1396 1397 1493
f 1396 1493 1492
f 1397 1398 1494
f 1397 1494 1493
f 1398 1399 1495
f 1398 1495 1494
f 1399 1400 1496
f 1399 1496 1495
f 1400 1401 1497
f 1400 1497 1496
f 1401 1402 1498
f 1401 1498 1497
f 1402 1403 1499
f 1402 1499 1498
f 1403 1404 1500
f 1403 1500 1499
f 1404 1405 1501
f 1404 1501 1500
f 1405 1406 1502
f 1405 1502 1501
f 1406 1407 1503
f 1406 1503 1502
f 1407 1408 1504
f 1407 1504 1503
f 1408 1409 1505
f 1408 1505 1504
f 1409 1410 1506
f 1409 1506 1505
f 1410 1411 1507
f 1410 1507 1506
f 1411 1412 1508
f 1411 1508 1507
f 1412 1413 1509
f 1412 1509 1508
f 1413 1414 1510
f 1413 1510 1509
f 1414 1415 1511
f 1414 1511 1510
f 1415 1416 1512
f 1415 1512 1511
f 1416 1417 1513
f 1416 1513 1512
f 1417 1418 1514
f 1417 1514 1513
f 1418 1419 1515
f 1418 1515 1514
f 1419 1420 1516
f 1419 1516 1515
f 1420 1421 1517
f 1420 1517 1516
f 1421 1422 1518
f 1421 1518 1517
f 1422 1423 1519
f 1422 1519 1518
f 1423 1424 1520
f 1423 1520 1519
f 1424 1425 1521
f 1424 1521 1520
f 1425 1426 1522
f 1425 1522 1521
f 1426 1427 1523
f 1426 1523 1522
f 1427 1428 1524
f 1427 1524 1523
f 1428 1429 1525
f 1428 1525 1524
f 1429 1430 1526
f 1429 1526 1525
f 1430 1431 1527
f 1430 1527 1526
f 1431 1432 1528
f 1431 1528 1527
f 1432 1433 1529
f 1432 1529 1528
f 1433 1434 1530
f 1433 1530 1529
f 1434 1435 1531
f 1434 1531 1530
f 1435 1436 1532
f 1435 1532 1531
f 1436 1437 1533
f 1436 1533 1532
f 1437 1438 1534
f 1437 1534 1533
f 1438 1439 1535
f 1438 1535 1534
f 1439 1440 1536
f 1439 1536 1535
f 1440 1346 1442
f 1440 1442 1536
f 1442 1441 1537
f 1442 1537 1538
f 1441 1443 1539
f 1441 1539 1537
f 1443 1444 1540
f 1443 1540 1539
f 1444 1445 1541
f 1444 1541 1540
f 1445 1446 1542
f 1445 1542 1541
f 1446 1447 1543
f 1446 1543 1542
f 1447 1448 1544
f 1447 1544 1543
f 1448 1449 1545
f 1448 1545 1544
f 1449 1450 1546
f 1449 1546 1545
f 1450 1451 1547
f 1450 1547 1546
f 1451 1452 1548
f 1451 1548 1547
f 1452 1453 1549
f 1452 1549 1548
f 1453 1454 1550
f 1453 1550 1549
f 1454 1455 1551
f 1454 1551 1550
f 1455 1456 1552
f 1455 1552 1551
f 1456 1457 1553
f 1456 1553 1552
f 1457 1458 1554
f 1457 1554 1553
f 1458 1459 1555
f 1458 1555 1554
f 1459 1460 1556
f 1459 1556 1555
f 1460 1461 1557
f 1460 1557 1556
f 1461 1462 1558
f 1461 1558 1557
f 1462 1463 1559
f 1462 1559 1558
f 1463 1464 1560
f 1463 1560 1559
f 1464 1465 1561
f 1464 1561 1560
f 1465 1466 1562
f 1465 1562 1561
f 1466 1467 1563
f 1466 1563 1562
f 1467 1468 1564
f 1467 1564 1563
f 1468 1469 1565
f 1468 1565 1564
f 1469 1470 1566
f 1469 1566 1565
f 1470 1471 1567
f 1470 1567 1566
f 1471 1472 1568
f 1471 1568 1567
f 1472 1473 1569
f 1472 1569 1568
f 1473 1474 1570
f 1473 1570 1569
f 1474 1475 1571
f 1474 1571 1570
f 1475 1476 1572
f 1475 1572 1571
f 1476 1477 1573
f 1476 1573 1572
f 1477 1478 1574
f 1477 1574 1573
f 1478 1479 1575
f 1478 1575 1574
f 1479 1480 1576
f 1479 1576 1575
f 1480 1481 1577
f 1480 1577 1576
f 1481 1482 1578
f 1481 1578 1577
f 1482 1483 1579
f 1482 1579 1578
f 1483 1484 1580
f 1483 1580 1579
f 1484 1485 1581
f 1484 1581 1580
f 1485 1486 1582
f 1485 1582 1581
f 1486 1487 1583
f 1486 1583 1582
f 1487 1488 1584
f 1487 1584 1583
f 1488 1489 1585
f 1488 1585 1584
f 1489 1490 1586
f 1489 1586 1585
f 1490 1491 1587
f 1490 1587 1586
f 1491 1492 1588
f 1491 1588 1587
f 1492 1493 1589
f 1492 1589 1588
f 1493 1494 1590
f 1493 1590 1589
f 1494 1495 1591
f 1494 1591 1590
f 1495 1496 1592
f 1495 1592 1591
f 1496 1497 1593
f 1496 1593 1592
f 1497 1498 1594
f 1497 1594 1593
f 1498 1499 1595
f 1498 1595 1594
f 1499 1500 1596
f 1499 1596 1595
f 1500 1501 1597
f 1500 1597 1596
f 1501 1502 1598
f 1501 1598 1597
f 1502 1503 1599
f 1502 1599 1598
f 1503 1504 1600
f 1503 1600 1599
f 1504 1505 1601
f 1504 1601 1600
f 1505 1506 1602
f 1505 1602 1601
f 1506 1507 1603
f 1506 1603 1602
f 1507 1508 1604
f 1507 1604 1603
f 1508 1509 1605
f 1508 1605 1604
f 1509 1510 1606
f 1509 1606 1605
f 1510 1511 1607
f 1510 1607 1606
f 1511 1512 1608
f 1511 1608 1607
f 1512 1513 1609
f 1512 1609 1608
f 1513 1514 1610
f 1513 1610 1609
f 1514 1515 1611
f 1514 1611 1610
f 1515 1516 1612
f 1515 1612 1611
f 1516 1517 1613
f 1516 1613 1612
f 1517 1518 1614
f 1517 1614 1613
f 1518 1519 1615
f 1518 1615 1614
f 1519 1520 1616
f 1519 1616 1615
f 1520 1521 1617
f 1520 1617 1616
f 1521 1522 1618
f 1521 1618 1617
f 1522 1523 1619
f 1522 1619 1618
f 1523 1524 1620
f 1523 1620 1619
f 1524 1525 1621
f 1524 1621 1620
f 1525 1526 1622
f 1525 1622 1621
f 1526 1527 1623
f 1526 1623 1622
f 1527 1528 1624
f 1527 1624 1623
f 1528 1529 1625
f 1528 1625 1624
f 1529 1530 1626
f 1529 1626 1625
f 1530 1531 1627
f 1530 1627 1626
f 1531 1532 1628
f 1531 1628 1627
f 1532 1533 1629
f 1532 1629 1628
f 1533 1534 1630
f 1533 1630 1629
f 1534 1535 1631
f 1534 1631 1630
f 1535 1536 1632
f 1535 1632 1631
f 1536 1442 1538
f 1536 1538 1632
f 1538 1537 1633
f 1538 1633 1634
f 1537 1539 1635
f 1537 1635 1633
f 1539 1540 1636
f 1539 1636 1635
f 1540 1541 1637
f 1540 1637 1636
f 1541 1542 1638
f 1541 1638 1637
f 1542 1543 1639
f 1542 1639 1638
f 1543 1544 1640
f 1543 1640 1639
f 1544 1545 1641
f 1544 1641 1640
f 1545 1546 1642
f 1545 1642 1641
f 1546 1547 1643
f 1546 1643 1642
f 1547 1548 1644
f 1547 1644 1643
f 1548 1549 1645
f 1548 1645 1644
f 1549 1550 1646
f 1549 1646 1645
f 1550 1551 1647
f 1550 1647 1646
f 1551 1552 1648
f 1551 1648 1647
f 1552 1553 1649
f 1552 1649 1648
f 1553 1554 1650
f 1553 1650 1649
f 1554 1555 1651
f 1554 1651 1650
f 1555 1556 1652
f 1555 1652 1651
f 1556 1557 1653
f 1556 1653 1652
f 1557 1558 1654
f 1557 1654 1653
f 1558 1559 1655
f 1558 1655 1654
f 1559 1560 1656
f 1559 1656 1655
f 1560 1561 1657
f 1560 1657 1656
f 1561 1562 1658
f 1561 1658 1657
f 1562 1563 1659
f 1562 1659 1658
f 1563 1564 1660
f 1563 1660 1659
f 1564 1565 1661
f 1564 1661 1660
f 1565 1566 1662
f 1565 1662 1661
f 1566 1567 1663
f 1566 1663 1662
f 1567 1568 1664
f 1567 1664 1663
f 1568 1569 1665
f 1568 1665 1664
f 1569 1570 1666
f 1569 1666 1665
f 1570 1571 1667
f 1570 1667 1666
f 1571 1572 1668
f 1571 1668 1667
f 1572 1573 1669
f 1572 1669 1668
f 1573 1574 1670
f 1573 1670 1669
f 1574 1575 1671
f 1574 1671 1670
f 1575 1576 1672
f 1575 1672 1671
f 1576 1577 1673
f 1576 1673 1672
f 1577 1578 1674
f 1577 1674 1673
f 1578 1579 1675
f 1578 1675 1674
f 1579 1580 1676
f 1579 1676 1675
f 1580 1581 1677
f 1580 1677 1676
f 1581 1582 1678
f 1581 1678 1677
f 1582 1583 1679
f 1582 1679 1678
f 1583 1584 1680
f 1583 1680 1679
f 1584 1585 1681
f 1584 1681 1680
f 1585 1586 1682
f 1585 1682 1681
f 1586 1587 1683
f 1586 1683 1682
f 1587 1588 1684
f 1587 1684 1683
f 1588 1589 1685
f 1588 1685 1684
f 1589 1590 1686
f 1589 1686 1685
f 1590 1591 1687
f 1590 1687 1686
f 1591 1592 1688
f 1591 1688 1687
f 1592 1593 1689
f 1592 1689 1688
f 1593 1594 1690
f 1593 1690 1689
f 1594 1595 1691
f 1594 1691 1690
f 1595 1596 1692
f 1595 1692 1691
f 1596 1597 1693
f 1596 1693 1692
f 1597 1598 1694
f 1597 1694 1693
f 1598 1599 1695
f 1598 1695 1694
f 1599 1600 1696
f 1599 1696 1695
f 1600 1601 1697
f 1600 1697 1696
f 1601 1602 1698
f 1601 1698 1697
f 1602 1603 1699
f 1602 1699 1698
f 1603 1604 1700
f 1603 1700 1699
f 1604 1605 1701
f 1604 1701 1700
f 1605 1606 1702
f 1605 1702 1701
f 1606 1607 1703
f 1606 1703 1702
f 1607 1608 1704
f 1607 1704 1703
f 1608 1609 1705
f 1608 1705 1704
f 1609 1610 1706
f 1609 1706 1705
f 1610 1611 1707
f 1610 1707 1706
f 1611 1612 1708
f 1611 1708 1707
f 1612 1613 1709
f 1612 1709 1708
f 1613 1614 1710
f 1613 1710 1709
f 1614 1615 1711
f 1614 1711 1710
f 1615 1616 1712
f 1615 1712 1711
f 1616 1617 1713
f 1616 1713 1712
f 1617 1618 1714
f 1617 1714 1713
f 1618 1619 1715
f 1618 1715 1714
f 1619 1620 1716
f 1619 1716 1715
f 1620 1621 1717
f 1620 1717 1716
f 1621 1622 1718
f 1621 1718 1717
f 1622 1623 1719
f 1622 1719 1718
f 1623 1624 1720
f 1623 1720 1719
f 1624 1625 1721
f 1624 1721 1720
f 1625 1626 1722
f 1625 1722 1721
f 1626 1627 1723
f 1626 1723 1722
f 1627 1628 1724
f 1627 1724 1723
f 1628 1629 1725
f 1628 1725 1724
f 1629 1630 1726
f 1629 1726 1725
f 1630 1631 1727
f 1630 1727 1726
f 1631 1632 1728
f 1631 1728 1727
f 1632 1538 1634
f 1632 1634 1728
f 1634 1633 1729
f 1634 1729 1730
f 1633 1635 1731
f 1633 1731 1729
f 1635 1636 1732
f 1635 1732 1731
f 1636 1637 1733
f 1636 1733 1732
f 1637 1638 1734
f 1637 1734 1733
f 1638 1639 1735
f 1638 1735 1734
f 1639 1640 1736
f 1639 1736 1735
f 1640 1641 1737
f 1640 1737 1736
f 1641 1642 1738
f 1641 1738 1737
f 1642 1643 1739
f 1642 1739 1738
f 1643 1644 1740
f 1643 1740 1739
f 1644 1645 1741
f 1644 1741 1740
f 1645 1646 1742
f 1645 1742 1741
f 1646 1647 1743
f 1646 1743 1742
f 1647 1648 1744
f 1647 1744 1743
f 1648 1649 1745
f 1648 1745 1744
f 1649 1650 1746
f 1649 1746 1745
f 1650 1651 1747
f 1650 1747 1746
f 1651 1652 1748
f 1651 1748 1747
f 1652 1653 1749
f 1652 1749 1748
f 1653 1654 1750
f 1653 1750 1749
f 1654 1655 1751
f 1654 1751 1750
f 1655 1656 1752
f 1655 1752 1751
f 1656 1657 1753
f 1656 1753 1752
f 1657 1658 1754
f 1657 1754 1753
f 1658 1659 1755
f 1658 1755 1754
f 1659 1660 1756
f 1659 1756 1755
f 1660 1661 1757
f 1660 1757 1756
f 1661 1662 1758
f 1661 1758 1757
f 1662 1663 1759
f 1662 1759 1758
f 1663 1664 1760
f 1663 1760 1759
f 1664 1665 1761
f 1664 1761 1760
f 1665 1666 1762
f 1665 1762 1761
f 1666 1667 1763
f 1666 1763 1762
f 1667 1668 1764
f 1667 1764 1763
f 1668 1669 1765
f 1668 1765 1764
f 1669 1670 1766
f 1669 1766 1765
f 1670 1671 1767
f 1670 1767 1766
f 1671 1672 1768
f 1671 1768 1767
f 1672 1673 1769
f 1672 1769 1768
f 1673 1674 1770
f 1673 1770 1769
f 1674 1675 1771
f 1674 1771 1770
f 1675 1676 1772
f 1675 1772 1771
f 1676 1677 1773
f 1676 1773 1772
f 1677 1678 1774
f 1677 1774 1773
f 1678 1679 1775
f 1678 1775 1774
f 1679 1680 1776
f 1679 1776 1775
f 1680 1681 1777
f 1680 1777 1776
f 1681 1682 1778
f 1681 1778 1777
f 1682 1683 1779
f 1682 1779 1778
f 1683 1684 1780
f 1683 1780 1779
f 1684 1685 1781
f 1684 1781 1780
f 1685 1686 1782
f 1685 1782 1781
f 1686 1687 1783
f 1686 1783 1782
f 1687 1688 1784
f 1687 1784 1783
f 1688 1689 1785
f 1688 1785 1784
f 1689 1690 1786
f 1689 1786 1785
f 1690 1691 1787
f 1690 1787 1786
f 1691 1692 1788
f 1691 1788 1787
f 1692 1693 1789
f 1692 1789 1788
f 1693 1694 1790
f 1693 1790 1789
f 1694 1695 1791
f 1694 1791 1790
f 1695 1696 1792
f 1695 1792 1791
f 1696 1697 1793
f 1696 1793 1792
f 1697 1698 1794
f 1697 1794 1793
f 1698 1699 1795
f 1698 1795 1794
f 1699 1700 1796
f 1699 1796 1795
f 1700 1701 1797
f 1700 1797 1796
f 1701 1702 1798
f 1701 1798 1797
f 1702 1703 1799
f 1702 1799 1798
f 1703 1704 1800
f 1703 1800 1799
f 1704 1705 1801
f 1704 1801 1800
f 1705 1706 1802
f 1705 1802 1801
f 1706 1707 1803
f 1706 1803 1802
f 1707 1708 1804
f 1707 1804 1803
f 1708 1709 1805
f 1708 1805 1804
f 1709 1710 1806
f 1709 1806 1805
f 1710 1711 1807
f 1710 1807 1806
f 1711 1712 1808
f 1711 1808 1807
f 1712 1713 1809
f 1712 1809 1808
f 1713 1714 1810
f 1713 1810 1809
f 1714 1715 1811
f 1714 1811 1810
f 1715 1716 1812
f 1715 1812 1811
f 1716 1717 1813
f 1716 1813 1812
f 1717 1718 1814
f 1717 1814 1813
f 1718 1719 1815
f 1718 1815 1814
f 1719 1720 1816
f 1719 1816 1815
f 1720 1721 1817
f 1720 1817 1816
f 1721 1722 1818
f 1721 1818 1817
f 1722 1723 1819
f 1722 1819 1818
f 1723 1724 1820
f 1723 1820 1819
f 1724 1725 1821
f 1724 1821 1820
f 1725 1726 1822
f 1725 1822 1821
f 1726 1727 1823
f 1726 1823 1822
f 1727 1728 1824
f 1727 1824 1823
f 1728 1634 1730
f 1728 1730 1824
f 1730 1729 1825
f 1730 1825 1826
f 1729 1731 1827
f 1729 1827 1825
f 1731 1732 1828
f 1731 1828 1827
f 1732 1733 1829
f 1732 1829 1828
f 1733 1734 1830
f 1733 1830 1829
f 1734 1735 1831
f 1734 1831 1830
f 1735 1736 1832
f 1735 1832 1831
f 1736 1737 1833
f 1736 1833 1832
f 1737 1738 1834
f 1737 1834 1833
f 1738 1739 1835
f 1738 1835 1834
f 1739 1740 1836
f 1739 1836 1835
f 1740 1741 1837
f 1740 1837 1836
f 1741 1742 1838
f 1741 1838 1837
f 1742 1743 1839
f 1742 1839 1838
f 1743 1744 1840
f 1743 1840 1839
f 1744 1745 1841
f 1744 1841 1840
f 1745 1746 1842
f 1745 1842 1841
f 1746 1747 1843
f 1746 1843 1842
f 1747 1748 1844
f 1747 1844 1843
f 1748 1749 1845
f 1748 1845 1844
f 1749 1750 1846
f 1749 1846 1845
f 1750 1751 1847
f 1750 1847 1846
f 1751 1752 1848
f 1751 1848 1847
f 1752 1753 1849
f 1752 1849 1848
f 1753 1754 1850
f 1753 1850 1849
f 1754 1755 1851
f 1754 1851 1850
f 1755 1756 1852
f 1755 1852 1851
f 1756 1757 1853
f 1756 1853 1852
f 1757 1758 1854
f 1757 1854 1853
f 1758 1759 1855
f 1758 1855 1854
f 1759 1760 1856
f 1759 1856 1855
f 1760 1761 1857
f 1760 1857 1856
f 1761 1762 1858
f 1761 1858 1857
f 1762 1763 1859
f 1762 1859 1858
f 1763 1764 1860
f 1763 1860 1859
f 1764 1765 1861
f 1764 1861 1860
f 1765 1766 1862
f 1765 1862 1861
f 1766 1767 1863
f 1766 1863 1862
f 1767 1768 1864
f 1767 1864 1863
f 1768 1769 1865
f 1768 1865 1864
f 1769 1770 1866
f 1769 1866 1865
f 1770 1771 1867
f 1770 1867 1866
f 1771 1772 1868
f 1771 1868 1867
f 1772 1773 1869
f 1772 1869 1868
f 1773 1774 1870
f 1773 1870 1869
f 1774 1775 1871
f 1774 1871 1870
f 1775 1776 1872
f 1775 1872 1871
f 1776 1777 1873
f 1776 1873 1872
f 1777 1778 1874
f 1777 1874 1873
f 1778 1779 1875
f 1778 1875 1874
f 1779 1780 1876
f 1779 1876 1875
f 1780 1781 1877
f 1780 1877 1876
f 1781 1782 1878
f 1781 1878 1877
f 1782 1783 1879
f 1782 1879 1878
f 1783 1784 1880
f 1783 1880 1879
f 1784 1785 1881
f 1784 1881 1880
f 1785 1786 1882
f 1785 1882 1881
f 1786 1787 1883
f 1786 1883 1882
f 1787 1788 1884
f 1787 1884 1883
f 1788 1789 1885
f 1788 1885 1884
f 1789 1790 1886
f 1789 1886 1885
f 1790 1791 1887
f 1790 1887 1886
f 1791 1792 1888
f 1791 1888 1887
f 1792 1793 1889
f 1792 1889 1888
f 1793 1794 1890
f 1793 1890 1889
f 1794 1795 1891
f 1794 1891 1890
f 1795 1796 1892
f 1795 1892 1891
f 1796 1797 1893
f 1796 1893 1892
f 1797 1798 1894
f 1797 1894 1893
f 1798 1799 1895
f 1798 1895 1894
f 1799 1800 1896
f 1799 1896 1895
f 1800 1801 1897
f 1800 1897 1896
f 1801 1802 1898
f 1801 1898 1897
f 1802 1803 1899
f 1802 1899 1898
f 1803 1804 1900
f 1803 1900 1899
f 1804 1805 1901
f 1804 1901 1900
f 1805 1806 1902
f 1805 1902 1901
f 1806 1807 1903
f 1806 1903 1902
f 1807 1808 1904
f 1807 1904 1903
f 1808 1809 1905
f 1808 1905 1904
f 1809 1810 1906
f 1809 1906 1905
f 1810 1811 1907
f 1810 1907 1906
f 1811 1812 1908
f 1811 1908 1907
f 1812 1813 1909
f 1812 1909 1908
f 1813 1814 1910
f 1813 1910 1909
f 1814 1815 1911
f 1814 1911 1910
f 1815 1816 1912
f 1815 1912 1911
f 1816 1817 1913
f 1816 1913 1912
f 1817 1818 1914
f 1817 1914 1913
f 1818 1819 1915
f 1818 1915 1914
f 1819 1820 1916
f 1819 1916 1915
f 1820 1821 1917
f 1820 1917 1916
f 1821 1822 1918
f 1821 1918 1917
f 1822 1823 1919
f 1822 1919 1918
f 1823 1824 1920
f 1823 1920 1919
f 1824 1730 1826
f 1824 1826 1920
f 1826 1825 1921
f 1826 1921 1922
f 1825 1827 1923
f 1825 1923 1921
f 1827 1828 1924
f 1827 1924 1923
f 1828 1829 1925
f 1828 1925 1924
f 1829 1830 1926
f 1829 1926 1925
f 1830 1831 1927
f 1830 1927 1926
f 1831 1832 1928
f 1831 1928 1927
f 1832 1833 1929
f 1832 1929 1928
f 1833 1834 1930
f 1833 1930 1929
f 1834 1835 1931
f 1834 1931 1930
f 1835 1836 1932
f 1835 1932 1931
f 1836 1837 1933
f 1836 1933 1932
f 1837 1838 1934
f 1837 1934 1933
f 1838 1839 1935
f 1838 1935 1934
f 1839 1840 1936
f 1839 1936 1935
f 1840 1841 1937
f 1840 1937 1936
f 1841 1842 1938
f 1841 1938 1937
f 1842 1843 1939
f 1842 1939 1938
f 1843 1844 1940
f 1843 1940 1939
f 1844 1845 1941
f 1844 1941 1940
f 1845 1846 1942
f 1845 1942 1941
f 1846 1847 1943
f 1846 1943 1942
f 1847 1848 1944
f 1847 1944 1943
f 1848 1849 1945
f 1848 1945 1944
f 1849 1850 1946
f 1849 1946 1945
f 1850 1851 1947
f 1850 1947 1946
f 1851 1852 1948
f 1851 1948 1947
f 1852 1853 1949
f 1852 1949 1948
f 1853 1854 1950
f 1853 1950 1949
f 1854 1855 1951
f 1854 1951 1950
f 1855 1856 1952
f 1855 1952 1951
f 1856 1857 1953
f 1856 1953 1952
f 1857 1858 1954
f 1857 1954 1953
f 1858 1859 1955
f 1858 1955 1954
f 1859 1860 1956
f 1859 1956 1955
f 1860 1861 1957
f 1860 1957 1956
f 1861 1862 1958
f 1861 1958 1957
f 1862 1863 1959
f 1862 1959 1958
f 1863 1864 1960
f 1863 1960 1959
f 1864 1865 1961
f 1864 1961 1960
f 1865 1866 1962
f 1865 1962 1961
f 1866 1867 1963
f 1866 1963 1962
f 1867 1868 1964
f 1867 1964 1963
f 1868 1869 1965
f 1868 1965 1964
f 1869 1870 1966
f 1869 1966 1965
f 1870 1871 1967
f 1870 1967 1966
f 1871 1872 1968
f 1871 1968 1967
f 1872 1873 1969
f 1872 1969 1968
f 1873 1874 1970
f 1873 1970 1969
f 1874 1875 1971
f 1874 1971 1970
f 1875 1876 1972
f 1875 1972 1971
f 1876 1877 1973
f 1876 1973 1972
f 1877 1878 1974
f 1877 1974 1973
f 1878 1879 1975
f 1878 1975 1974
f 1879 1880 1976
f 1879 1976 1975
f 1880 1881 1977
f 1880 1977 1976
f 1881 1882 1978
f 1881 1978 1977
f 1882 1883 1979
f 1882 1979 1978
f 1883 1884 1980
f 1883 1980 1979
f 1884 1885 1981
f 1884 1981 1980
f 1885 1886 1982
f 1885 1982 1981
f 1886 1887 1983
f 1886 1983 1982
f 1887 1888 1984
f 1887 1984 1983
f 1888 1889 1985
f 1888 1985 1984
f 1889 1890 1986
f 1889 1986 1985
f 1890 1891 1987
f 1890 1987 1986
f 1891 1892 1988
f 1891 1988 1987
f 1892 1893 1989
f 1892 1989 1988
f 1893 1894 1990
f 1893 1990 1989
f 1894 1895 1991
f 1894 1991 1990
f 1895 1896 1992
f 1895 1992 1991
f 1896 1897 1993
f 1896 1993 1992
f 1897 1898 1994
f 1897 1994 1993
f 1898 1899 1995
f 1898 1995 1994
f 1899 1900 1996
f 1899 1996 1995
f 1900 1901 1997
f 1900 1997 1996
f 1901 1902 1998
f 1901 1998 1997
f 1902 1903 1999
f 1902 1999 1998
f 1903 1904 2000
f 1903 2000 1999
f 1904 1905 2001
f 1904 2001 2000
f 1905 1906 2002
f 1905 2002 2001
f 1906 1907 2003
f 1906 2003 2002
f 1907 1908 2004
f 1907 2004 2003
f 1908 1909 2005
f 1908 2005 2004
f 1909 1910 2006
f 1909 2006 2005
f 1910 1911 2007
f 1910 2007 2006
f 1911 1912 2008
f 1911 2008 2007
f 1912 1913 2009
f 1912 2009 2008
f 1913 1914 2010
f 1913 2010 2009
f 1914 1915 2011
f 1914 2011 2010
f 1915 1916 2012
f 1915 2012 2011
f 1916 1917 2013
f 1916 2013 2012
f 1917 1918 2014
f 1917 2014 2013
f 1918 1919 2015
f 1918 2015 2014
f 1919 1920 2016
f 1919 2016 2015
f 1920 1826 1922
f 1920 1922 2016
f 1922 1921 2017
f 1922 2017 2018
f 1921 1923 2019
f 1921 2019 2017
f 1923 1924 2020
f 1923 2020 2019
f 1924 1925 2021
f 1924 2021 2020
f 1925 1926 2022
f 1925 2022 2021
f 1926 1927 2023
f 1926 2023 2022
f 1927 1928 2024
f 1927 2024 2023
f 1928 1929 2025
f 1928 2025 2024
f 1929 1930 2026
f 1929 2026 2025
f 1930 1931 2027
f 1930 2027 2026
f 1931 1932 2028
f 1931 2028 2027
f 1932 1933 2029
f 1932 2029 2028
f 1933 1934 2030
f 1933 2030 2029
f 1934 1935 2031
f 1934 2031 2030
f 1935 1936 2032
f 1935 2032 2031
f 1936 1937 2033
f 1936 2033 2032
f 1937 1938 2034
f 1937 2034 2033
f 1938 1939 2035
f 1938 2035 2034
f 1939 1940 2036
f 1939 2036 2035
f 1940 1941 2037
f 1940 2037 2036
f 1941 1942 2038
f 1941 2038 2037
f 1942 1943 2039
f 1942 2039 2038
f 1943 1944 2040
f 1943 2040 2039
f 1944 1945 2041
f 1944 2041 2040
f 1945 1946 2042
f 1945 2042 2041
f 1946 1947 2043
f 1946 2043 2042
f 1947 1948 2044
f 1947 2044 2043
f 1948 1949 2045
f 1948 2045 2044
f 1949 1950 2046
f 1949 2046 2045
f 1950 1951 2047
f 1950 2047 2046
f 1951 1952 2048
f 1951 2048 2047
f 1952 1953 2049
f 1952 2049 2048
f 1953 1954 2050
f 1953 2050 2049
f 1954 1955 2051
f 1954 2051 2050
f 1955 1956 2052
f 1955 2052 2051
f 1956 1957 2053
f 1956 2053 2052
f 1957 1958 2054
f 1957 2054 2053
f 1958 1959 2055
f 1958 2055 2054
f 1959 1960 2056
f 1959 2056 2055
f 1960 1961 2057
f 1960 2057 2056
f 1961 1962 2058
f 1961 2058 2057
f 1962 1963 2059
f 1962 2059 2058
f 1963 1964 2060
f 1963 2060 2059
f 1964 1965 2061
f 1964 2061 2060
f 1965 1966 2062
f 1965 2062 2061
f 1966 1967 2063
f 1966 2063 2062
f 1967 1968 2064
f 1967 2064 2063
f 1968 1969 2065
f 1968 2065 2064
f 1969 1970 2066
f 1969 2066 2065
f 1970 1971 2067
f 1970 2067 2066
f 1971 1972 2068
f 1971 2068 2067
f 1972 1973 2069
f 1972 2069 2068
f 1973 1974 2070
f 1973 2070 2069
f 1974 1975 2071
f 1974 2071 2070
f 1975 1976 2072
f 1975 2072 2071
f 1976 1977 2073
f 1976 2073 2072
f 1977 1978 2074
f 1977 2074 2073
f 1978 1979 2075
f 1978 2075 2074
f 1979 1980 2076
f 1979 2076 2075
f 1980 1981 2077
f 1980 2077 2076
f 1981 1982 2078
f 1981 2078 2077
f 1982 1983 2079
f 1982 2079 2078
f 1983 1984 2080
f 1983 2080 2079
f 1984 1985 2081
f 1984 2081 2080
f 1985 1986 2082
f 1985 2082 2081
f 1986 1987 2083
f 1986 2083 2082
f 1987 1988 2084
f 1987 2084 2083
f 1988 1989 2085
f 1988 2085 2084
f 1989 1990 2086
f 1989 2086 2085
f 1990 1991 2087
f 1990 2087 2086
f 1991 1992 2088
f 1991 2088 2087
f 1992 1993 2089
f 1992 2089 2088
f 1993 1994 2090
f 1993 2090 2089
f 1994 1995 2091
f 1994 2091 2090
f 1995 1996 2092
f 1995 2092 2091
f 1996 1997 2093
f 1996 2093 2092
f 1997 1998 2094
f 1997 2094 2093
f 1998 1999 2095
f 1998 2095 2094
f 1999 2000 2096
f 1999 2096 2095
f 2000 2001 2097
f 2000 2097 2096
f 2001 2002 2098
f 2001 2098 2097
f 2002 2003 2099
f 2002 2099 2098
f 2003 2004 2100
f 2003 2100 2099
f 2004 2005 2101
f 2004 2101 2100
f 2005 2006 2102
f 2005 2102 2101
f 2006 2007 2103
f 2006 2103 2102
f 2007 2008 2104
f 2007 2104 2103
f 2008 2009 2105
f 2008 2105 2104
f 2009 2010 2106
f 2009 2106 2105
f 2010 2011 2107
f 2010 2107 2106
f 2011 2012 2108
f 2011 2108 2107
f 2012 2013 2109
f 2012 2109 2108
f 2013 2014 2110
f 2013 2110 2109
f 2014 2015 2111
f 2014 2111 2110
f 2015 2016 2112
f 2015 2112 2111
f 2016 1922 2018
f 2016 2018 2112
f 2018 2017 2113
f 2018 2113 2114
f 2017 2019 2115
f 2017 2115 2113
f 2019 2020 2116
f 2019 2116 2115
f 2020 2021 2117
f 2020 2117 2116
f 2021 2022 2118
f 2021 2118 2117
f 2022 2023 2119
f 2022 2119 2118
f 2023 2024 2120
f 2023 2120 2119
f 2024 2025 2121
f 2024 2121 2120
f 2025 2026 2122
f 2025 2122 2121
f 2026 2027 2123
f 2026 2123 2122
f 2027 2028 2124
f 2027 2124 2123
f 2028 2029 2125
f 2028 2125 2124
f 2029 2030 2126
f 2029 2126 2125
f 2030 2031 2127
f 2030 2127 2126
f 2031 2032 2128
f 2031 2128 2127
f 2032 2033 2129
f 2032 2129 2128
f 2033 2034 2130
f 2033 2130 2129
f 2034 2035 2131
f 2034 2131 2130
f 2035 2036 2132
f 2035 2132 2131
f 2036 2037 2133
f 2036 2133 2132
f 2037 2038 2134
f 2037 2134 2133
f 2038 2039 2135
f 2038 2135 2134
f 2039 2040 2136
f 2039 2136 2135
f 2040 2041 2137
f 2040 2137 2136
f 2041 2042 2138
f 2041 2138 2137
f 2042 2043 2139
f 2042 2139 2138
f 2043 2044 2140
f 2043 2140 2139
f 2044 2045 2141
f 2044 2141 2140
f 2045 2046 2142
f 2045 2142 2141
f 2046 2047 2143
f 2046 2143 2142
f 2047 2048 2144
f 2047 2144 2143
f 2048 2049 2145
f 2048 2145 2144
f 2049 2050 2146
f 2049 2146 2145
f 2050 2051 2147
f 2050 2147 2146
f 2051 2052 2148
f 2051 2148 2147
f 2052 2053 2149
f 2052 2149 2148
f 2053 2054 2150
f 2053 2150 2149
f 2054 2055 2151
f 2054 2151 2150
f 2055 2056 2152
f 2055 2152 2151
f 2056 2057 2153
f 2056 2153 2152
f 2057 2058 2154
f 2057 2154 2153
f 2058 2059 2155
f 2058 2155 2154
f 2059 2060 2156
f 2059 2156 2155
f 2060 2061 2157
f 2060 2157 2156
f 2061 2062 2158
f 2061 2158 2157
f 2062 2063 2159
f 2062 2159 2158
f 2063 2064 2160
f 2063 2160 2159
f 2064 2065 2161
f 2064 2161 2160
f 2065 2066 2162
f 2065 2162 2161
f 2066 2067 2163
f 2066 2163 2162
f 2067 2068 2164
f 2067 2164 2163
f 2068 2069 2165
f 2068 2165 2164
f 2069 2070 2166
f 2069 2166 2165
f 2070 2071 2167
f 2070 2167 2166
f 2071 2072 2168
f 2071 2168 2167
f 2072 2073 2169
f 2072 2169 2168
f 2073 2074 2170
f 2073 2170 2169
f 2074 2075 2171
f 2074 2171 2170
f 2075 2076 2172
f 2075 2172 2171
f 2076 2077 2173
f 2076 2173 2172
f 2077 2078 2174
f 2077 2174 2173
f 2078 2079 2175
f 2078 2175 2174
f 2079 2080 2176
f 2079 2176 2175
f 2080 2081 2177
f 2080 2177 2176
f 2081 2082 2178
f 2081 2178 2177
f 2082 2083 2179
f 2082 2179 2178
f 2083 2084 2180
f 2083 2180 2179
f 2084 2085 2181
f 2084 2181 2180
f 2085 2086 2182
f 2085 2182 2181
f 2086 2087 2183
f 2086 2183 2182
f 2087 2088 2184
f 2087 2184 2183
f 2088 2089 2185
f 2088 2185 2184
f 2089 2090 2186
f 2089 2186 2185
f 2090 2091 2187
f 2090 2187 2186
f 2091 2092 2188
f 2091 2188 2187
f 2092 2093 2189
f 2092 2189 2188
f 2093 2094 2190
f 2093 2190 2189
f 2094 2095 2191
f 2094 2191 2190
f 2095 2096 2192
f 2095 2192 2191
f 2096 2097 2193
f 2096 2193 2192
f 2097 2098 2194
f 2097 2194 2193
f 2098 2099 2195
f 2098 2195 2194
f 2099 2100 2196
f 2099 2196 2195
f 2100 2101 2197
f 2100 2197 2196
f 2101 2102 2198
f 2101 2198 2197
f 2102 2103 2199
f 2102 2199 2198
f 2103 2104 2200
f 2103 2200 2199
f 2104 2105 2201
f 2104 2201 2200
f 2105 2106 2202
f 2105 2202 2201
f 2106 2107 2203
f 2106 2203 2202
f 2107 2108 2204
f 2107 2204 2203
f 2108 2109 2205
f 2108 2205 2204
f 2109 2110 2206
f 2109 2206 2205
f 2110 2111 2207
f 2110 2207 2206
f 2111 2112 2208
f 2111 2208 2207
f 2112 2018 2114
f 2112 2114 2208
f 2114 2113 2209
f 2114 2209 2209
f 2113 2115 2209
f 2113 2209 2209
f 2115 2116 2209
f 2115 2209 2209
f 2116 2117 2209
f 2116 2209 2209
f 2117 2118 2209
f 2117 2209 2209
f 2118 2119 2209
f 2118 2209 2209
f 2119 2120 2209
f 2119 2209 2209
f 2120 2121 2209
f 2120 2209 2209
f 2121 2122 2209
f 2121 2209 2209
f 2122 2123 2209
f 2122 2209 2209
f 2123 2124 2209
f 2123 2209 2209
f 2124 2125 2209
f 2124 2209 2209
f 2125 2126 2209
f 2125 2209 2209
f 2126 2127 2209
f 2126 2209 2209
f 2127 2128 2209
f 2127 2209 2209
f 2128 2129 2209
f 2128 2209 2209
f 2129 2130 2209
f 2129 2209 2209
f 2130 2131 2209
f 2130 2209 2209
f 2131 2132 2209
f 2131 2209 2209
f 2132 2133 2209
f 2132 2209 2209
f 2133 2134 2209
f 2133 2209 2209
f 2134 2135 2209
f 2134 2209 2209
f 2135 2136 2209
f 2135 2209 2209
f 2136 2137 2209
f 2136 2209 2209
f 2137 2138 2209
f 2137 2209 2209
f 2138 2139 2209
f 2138 2209 2209
f 2139 2140 2209
f 2139 2209 2209
f 2140 2141 2209
f 2140 2209 2209
f 2141 2142 2209
f 2141 2209 2209
f 2142 2143 2209
f 2142 2209 2209
f 2143 2144 2209
f 2143 2209 2209
f 2144 2145 2209
f 2144 2209 2209
f 2145 2146 2209
f 2145 2209 2209
f 2146 2147 2209
f 2146 2209 2209
f 2147 2148 2209
f 2147 2209 2209
f 2148 2149 2209
f 2148 2209 2209
f 2149 2150 2209
f 2149 2209 2209
f 2150 2151 2209
f 2150 2209 2209
f 2151 2152 2209
f 2151 2209 2209
f 2152 2153 2209
f 2152 2209 2209
f 2153 2154 2209
f 2153 2209 2209
f 2154 2155 2209
f 2154 2209 2209
f 2155 2156 2209
f 2155 2209 2209
f 2156 2157 2209
f 2156 2209 2209
f 2157 2158 2209
f 2157 2209 2209
f 2158 2159 2209
f 2158 2209 2209
f 2159 2160 2209
f 2159 2209 2209
f 2160 2161 2209
f 2160 2209 2209
f 2161 2162 2209
f 2161 2209 2209
f 2162 2163 2209
f 2162 2209 2209
f 2163 2164 2209
f 2163 2209 2209
f 2164 2165 2209
f 2164 2209 2209
f 2165 2166 2209
f 2165 2209 2209
f 2166 2167 2209
f 2166 2209 2209
f 2167 2168 2209
f 2167 2209 2209
f 2168 2169 2209
f 2168 2209 2209
f 2169 2170 2209
f 2169 2209 2209
f 2170 2171 2209
f 2170 2209 2209
f 2171 2172 2209
f 2171 2209 2209
f 2172 2173 2209
f 2172 2209 2209
f 2173 2174 2209
f 2173 2209 2209
f 2174 2175 2209
f 2174 2209 2209
f 2175 2176 2209
f 2175 2209 2209
f 2176 2177 2209
f 2176 2209 2209
f 2177 2178 2209
f 2177 2209 2209
f 2178 2179 2209
f 2178 2209 2209
f 2179 2180 2209
f 2179 2209 2209
f 2180 2181 2209
f 2180 2209 2209
f 2181 2182 2209
f 2181 2209 2209
f 2182 2183 2209
f 2182 2209 2209
f 2183 2184 2209
f 2183 2209 2209
f 2184 2185 2209
f 2184 2209 2209
f 2185 2186 2209
f 2185 2209 2209
f 2186 2187 2209
f 2186 2209 2209
f 2187 2188 2209
f 2187 2209 2209
f 2188 2189 2209
f 2188 2209 2209
f 2189 2190 2209
f 2189 2209 2209
f 2190 2191 2209
f 2190 2209 2209
f 2191 2192 2209
f 2191 2209 2209
f 2192 2193 2209
f 2192 2209 2209
f 2193 2194 2209
f 2193 2209 2209
f 2194 2195 2209
f 2194 2209 2209
f 2195 2196 2209
f 2195 2209 2209
f 2196 2197 2209
f 2196 2209 2209
f 2197 2198 2209
f 2197 2209 2209
f 2198 2199 2209
f 2198 2209 2209
f 2199 2200 2209
f 2199 2209 2209
f 2200 2201 2209
f 2200 2209 2209
f 2201 2202 2209
f 2201 2209 2209
f 2202 2203 2209
f 2202 2209 2209
f 2203 2204 2209
f 2203 2209 2209
f 2204 2205 2209
f 2204 2209 2209
f 2205 2206 2209
f 2205 2209 2209
f 2206 2207 2209
f 2206 2209 2209
f 2207 2208 2209
f 2207 2209 2209
f 2208 2114 2209
f 2208 2209 2209
f 2209 2209 2209
f 2 1 2210
f 2209 2209 2209
f 5 2 2210
f 2209 2209 2209
f 7 5 2210
f 2209 2209 2209
f 9 7 2210
f 2209 2209 2209
f 11 9 2210
f 2209 2209 2209
f 13 11 2210
f 2209 2209 2209
f 15 13 2210
f 2209 2209 2209
f 17 15 2210
f 2209 2209 2209
f 19 17 2210
f 2209 2209 2209
f 21 19 2210
f 2209 2209 2209
f 23 21 2210
f 2209 2209 2209
f 25 23 2210
f 2209 2209 2209
f 27 25 2210
f 2209 2209 2209
f 29 27 2210
f 2209 2209 2209
f 31 29 2210
f 2209 2209 2209
f 33 31 2210
f 2209 2209 2209
f 35 33 2210
f 2209 2209 2209
f 37 35 2210
f 2209 2209 2209
f 39 37 2210
f 2209 2209 2209
f 41 39 2210
f 2209 2209 2209
f 43 41 2210
f 2209 2209 2209
f 45 43 2210
f 2209 2209 2209
f 47 45 2210
f 2209 2209 2209
f 49 47 2210
f 2209 2209 2209
f 51 49 2210
f 2209 2209 2209
f 53 51 2210
f 2209 2209 2209
f 55 53 2210
f 2209 2209 2209
f 57 55 2210
f 2209 2209 2209
f 59 57 2210
f 2209 2209 2209
f 61 59 2210
f 2209 2209 2209
f 63 61 2210
f 2209 2209 2209
f 65 63 2210
f 2209 2209 2209
f 67 65 2210
f 2209 2209 2209
f 69 67 2210
f 2209 2209 2209
f 71 69 2210
f 2209 2209 2209
f 73 71 2210
f 2209 2209 2209
f 75 73 2210
f 2209 2209 2209
f 77 75 2210
f 2209 2209 2209
f 79 77 2210
f 2209 2209 2209
f 81 79 2210
f 2209 2209 2209
f 83 81 2210
f 2209 2209 2209
f 85 83 2210
f 2209 2209 2209
f 87 85 2210
f 2209 2209 2209
f 89 87 2210
f 2209 2209 2209
f 91 89 2210
f 2209 2209 2209
f 93 91 2210
f 2209 2209 2209
f 95 93 2210
f 2209 2209 2209
f 97 95 2210
f 2209 2209 2209
f 99 97 2210
f 2209 2209 2209
f 101 99 2210
f 2209 2209 2209
f 103 101 2210
f 2209 2209 2209
f 105 103 2210
f 2209 2209 2209
f 107 105 2210
f 2209 2209 2209
f 109 107 2210
f 2209 2209 2209
f 111 109 2210
f 2209 2209 2209
f 113 111 2210
f 2209 2209 2209
f 115 113 2210
f 2209 2209 2209
f 117 115 2210
f 2209 2209 2209
f 119 117 2210
f 2209 2209 2209
f 121 119 2210
f 2209 2209 2209
f 123 121 2210
f 2209 2209 2209
f 125 123 2210
f 2209 2209 2209
f 127 125 2210
f 2209 2209 2209
f 129 127 2210
f 2209 2209 2209
f 131 129 2210
f 2209 2209 2209
f 133 131 2210
f 2209 2209 2209
f 135 133 2210
f 2209 2209 2209
f 137 135 2210
f 2209 2209 2209
f 139 137 2210
f 2209 2209 2209
f 141 139 2210
f 2209 2209 2209
f 143 141 2210
f 2209 2209 2209
f 145 143 2210
f 2209 2209 2209
f 147 145 2210
f 2209 2209 2209
f 149 147 2210
f 2209 2209 2209
f 151 149 2210
f 2209 2209 2209
f 153 151 2210
f 2209 2209 2209
f 155 153 2210
f 2209 2209 2209
f 157 155 2210
f 2209 2209 2209
f 159 157 2210
f 2209 2209 2209
f 161 159 2210
f 2209 2209 2209
f 163 161 2210
f 2209 2209 2209
f 165 163 2210
f 2209 2209 2209
f 167 165 2210
f 2209 2209 2209
f 169 167 2210
f 2209 2209 2209
f 171 169 2210
f 2209 2209 2209
f 173 171 2210
f 2209 2209 2209
f 175 173 2210
f 2209 2209 2209
f 177 175 2210
f 2209 2209 2209
f 179 177 2210
f 2209 2209 2209
f 181 179 2210
f 2209 2209 2209
f 183 181 2210
f 2209 2209 2209
f 185 183 2210
f 2209 2209 2209
f 187 185 2210
f 2209 2209 2209
f 189 187 2210
f 2209 2209 2209
f 191 189 2210
f 2209 2209 2209
f 1 191 2210

g Carbon_Fiber_Black
usemtl Carbon_Fiber_Black
v 0.00000 0.16000 0.00000
v -0.03121 0.15693 0.00000
v -0.03121 0.15693 0.05000
v 0.00000 0.16000 0.05000
v 0.00000 0.00000 0.00000
v 0.00000 0.00000 0.05000
v -0.06123 0.14782 0.00000
v -0.06123 0.14782 0.05000
v -0.08889 0.13304 0.00000
v -0.08889 0.13304 0.05000
v -0.11314 0.11314 0.00000
v -0.11314 0.11314 0.05000
v -0.13304 0.08889 0.00000
v -0.13304 0.08889 0.05000
v -0.14782 0.06123 0.00000
v -0.14782 0.06123 0.05000
v -0.15693 0.03121 0.00000
v -0.15693 0.03121 0.05000
v -0.16000 0.00000 0.00000
v -0.16000 0.00000 0.05000
v -0.15693 -0.03121 0.00000
v -0.15693 -0.03121 0.05000
v -0.14782 -0.06123 0.00000
v -0.14782 -0.06123 0.05000
v -0.13304 -0.08889 0.00000
v -0.13304 -0.08889 0.05000
v -0.11314 -0.11314 0.00000
v -0.11314 -0.11314 0.05000
v -0.08889 -0.13304 0.00000
v -0.08889 -0.13304 0.05000
v -0.06123 -0.14782 0.00000
v -0.06123 -0.14782 0.05000
v -0.03121 -0.15693 0.00000
v -0.03121 -0.15693 0.05000
v -0.00000 -0.16000 0.00000
v -0.00000 -0.16000 0.05000
v 0.03121 -0.15693 0.00000
v 0.03121 -0.15693 0.05000
v 0.06123 -0.14782 0.00000
v 0.06123 -0.14782 0.05000
v 0.08889 -0.13304 0.00000
v 0.08889 -0.13304 0.05000
v 0.11314 -0.11314 0.00000
v 0.11314 -0.11314 0.05000
v 0.13304 -0.08889 0.00000
v 0.13304 -0.08889 0.05000
v 0.14782 -0.06123 0.00000
v 0.14782 -0.06123 0.05000
v 0.15693 -0.03121 0.00000
v 0.15693 -0.03121 0.05000
v 0.16000 -0.00000 0.00000
v 0.16000 -0.00000 0.05000
v 0.15693 0.03121 0.00000
v 0.15693 0.03121 0.05000
v 0.14782 0.06123 0.00000
v 0.14782 0.06123 0.05000
v 0.13304 0.08889 0.00000
v 0.13304 0.08889 0.05000
v 0.11314 0.11314 0.00000
v 0.11314 0.11314 0.05000
v 0.08889 0.13304 0.00000
v 0.08889 0.13304 0.05000
v 0.06123 0.14782 0.00000
v 0.06123 0.14782 0.05000
v 0.03121 0.15693 0.00000
v 0.03121 0.15693 0.05000
v 0.19000 0.00000 0.10100
v 0.19000 -0.00414 0.10045
v 0.72000 -0.00414 0.10045
v 0.72000 0.00000 0.10100
v 0.19000 0.00000 0.08500
v 0.72000 0.00000 0.08500
v 0.19000 -0.00800 0.09886
v 0.72000 -0.00800 0.09886
v 0.19000 -0.01131 0.09631
v 0.72000 -0.01131 0.09631
v 0.19000 -0.01386 0.09300
v 0.72000 -0.01386 0.09300
v 0.19000 -0.01545 0.08914
v 0.72000 -0.01545 0.08914
v 0.19000 -0.01600 0.08500
v 0.72000 -0.01600 0.08500
v 0.19000 -0.01545 0.08086
v 0.72000 -0.01545 0.08086
v 0.19000 -0.01386 0.07700
v 0.72000 -0.01386 0.07700
v 0.19000 -0.01131 0.07369
v 0.72000 -0.01131 0.07369
v 0.19000 -0.00800 0.07114
v 0.72000 -0.00800 0.07114
v 0.19000 -0.00414 0.06955
v 0.72000 -0.00414 0.06955
v 0.19000 -0.00000 0.06900
v 0.72000 -0.00000 0.06900
v 0.19000 0.00414 0.06955
v 0.72000 0.00414 0.06955
v 0.19000 0.00800 0.07114
v 0.72000 0.00800 0.07114
v 0.19000 0.01131 0.07369
v 0.72000 0.01131 0.07369
v 0.19000 0.01386 0.07700
v 0.72000 0.01386 0.07700
v 0.19000 0.01545 0.08086
v 0.72000 0.01545 0.08086
v 0.19000 0.01600 0.08500
v 0.72000 0.01600 0.08500
v 0.19000 0.01545 0.08914
v 0.72000 0.01545 0.08914
v 0.19000 0.01386 0.09300
v 0.72000 0.01386 0.09300
v 0.19000 0.01131 0.09631
v 0.72000 0.01131 0.09631
v 0.19000 0.00800 0.09886
v 0.72000 0.00800 0.09886
v 0.19000 0.00414 0.10045
v 0.72000 0.00414 0.10045
v 0.75151 0.02474 0.16313
v 0.75277 0.02294 0.16700
v 0.77293 0.03706 0.16729
v 0.77000 0.04125 0.16388
v 0.75511 0.01960 0.16287
v 0.77838 0.02928 0.16332
v 0.77293 0.03706 0.15991
v 0.75277 0.02294 0.15900
v 0.79309 0.05118 0.16758
v 0.78861 0.05759 0.16460
v 0.80142 0.03929 0.16379
v 0.79309 0.05118 0.16081
v 0.81326 0.06530 0.16785
v 0.80741 0.07365 0.16526
v 0.82412 0.04979 0.16428
v 0.81326 0.06530 0.16170
v 0.83342 0.07942 0.16809
v 0.82646 0.08936 0.16586
v 0.84635 0.06095 0.16478
v 0.83342 0.07942 0.16255
v 0.85358 0.09354 0.16830
v 0.84580 0.10466 0.16640
v 0.86805 0.07289 0.16528
v 0.85358 0.09354 0.16338
v 0.87375 0.10766 0.16847
v 0.86547 0.11948 0.16686
v 0.88913 0.08569 0.16577
v 0.87375 0.10766 0.16416
v 0.89391 0.12177 0.16859
v 0.88548 0.13381 0.16724
v 0.90957 0.09942 0.16625
v 0.89391 0.12177 0.16490
v 0.91408 0.13589 0.16865
v 0.90585 0.14764 0.16755
v 0.92935 0.11408 0.16668
v 0.91408 0.13589 0.16558
v 0.93424 0.15001 0.16866
v 0.92657 0.16097 0.16778
v 0.94849 0.12967 0.16707
v 0.93424 0.15001 0.16620
v 0.95440 0.16413 0.16860
v 0.94761 0.17384 0.16795
v 0.96703 0.14611 0.16740
v 0.95440 0.16413 0.16675
v 0.97457 0.17825 0.16847
v 0.96893 0.18630 0.16804
v 0.98503 0.16330 0.16767
v 0.97457 0.17825 0.16724
v 0.99473 0.19237 0.16827
v 0.99049 0.19842 0.16808
v 1.00260 0.18113 0.16785
v 0.99473 0.19237 0.16766
v 1.01489 0.20649 0.16800
v 1.01223 0.21029 0.16806
v 1.01984 0.19943 0.16794
v 0.68849 -0.02474 0.16313
v 0.68723 -0.02294 0.16700
v 0.66707 -0.03706 0.16729
v 0.67000 -0.04125 0.16388
v 0.68489 -0.01960 0.16287
v 0.66162 -0.02928 0.16332
v 0.66707 -0.03706 0.15991
v 0.68723 -0.02294 0.15900
v 0.64691 -0.05118 0.16758
v 0.65139 -0.05759 0.16460
v 0.63858 -0.03929 0.16379
v 0.64691 -0.05118 0.16081
v 0.62674 -0.06530 0.16785
v 0.63259 -0.07365 0.16526
v 0.61588 -0.04979 0.16428
v 0.62674 -0.06530 0.16170
v 0.60658 -0.07942 0.16809
v 0.61354 -0.08936 0.16586
v 0.59365 -0.06095 0.16478
v 0.60658 -0.07942 0.16255
v 0.58642 -0.09354 0.16830
v 0.59420 -0.10466 0.16640
v 0.57195 -0.07289 0.16528
v 0.58642 -0.09354 0.16338
v 0.56625 -0.10766 0.16847
v 0.57453 -0.11948 0.16686
v 0.55087 -0.08569 0.16577
v 0.56625 -0.10766 0.16416
v 0.54609 -0.12177 0.16859
v 0.55452 -0.13381 0.16724
v 0.53043 -0.09942 0.16625
v 0.54609 -0.12177 0.16490
v 0.52592 -0.13589 0.16865
v 0.53415 -0.14764 0.16755
v 0.51065 -0.11408 0.16668
v 0.52592 -0.13589 0.16558
v 0.50576 -0.15001 0.16866
v 0.51343 -0.16097 0.16778
v 0.49151 -0.12967 0.16707
v 0.50576 -0.15001 0.16620
v 0.48560 -0.16413 0.16860
v 0.49239 -0.17384 0.16795
v 0.47297 -0.14611 0.16740
v 0.48560 -0.16413 0.16675
v 0.46543 -0.17825 0.16847
v 0.47107 -0.18630 0.16804
v 0.45497 -0.16330 0.16767
v 0.46543 -0.17825 0.16724
v 0.44527 -0.19237 0.16827
v 0.44951 -0.19842 0.16808
v 0.43740 -0.18113 0.16785
v 0.44527 -0.19237 0.16766
v 0.42511 -0.20649 0.16800
v 0.42777 -0.21029 0.16806
v 0.42016 -0.19943 0.16794
v 0.09500 0.16454 0.06900
v 0.09141 0.16662 0.06955
v 0.35641 0.62561 0.06955
v 0.36000 0.62354 0.06900
v 0.09500 0.16454 0.08500
v 0.36000 0.62354 0.08500
v 0.08807 0.16854 0.07114
v 0.35307 0.62754 0.07114
v 0.08520 0.17020 0.07369
v 0.35020 0.62920 0.07369
v 0.08300 0.17147 0.07700
v 0.34800 0.63047 0.07700
v 0.08162 0.17227 0.08086
v 0.34662 0.63127 0.08086
v 0.08114 0.17254 0.08500
v 0.34614 0.63154 0.08500
v 0.08162 0.17227 0.08914
v 0.34662 0.63127 0.08914
v 0.08300 0.17147 0.09300
v 0.34800 0.63047 0.09300
v 0.08520 0.17020 0.09631
v 0.35020 0.62920 0.09631
v 0.08807 0.16854 0.09886
v 0.35307 0.62754 0.09886
v 0.09141 0.16662 0.10045
v 0.35641 0.62561 0.10045
v 0.09500 0.16454 0.10100
v 0.36000 0.62354 0.10100
v 0.09859 0.16247 0.10045
v 0.36359 0.62147 0.10045
v 0.10193 0.16054 0.09886
v 0.36693 0.61954 0.09886
v 0.10480 0.15889 0.09631
v 0.36980 0.61788 0.09631
v 0.10700 0.15762 0.09300
v 0.37200 0.61661 0.09300
v 0.10838 0.15682 0.08914
v 0.37338 0.61581 0.08914
v 0.10886 0.15654 0.08500
v 0.37386 0.61554 0.08500
v 0.10838 0.15682 0.08086
v 0.37338 0.61581 0.08086
v 0.10700 0.15762 0.07700
v 0.37200 0.61661 0.07700
v 0.10480 0.15889 0.07369
v 0.36980 0.61788 0.07369
v 0.10193 0.16054 0.07114
v 0.36693 0.61954 0.07114
v 0.09859 0.16247 0.06955
v 0.36359 0.62147 0.06955
v 0.35433 0.66319 0.16313
v 0.35651 0.66339 0.16700
v 0.35437 0.68791 0.16729
v 0.34927 0.68746 0.16388
v 0.36058 0.66374 0.16287
v 0.36383 0.68874 0.16332
v 0.35437 0.68791 0.15991
v 0.35651 0.66339 0.15900
v 0.35222 0.71243 0.16758
v 0.34443 0.71175 0.16460
v 0.36669 0.71370 0.16379
v 0.35222 0.71243 0.16081
v 0.35008 0.73695 0.16785
v 0.33992 0.73606 0.16526
v 0.36894 0.73860 0.16428
v 0.35008 0.73695 0.16170
v 0.34793 0.76147 0.16809
v 0.33584 0.76041 0.16586
v 0.37039 0.76344 0.16478
v 0.34793 0.76147 0.16255
v 0.34579 0.78599 0.16830
v 0.33226 0.78481 0.16640
v 0.37090 0.78819 0.16528
v 0.34579 0.78599 0.16338
v 0.34364 0.81052 0.16847
v 0.32926 0.80926 0.16686
v 0.37036 0.81285 0.16577
v 0.34364 0.81052 0.16416
v 0.34150 0.83504 0.16859
v 0.32685 0.83376 0.16724
v 0.36869 0.83742 0.16625
v 0.34150 0.83504 0.16490
v 0.33935 0.85956 0.16865
v 0.32507 0.85831 0.16755
v 0.36588 0.86188 0.16668
v 0.33935 0.85956 0.16558
v 0.33721 0.88408 0.16866
v 0.32388 0.88292 0.16778
v 0.36195 0.88625 0.16707
v 0.33721 0.88408 0.16620
v 0.33506 0.90860 0.16860
v 0.32326 0.90757 0.16795
v 0.35698 0.91052 0.16740
v 0.33506 0.90860 0.16675
v 0.33291 0.93312 0.16847
v 0.32313 0.93227 0.16804
v 0.35109 0.93472 0.16767
v 0.33291 0.93312 0.16724
v 0.33077 0.95765 0.16827
v 0.32341 0.95700 0.16808
v 0.34444 0.95884 0.16785
v 0.33077 0.95765 0.16766
v 0.32862 0.98217 0.16800
v 0.32400 0.98176 0.16806
v 0.33721 0.98292 0.16794
v 0.36567 0.58388 0.16313
v 0.36349 0.58369 0.16700
v 0.36563 0.55917 0.16729
v 0.37073 0.55961 0.16388
v 0.35942 0.58333 0.16287
v 0.35617 0.55834 0.16332
v 0.36563 0.55917 0.15991
v 0.36349 0.58369 0.15900
v 0.36778 0.53465 0.16758
v 0.37557 0.53533 0.16460
v 0.35331 0.53338 0.16379
v 0.36778 0.53465 0.16081
v 0.36992 0.51013 0.16785
v 0.38008 0.51101 0.16526
v 0.35106 0.50848 0.16428
v 0.36992 0.51013 0.16170
v 0.37207 0.48560 0.16809
v 0.38416 0.48666 0.16586
v 0.34961 0.48364 0.16478
v 0.37207 0.48560 0.16255
v 0.37421 0.46108 0.16830
v 0.38774 0.46227 0.16640
v 0.34910 0.45888 0.16528
v 0.37421 0.46108 0.16338
v 0.37636 0.43656 0.16847
v 0.39074 0.43782 0.16686
v 0.34964 0.43422 0.16577
v 0.37636 0.43656 0.16416
v 0.37850 0.41204 0.16859
v 0.39315 0.41332 0.16724
v 0.35131 0.40966 0.16625
v 0.37850 0.41204 0.16490
v 0.38065 0.38752 0.16865
v 0.39493 0.38877 0.16755
v 0.35412 0.38520 0.16668
v 0.38065 0.38752 0.16558
v 0.38279 0.36300 0.16866
v 0.39612 0.36416 0.16778
v 0.35805 0.36083 0.16707
v 0.38279 0.36300 0.16620
v 0.38494 0.33847 0.16860
v 0.39674 0.33951 0.16795
v 0.36302 0.33656 0.16740
v 0.38494 0.33847 0.16675
v 0.38709 0.31395 0.16847
v 0.39687 0.31481 0.16804
v 0.36891 0.31236 0.16767
v 0.38709 0.31395 0.16724
v 0.38923 0.28943 0.16827
v 0.39659 0.29007 0.16808
v 0.37556 0.28823 0.16785
v 0.38923 0.28943 0.16766
v 0.39138 0.26491 0.16800
v 0.39600 0.26531 0.16806
v 0.38279 0.26416 0.16794
v -0.09500 0.16454 0.06900
v -0.09859 0.16247 0.06955
v -0.36359 0.62147 0.06955
v -0.36000 0.62354 0.06900
v -0.09500 0.16454 0.08500
v -0.36000 0.62354 0.08500
v -0.10193 0.16054 0.07114
v -0.36693 0.61954 0.07114
v -0.10480 0.15889 0.07369
v -0.36980 0.61788 0.07369
v -0.10700 0.15762 0.07700
v -0.37200 0.61661 0.07700
v -0.10838 0.15682 0.08086
v -0.37338 0.61581 0.08086
v -0.10886 0.15654 0.08500
v -0.37386 0.61554 0.08500
v -0.10838 0.15682 0.08914
v -0.37338 0.61581 0.08914
v -0.10700 0.15762 0.09300
v -0.37200 0.61661 0.09300
v -0.10480 0.15889 0.09631
v -0.36980 0.61788 0.09631
v -0.10193 0.16054 0.09886
v -0.36693 0.61954 0.09886
v -0.09859 0.16247 0.10045
v -0.36359 0.62147 0.10045
v -0.09500 0.16454 0.10100
v -0.36000 0.62354 0.10100
v -0.09141 0.16662 0.10045
v -0.35641 0.62561 0.10045
v -0.08807 0.16854 0.09886
v -0.35307 0.62754 0.09886
v -0.08520 0.17020 0.09631
v -0.35020 0.62920 0.09631
v -0.08300 0.17147 0.09300
v -0.34800 0.63047 0.09300
v -0.08162 0.17227 0.08914
v -0.34662 0.63127 0.08914
v -0.08114 0.17254 0.08500
v -0.34614 0.63154 0.08500
v -0.08162 0.17227 0.08086
v -0.34662 0.63127 0.08086
v -0.08300 0.17147 0.07700
v -0.34800 0.63047 0.07700
v -0.08520 0.17020 0.07369
v -0.35020 0.62920 0.07369
v -0.08807 0.16854 0.07114
v -0.35307 0.62754 0.07114
v -0.09141 0.16662 0.06955
v -0.35641 0.62561 0.06955
v -0.39718 0.63845 0.16313
v -0.39625 0.64044 0.16700
v -0.41856 0.65085 0.16729
v -0.42072 0.64621 0.16388
v -0.39453 0.64414 0.16287
v -0.41455 0.65946 0.16332
v -0.41856 0.65085 0.15991
v -0.39625 0.64044 0.15900
v -0.44087 0.66125 0.16758
v -0.44417 0.65416 0.16460
v -0.43473 0.67441 0.16379
v -0.44087 0.66125 0.16081
v -0.46318 0.67165 0.16785
v -0.46749 0.66241 0.16526
v -0.45518 0.68881 0.16428
v -0.46318 0.67165 0.16170
v -0.48549 0.68205 0.16809
v -0.49062 0.67105 0.16586
v -0.47596 0.70249 0.16478
v -0.48549 0.68205 0.16255
v -0.50780 0.69246 0.16830
v -0.51354 0.68015 0.16640
v -0.49714 0.71531 0.16528
v -0.50780 0.69246 0.16338
v -0.53011 0.70286 0.16847
v -0.53621 0.68977 0.16686
v -0.51877 0.72717 0.16577
v -0.53011 0.70286 0.16416
v -0.55242 0.71326 0.16859
v -0.55863 0.69994 0.16724
v -0.54088 0.73800 0.16625
v -0.55242 0.71326 0.16490
v -0.57473 0.72367 0.16865
v -0.58078 0.71067 0.16755
v -0.56347 0.74780 0.16668
v -0.57473 0.72367 0.16558
v -0.59703 0.73407 0.16866
v -0.60269 0.72195 0.16778
v -0.58654 0.75658 0.16707
v -0.59703 0.73407 0.16620
v -0.61934 0.74447 0.16860
v -0.62435 0.73373 0.16795
v -0.61004 0.76442 0.16740
v -0.61934 0.74447 0.16675
v -0.64165 0.75488 0.16847
v -0.64581 0.74597 0.16804
v -0.63394 0.77141 0.16767
v -0.64165 0.75488 0.16724
v -0.66396 0.76528 0.16827
v -0.66708 0.75858 0.16808
v -0.65816 0.77771 0.16785
v -0.66396 0.76528 0.16766
v -0.68627 0.77568 0.16800
v -0.68823 0.77147 0.16806
v -0.68263 0.78349 0.16794
v -0.32282 0.60862 0.16313
v -0.32375 0.60663 0.16700
v -0.30144 0.59623 0.16729
v -0.29928 0.60087 0.16388
v -0.32547 0.60294 0.16287
v -0.30545 0.58762 0.16332
v -0.30144 0.59623 0.15991
v -0.32375 0.60663 0.15900
v -0.27913 0.58583 0.16758
v -0.27583 0.59291 0.16460
v -0.28527 0.57267 0.16379
v -0.27913 0.58583 0.16081
v -0.25682 0.57542 0.16785
v -0.25251 0.58466 0.16526
v -0.26482 0.55827 0.16428
v -0.25682 0.57542 0.16170
v -0.23451 0.56502 0.16809
v -0.22938 0.57602 0.16586
v -0.24404 0.54459 0.16478
v -0.23451 0.56502 0.16255
v -0.21220 0.55462 0.16830
v -0.20646 0.56692 0.16640
v -0.22286 0.53177 0.16528
v -0.21220 0.55462 0.16338
v -0.18989 0.54422 0.16847
v -0.18379 0.55730 0.16686
v -0.20123 0.51991 0.16577
v -0.18989 0.54422 0.16416
v -0.16758 0.53381 0.16859
v -0.16137 0.54713 0.16724
v -0.17912 0.50907 0.16625
v -0.16758 0.53381 0.16490
v -0.14527 0.52341 0.16865
v -0.13922 0.53640 0.16755
v -0.15653 0.49928 0.16668
v -0.14527 0.52341 0.16558
v -0.12297 0.51301 0.16866
v -0.11731 0.52513 0.16778
v -0.13346 0.49050 0.16707
v -0.12297 0.51301 0.16620
v -0.10066 0.50260 0.16860
v -0.09565 0.51334 0.16795
v -0.10996 0.48266 0.16740
v -0.10066 0.50260 0.16675
v -0.07835 0.49220 0.16847
v -0.07419 0.50111 0.16804
v -0.08606 0.47566 0.16767
v -0.07835 0.49220 0.16724
v -0.05604 0.48180 0.16827
v -0.05292 0.48850 0.16808
v -0.06184 0.46936 0.16785
v -0.05604 0.48180 0.16766
v -0.03373 0.47140 0.16800
v -0.03177 0.47560 0.16806
v -0.03737 0.46358 0.16794
v -0.19000 0.00000 0.06900
v -0.19000 -0.00414 0.06955
v -0.72000 -0.00414 0.06955
v -0.72000 0.00000 0.06900
v -0.19000 0.00000 0.08500
v -0.72000 0.00000 0.08500
v -0.19000 -0.00800 0.07114
v -0.72000 -0.00800 0.07114
v -0.19000 -0.01131 0.07369
v -0.72000 -0.01131 0.07369
v -0.19000 -0.01386 0.07700
v -0.72000 -0.01386 0.07700
v -0.19000 -0.01545 0.08086
v -0.72000 -0.01545 0.08086
v -0.19000 -0.01600 0.08500
v -0.72000 -0.01600 0.08500
v -0.19000 -0.01545 0.08914
v -0.72000 -0.01545 0.08914
v -0.19000 -0.01386 0.09300
v -0.72000 -0.01386 0.09300
v -0.19000 -0.01131 0.09631
v -0.72000 -0.01131 0.09631
v -0.19000 -0.00800 0.09886
v -0.72000 -0.00800 0.09886
v -0.19000 -0.00414 0.10045
v -0.72000 -0.00414 0.10045
v -0.19000 0.00000 0.10100
v -0.72000 0.00000 0.10100
v -0.19000 0.00414 0.10045
v -0.72000 0.00414 0.10045
v -0.19000 0.00800 0.09886
v -0.72000 0.00800 0.09886
v -0.19000 0.01131 0.09631
v -0.72000 0.01131 0.09631
v -0.19000 0.01386 0.09300
v -0.72000 0.01386 0.09300
v -0.19000 0.01545 0.08914
v -0.72000 0.01545 0.08914
v -0.19000 0.01600 0.08500
v -0.72000 0.01600 0.08500
v -0.19000 0.01545 0.08086
v -0.72000 0.01545 0.08086
v -0.19000 0.01386 0.07700
v -0.72000 0.01386 0.07700
v -0.19000 0.01131 0.07369
v -0.72000 0.01131 0.07369
v -0.19000 0.00800 0.07114
v -0.72000 0.00800 0.07114
v -0.19000 0.00414 0.06955
v -0.72000 0.00414 0.06955
v -0.75151 -0.02474 0.16313
v -0.75277 -0.02294 0.16700
v -0.77293 -0.03706 0.16729
v -0.77000 -0.04125 0.16388
v -0.75511 -0.01960 0.16287
v -0.77838 -0.02928 0.16332
v -0.77293 -0.03706 0.15991
v -0.75277 -0.02294 0.15900
v -0.79309 -0.05118 0.16758
v -0.78861 -0.05759 0.16460
v -0.80142 -0.03929 0.16379
v -0.79309 -0.05118 0.16081
v -0.81326 -0.06530 0.16785
v -0.80741 -0.07365 0.16526
v -0.82412 -0.04979 0.16428
v -0.81326 -0.06530 0.16170
v -0.83342 -0.07942 0.16809
v -0.82646 -0.08936 0.16586
v -0.84635 -0.06095 0.16478
v -0.83342 -0.07942 0.16255
v -0.85358 -0.09354 0.16830
v -0.84580 -0.10466 0.16640
v -0.86805 -0.07289 0.16528
v -0.85358 -0.09354 0.16338
v -0.87375 -0.10766 0.16847
v -0.86547 -0.11948 0.16686
v -0.88913 -0.08569 0.16577
v -0.87375 -0.10766 0.16416
v -0.89391 -0.12177 0.16859
v -0.88548 -0.13381 0.16724
v -0.90957 -0.09942 0.16625
v -0.89391 -0.12177 0.16490
v -0.91408 -0.13589 0.16865
v -0.90585 -0.14764 0.16755
v -0.92935 -0.11408 0.16668
v -0.91408 -0.13589 0.16558
v -0.93424 -0.15001 0.16866
v -0.92657 -0.16097 0.16778
v -0.94849 -0.12967 0.16707
v -0.93424 -0.15001 0.16620
v -0.95440 -0.16413 0.16860
v -0.94761 -0.17384 0.16795
v -0.96703 -0.14611 0.16740
v -0.95440 -0.16413 0.16675
v -0.97457 -0.17825 0.16847
v -0.96893 -0.18630 0.16804
v -0.98503 -0.16330 0.16767
v -0.97457 -0.17825 0.16724
v -0.99473 -0.19237 0.16827
v -0.99049 -0.19842 0.16808
v -1.00260 -0.18113 0.16785
v -0.99473 -0.19237 0.16766
v -1.01489 -0.20649 0.16800
v -1.01223 -0.21029 0.16806
v -1.01984 -0.19943 0.16794
v -0.68849 0.02474 0.16313
v -0.68723 0.02294 0.16700
v -0.66707 0.03706 0.16729
v -0.67000 0.04125 0.16388
v -0.68489 0.01960 0.16287
v -0.66162 0.02928 0.16332
v -0.66707 0.03706 0.15991
v -0.68723 0.02294 0.15900
v -0.64691 0.05118 0.16758
v -0.65139 0.05759 0.16460
v -0.63858 0.03929 0.16379
v -0.64691 0.05118 0.16081
v -0.62674 0.06530 0.16785
v -0.63259 0.07365 0.16526
v -0.61588 0.04979 0.16428
v -0.62674 0.06530 0.16170
v -0.60658 0.07942 0.16809
v -0.61354 0.08936 0.16586
v -0.59365 0.06095 0.16478
v -0.60658 0.07942 0.16255
v -0.58642 0.09354 0.16830
v -0.59420 0.10466 0.16640
v -0.57195 0.07289 0.16528
v -0.58642 0.09354 0.16338
v -0.56625 0.10766 0.16847
v -0.57453 0.11948 0.16686
v -0.55087 0.08569 0.16577
v -0.56625 0.10766 0.16416
v -0.54609 0.12177 0.16859
v -0.55452 0.13381 0.16724
v -0.53043 0.09942 0.16625
v -0.54609 0.12177 0.16490
v -0.52592 0.13589 0.16865
v -0.53415 0.14764 0.16755
v -0.51065 0.11408 0.16668
v -0.52592 0.13589 0.16558
v -0.50576 0.15001 0.16866
v -0.51343 0.16097 0.16778
v -0.49151 0.12967 0.16707
v -0.50576 0.15001 0.16620
v -0.48560 0.16413 0.16860
v -0.49239 0.17384 0.16795
v -0.47297 0.14611 0.16740
v -0.48560 0.16413 0.16675
v -0.46543 0.17825 0.16847
v -0.47107 0.18630 0.16804
v -0.45497 0.16330 0.16767
v -0.46543 0.17825 0.16724
v -0.44527 0.19237 0.16827
v -0.44951 0.19842 0.16808
v -0.43740 0.18113 0.16785
v -0.44527 0.19237 0.16766
v -0.42511 0.20649 0.16800
v -0.42777 0.21029 0.16806
v -0.42016 0.19943 0.16794
v -0.09500 -0.16454 0.10100
v -0.09859 -0.16247 0.10045
v -0.36359 -0.62147 0.10045
v -0.36000 -0.62354 0.10100
v -0.09500 -0.16454 0.08500
v -0.36000 -0.62354 0.08500
v -0.10193 -0.16054 0.09886
v -0.36693 -0.61954 0.09886
v -0.10480 -0.15889 0.09631
v -0.36980 -0.61788 0.09631
v -0.10700 -0.15762 0.09300
v -0.37200 -0.61661 0.09300
v -0.10838 -0.15682 0.08914
v -0.37338 -0.61581 0.08914
v -0.10886 -0.15654 0.08500
v -0.37386 -0.61554 0.08500
v -0.10838 -0.15682 0.08086
v -0.37338 -0.61581 0.08086
v -0.10700 -0.15762 0.07700
v -0.37200 -0.61661 0.07700
v -0.10480 -0.15889 0.07369
v -0.36980 -0.61788 0.07369
v -0.10193 -0.16054 0.07114
v -0.36693 -0.61954 0.07114
v -0.09859 -0.16247 0.06955
v -0.36359 -0.62147 0.06955
v -0.09500 -0.16454 0.06900
v -0.36000 -0.62354 0.06900
v -0.09141 -0.16662 0.06955
v -0.35641 -0.62561 0.06955
v -0.08807 -0.16854 0.07114
v -0.35307 -0.62754 0.07114
v -0.08520 -0.17020 0.07369
v -0.35020 -0.62920 0.07369
v -0.08300 -0.17147 0.07700
v -0.34800 -0.63047 0.07700
v -0.08162 -0.17227 0.08086
v -0.34662 -0.63127 0.08086
v -0.08114 -0.17254 0.08500
v -0.34614 -0.63154 0.08500
v -0.08162 -0.17227 0.08914
v -0.34662 -0.63127 0.08914
v -0.08300 -0.17147 0.09300
v -0.34800 -0.63047 0.09300
v -0.08520 -0.17020 0.09631
v -0.35020 -0.62920 0.09631
v -0.08807 -0.16854 0.09886
v -0.35307 -0.62754 0.09886
v -0.09141 -0.16662 0.10045
v -0.35641 -0.62561 0.10045
v -0.35433 -0.66319 0.16313
v -0.35651 -0.66339 0.16700
v -0.35437 -0.68791 0.16729
v -0.34927 -0.68746 0.16388
v -0.36058 -0.66374 0.16287
v -0.36383 -0.68874 0.16332
v -0.35437 -0.68791 0.15991
v -0.35651 -0.66339 0.15900
v -0.35222 -0.71243 0.16758
v -0.34443 -0.71175 0.16460
v -0.36669 -0.71370 0.16379
v -0.35222 -0.71243 0.16081
v -0.35008 -0.73695 0.16785
v -0.33992 -0.73606 0.16526
v -0.36894 -0.73860 0.16428
v -0.35008 -0.73695 0.16170
v -0.34793 -0.76147 0.16809
v -0.33584 -0.76041 0.16586
v -0.37039 -0.76344 0.16478
v -0.34793 -0.76147 0.16255
v -0.34579 -0.78599 0.16830
v -0.33226 -0.78481 0.16640
v -0.37090 -0.78819 0.16528
v -0.34579 -0.78599 0.16338
v -0.34364 -0.81052 0.16847
v -0.32926 -0.80926 0.16686
v -0.37036 -0.81285 0.16577
v -0.34364 -0.81052 0.16416
v -0.34150 -0.83504 0.16859
v -0.32685 -0.83376 0.16724
v -0.36869 -0.83742 0.16625
v -0.34150 -0.83504 0.16490
v -0.33935 -0.85956 0.16865
v -0.32507 -0.85831 0.16755
v -0.36588 -0.86188 0.16668
v -0.33935 -0.85956 0.16558
v -0.33721 -0.88408 0.16866
v -0.32388 -0.88292 0.16778
v -0.36195 -0.88625 0.16707
v -0.33721 -0.88408 0.16620
v -0.33506 -0.90860 0.16860
v -0.32326 -0.90757 0.16795
v -0.35698 -0.91052 0.16740
v -0.33506 -0.90860 0.16675
v -0.33291 -0.93312 0.16847
v -0.32313 -0.93227 0.16804
v -0.35109 -0.93472 0.16767
v -0.33291 -0.93312 0.16724
v -0.33077 -0.95765 0.16827
v -0.32341 -0.95700 0.16808
v -0.34444 -0.95884 0.16785
v -0.33077 -0.95765 0.16766
v -0.32862 -0.98217 0.16800
v -0.32400 -0.98176 0.16806
v -0.33721 -0.98292 0.16794
v -0.36567 -0.58388 0.16313
v -0.36349 -0.58369 0.16700
v -0.36563 -0.55917 0.16729
v -0.37073 -0.55961 0.16388
v -0.35942 -0.58333 0.16287
v -0.35617 -0.55834 0.16332
v -0.36563 -0.55917 0.15991
v -0.36349 -0.58369 0.15900
v -0.36778 -0.53465 0.16758
v -0.37557 -0.53533 0.16460
v -0.35331 -0.53338 0.16379
v -0.36778 -0.53465 0.16081
v -0.36992 -0.51013 0.16785
v -0.38008 -0.51101 0.16526
v -0.35106 -0.50848 0.16428
v -0.36992 -0.51013 0.16170
v -0.37207 -0.48560 0.16809
v -0.38416 -0.48666 0.16586
v -0.34961 -0.48364 0.16478
v -0.37207 -0.48560 0.16255
v -0.37421 -0.46108 0.16830
v -0.38774 -0.46227 0.16640
v -0.34910 -0.45888 0.16528
v -0.37421 -0.46108 0.16338
v -0.37636 -0.43656 0.16847
v -0.39074 -0.43782 0.16686
v -0.34964 -0.43422 0.16577
v -0.37636 -0.43656 0.16416
v -0.37850 -0.41204 0.16859
v -0.39315 -0.41332 0.16724
v -0.35131 -0.40966 0.16625
v -0.37850 -0.41204 0.16490
v -0.38065 -0.38752 0.16865
v -0.39493 -0.38877 0.16755
v -0.35412 -0.38520 0.16668
v -0.38065 -0.38752 0.16558
v -0.38279 -0.36300 0.16866
v -0.39612 -0.36416 0.16778
v -0.35805 -0.36083 0.16707
v -0.38279 -0.36300 0.16620
v -0.38494 -0.33847 0.16860
v -0.39674 -0.33951 0.16795
v -0.36302 -0.33656 0.16740
v -0.38494 -0.33847 0.16675
v -0.38709 -0.31395 0.16847
v -0.39687 -0.31481 0.16804
v -0.36891 -0.31236 0.16767
v -0.38709 -0.31395 0.16724
v -0.38923 -0.28943 0.16827
v -0.39659 -0.29007 0.16808
v -0.37556 -0.28823 0.16785
v -0.38923 -0.28943 0.16766
v -0.39138 -0.26491 0.16800
v -0.39600 -0.26531 0.16806
v -0.38279 -0.26416 0.16794
v 0.09500 -0.16454 0.10100
v 0.09141 -0.16662 0.10045
v 0.35641 -0.62561 0.10045
v 0.36000 -0.62354 0.10100
v 0.09500 -0.16454 0.08500
v 0.36000 -0.62354 0.08500
v 0.08807 -0.16854 0.09886
v 0.35307 -0.62754 0.09886
v 0.08520 -0.17020 0.09631
v 0.35020 -0.62920 0.09631
v 0.08300 -0.17147 0.09300
v 0.34800 -0.63047 0.09300
v 0.08162 -0.17227 0.08914
v 0.34662 -0.63127 0.08914
v 0.08114 -0.17254 0.08500
v 0.34614 -0.63154 0.08500
v 0.08162 -0.17227 0.08086
v 0.34662 -0.63127 0.08086
v 0.08300 -0.17147 0.07700
v 0.34800 -0.63047 0.07700
v 0.08520 -0.17020 0.07369
v 0.35020 -0.62920 0.07369
v 0.08807 -0.16854 0.07114
v 0.35307 -0.62754 0.07114
v 0.09141 -0.16662 0.06955
v 0.35641 -0.62561 0.06955
v 0.09500 -0.16454 0.06900
v 0.36000 -0.62354 0.06900
v 0.09859 -0.16247 0.06955
v 0.36359 -0.62147 0.06955
v 0.10193 -0.16054 0.07114
v 0.36693 -0.61954 0.07114
v 0.10480 -0.15889 0.07369
v 0.36980 -0.61788 0.07369
v 0.10700 -0.15762 0.07700
v 0.37200 -0.61661 0.07700
v 0.10838 -0.15682 0.08086
v 0.37338 -0.61581 0.08086
v 0.10886 -0.15654 0.08500
v 0.37386 -0.61554 0.08500
v 0.10838 -0.15682 0.08914
v 0.37338 -0.61581 0.08914
v 0.10700 -0.15762 0.09300
v 0.37200 -0.61661 0.09300
v 0.10480 -0.15889 0.09631
v 0.36980 -0.61788 0.09631
v 0.10193 -0.16054 0.09886
v 0.36693 -0.61954 0.09886
v 0.09859 -0.16247 0.10045
v 0.36359 -0.62147 0.10045
v 0.39718 -0.63845 0.16313
v 0.39625 -0.64044 0.16700
v 0.41856 -0.65085 0.16729
v 0.42072 -0.64621 0.16388
v 0.39453 -0.64414 0.16287
v 0.41455 -0.65946 0.16332
v 0.41856 -0.65085 0.15991
v 0.39625 -0.64044 0.15900
v 0.44087 -0.66125 0.16758
v 0.44417 -0.65416 0.16460
v 0.43473 -0.67441 0.16379
v 0.44087 -0.66125 0.16081
v 0.46318 -0.67165 0.16785
v 0.46749 -0.66241 0.16526
v 0.45518 -0.68881 0.16428
v 0.46318 -0.67165 0.16170
v 0.48549 -0.68205 0.16809
v 0.49062 -0.67105 0.16586
v 0.47596 -0.70249 0.16478
v 0.48549 -0.68205 0.16255
v 0.50780 -0.69246 0.16830
v 0.51354 -0.68015 0.16640
v 0.49714 -0.71531 0.16528
v 0.50780 -0.69246 0.16338
v 0.53011 -0.70286 0.16847
v 0.53621 -0.68977 0.16686
v 0.51877 -0.72717 0.16577
v 0.53011 -0.70286 0.16416
v 0.55242 -0.71326 0.16859
v 0.55863 -0.69994 0.16724
v 0.54088 -0.73800 0.16625
v 0.55242 -0.71326 0.16490
v 0.57473 -0.72367 0.16865
v 0.58078 -0.71067 0.16755
v 0.56347 -0.74780 0.16668
v 0.57473 -0.72367 0.16558
v 0.59703 -0.73407 0.16866
v 0.60269 -0.72195 0.16778
v 0.58654 -0.75658 0.16707
v 0.59703 -0.73407 0.16620
v 0.61934 -0.74447 0.16860
v 0.62435 -0.73373 0.16795
v 0.61004 -0.76442 0.16740
v 0.61934 -0.74447 0.16675
v 0.64165 -0.75488 0.16847
v 0.64581 -0.74597 0.16804
v 0.63394 -0.77141 0.16767
v 0.64165 -0.75488 0.16724
v 0.66396 -0.76528 0.16827
v 0.66708 -0.75858 0.16808
v 0.65816 -0.77771 0.16785
v 0.66396 -0.76528 0.16766
v 0.68627 -0.77568 0.16800
v 0.68823 -0.77147 0.16806
v 0.68263 -0.78349 0.16794
v 0.32282 -0.60862 0.16313
v 0.32375 -0.60663 0.16700
v 0.30144 -0.59623 0.16729
v 0.29928 -0.60087 0.16388
v 0.32547 -0.60294 0.16287
v 0.30545 -0.58762 0.16332
v 0.30144 -0.59623 0.15991
v 0.32375 -0.60663 0.15900
v 0.27913 -0.58583 0.16758
v 0.27583 -0.59291 0.16460
v 0.28527 -0.57267 0.16379
v 0.27913 -0.58583 0.16081
v 0.25682 -0.57542 0.16785
v 0.25251 -0.58466 0.16526
v 0.26482 -0.55827 0.16428
v 0.25682 -0.57542 0.16170
v 0.23451 -0.56502 0.16809
v 0.22938 -0.57602 0.16586
v 0.24404 -0.54459 0.16478
v 0.23451 -0.56502 0.16255
v 0.21220 -0.55462 0.16830
v 0.20646 -0.56692 0.16640
v 0.22286 -0.53177 0.16528
v 0.21220 -0.55462 0.16338
v 0.18989 -0.54422 0.16847
v 0.18379 -0.55730 0.16686
v 0.20123 -0.51991 0.16577
v 0.18989 -0.54422 0.16416
v 0.16758 -0.53381 0.16859
v 0.16137 -0.54713 0.16724
v 0.17912 -0.50907 0.16625
v 0.16758 -0.53381 0.16490
v 0.14527 -0.52341 0.16865
v 0.13922 -0.53640 0.16755
v 0.15653 -0.49928 0.16668
v 0.14527 -0.52341 0.16558
v 0.12297 -0.51301 0.16866
v 0.11731 -0.52513 0.16778
v 0.13346 -0.49050 0.16707
v 0.12297 -0.51301 0.16620
v 0.10066 -0.50260 0.16860
v 0.09565 -0.51334 0.16795
v 0.10996 -0.48266 0.16740
v 0.10066 -0.50260 0.16675
v 0.07835 -0.49220 0.16847
v 0.07419 -0.50111 0.16804
v 0.08606 -0.47566 0.16767
v 0.07835 -0.49220 0.16724
v 0.05604 -0.48180 0.16827
v 0.05292 -0.48850 0.16808
v 0.06184 -0.46936 0.16785
v 0.05604 -0.48180 0.16766
v 0.03373 -0.47140 0.16800
v 0.03177 -0.47560 0.16806
v 0.03737 -0.46358 0.16794
v -0.16000 0.14862 0.01621
v -0.16449 0.14918 0.01739
v -0.24449 0.26918 -0.34261
v -0.24000 0.26862 -0.34379
v -0.16000 0.16000 0.02000
v -0.24000 0.28000 -0.34000
v -0.16830 0.15140 0.01898
v -0.24830 0.27140 -0.34102
v -0.17085 0.15492 0.02072
v -0.25085 0.27492 -0.33928
v -0.17174 0.15922 0.02235
v -0.25174 0.27922 -0.33765
v -0.17085 0.16363 0.02362
v -0.25085 0.28363 -0.33638
v -0.16830 0.16750 0.02434
v -0.24830 0.28750 -0.33566
v -0.16449 0.17022 0.02440
v -0.24449 0.29022 -0.33560
v -0.16000 0.17138 0.02379
v -0.24000 0.29138 -0.33621
v -0.15551 0.17082 0.02261
v -0.23551 0.29082 -0.33739
v -0.15170 0.16860 0.02102
v -0.23170 0.28860 -0.33898
v -0.14915 0.16508 0.01928
v -0.22915 0.28508 -0.34072
v -0.14826 0.16078 0.01765
v -0.22826 0.28078 -0.34235
v -0.14915 0.15637 0.01638
v -0.22915 0.27637 -0.34362
v -0.15170 0.15250 0.01566
v -0.23170 0.27250 -0.34434
v -0.15551 0.14978 0.01560
v -0.23551 0.26978 -0.34440
v -0.16000 -0.17138 0.02379
v -0.16449 -0.17022 0.02440
v -0.24449 -0.29022 -0.33560
v -0.24000 -0.29138 -0.33621
v -0.16000 -0.16000 0.02000
v -0.24000 -0.28000 -0.34000
v -0.16830 -0.16750 0.02434
v -0.24830 -0.28750 -0.33566
v -0.17085 -0.16363 0.02362
v -0.25085 -0.28363 -0.33638
v -0.17174 -0.15922 0.02235
v -0.25174 -0.27922 -0.33765
v -0.17085 -0.15492 0.02072
v -0.25085 -0.27492 -0.33928
v -0.16830 -0.15140 0.01898
v -0.24830 -0.27140 -0.34102
v -0.16449 -0.14918 0.01739
v -0.24449 -0.26918 -0.34261
v -0.16000 -0.14862 0.01621
v -0.24000 -0.26862 -0.34379
v -0.15551 -0.14978 0.01560
v -0.23551 -0.26978 -0.34440
v -0.15170 -0.15250 0.01566
v -0.23170 -0.27250 -0.34434
v -0.14915 -0.15637 0.01638
v -0.22915 -0.27637 -0.34362
v -0.14826 -0.16078 0.01765
v -0.22826 -0.28078 -0.34235
v -0.14915 -0.16508 0.01928
v -0.22915 -0.28508 -0.34072
v -0.15170 -0.16860 0.02102
v -0.23170 -0.28860 -0.33898
v -0.15551 -0.17082 0.02261
v -0.23551 -0.29082 -0.33739
v -0.24000 -0.42000 -0.35400
v -0.24433 -0.42000 -0.35331
v -0.24433 0.42000 -0.35331
v -0.24000 0.42000 -0.35400
v -0.24000 -0.42000 -0.34000
v -0.24000 0.42000 -0.34000
v -0.24823 -0.42000 -0.35133
v -0.24823 0.42000 -0.35133
v -0.25133 -0.42000 -0.34823
v -0.25133 0.42000 -0.34823
v -0.25331 -0.42000 -0.34433
v -0.25331 0.42000 -0.34433
v -0.25400 -0.42000 -0.34000
v -0.25400 0.42000 -0.34000
v -0.25331 -0.42000 -0.33567
v -0.25331 0.42000 -0.33567
v -0.25133 -0.42000 -0.33177
v -0.25133 0.42000 -0.33177
v -0.24823 -0.42000 -0.32867
v -0.24823 0.42000 -0.32867
v -0.24433 -0.42000 -0.32669
v -0.24433 0.42000 -0.32669
v -0.24000 -0.42000 -0.32600
v -0.24000 0.42000 -0.32600
v -0.23567 -0.42000 -0.32669
v -0.23567 0.42000 -0.32669
v -0.23177 -0.42000 -0.32867
v -0.23177 0.42000 -0.32867
v -0.22867 -0.42000 -0.33177
v -0.22867 0.42000 -0.33177
v -0.22669 -0.42000 -0.33567
v -0.22669 0.42000 -0.33567
v -0.22600 -0.42000 -0.34000
v -0.22600 0.42000 -0.34000
v -0.22669 -0.42000 -0.34433
v -0.22669 0.42000 -0.34433
v -0.22867 -0.42000 -0.34823
v -0.22867 0.42000 -0.34823
v -0.23177 -0.42000 -0.35133
v -0.23177 0.42000 -0.35133
v -0.23567 -0.42000 -0.35331
v -0.23567 0.42000 -0.35331
v 0.16000 0.14862 0.01621
v 0.15551 0.14978 0.01560
v 0.23551 0.26978 -0.34440
v 0.24000 0.26862 -0.34379
v 0.16000 0.16000 0.02000
v 0.24000 0.28000 -0.34000
v 0.15170 0.15250 0.01566
v 0.23170 0.27250 -0.34434
v 0.14915 0.15637 0.01638
v 0.22915 0.27637 -0.34362
v 0.14826 0.16078 0.01765
v 0.22826 0.28078 -0.34235
v 0.14915 0.16508 0.01928
v 0.22915 0.28508 -0.34072
v 0.15170 0.16860 0.02102
v 0.23170 0.28860 -0.33898
v 0.15551 0.17082 0.02261
v 0.23551 0.29082 -0.33739
v 0.16000 0.17138 0.02379
v 0.24000 0.29138 -0.33621
v 0.16449 0.17022 0.02440
v 0.24449 0.29022 -0.33560
v 0.16830 0.16750 0.02434
v 0.24830 0.28750 -0.33566
v 0.17085 0.16363 0.02362
v 0.25085 0.28363 -0.33638
v 0.17174 0.15922 0.02235
v 0.25174 0.27922 -0.33765
v 0.17085 0.15492 0.02072
v 0.25085 0.27492 -0.33928
v 0.16830 0.15140 0.01898
v 0.24830 0.27140 -0.34102
v 0.16449 0.14918 0.01739
v 0.24449 0.26918 -0.34261
v 0.16000 -0.17138 0.02379
v 0.15551 -0.17082 0.02261
v 0.23551 -0.29082 -0.33739
v 0.24000 -0.29138 -0.33621
v 0.16000 -0.16000 0.02000
v 0.24000 -0.28000 -0.34000
v 0.15170 -0.16860 0.02102
v 0.23170 -0.28860 -0.33898
v 0.14915 -0.16508 0.01928
v 0.22915 -0.28508 -0.34072
v 0.14826 -0.16078 0.01765
v 0.22826 -0.28078 -0.34235
v 0.14915 -0.15637 0.01638
v 0.22915 -0.27637 -0.34362
v 0.15170 -0.15250 0.01566
v 0.23170 -0.27250 -0.34434
v 0.15551 -0.14978 0.01560
v 0.23551 -0.26978 -0.34440
v 0.16000 -0.14862 0.01621
v 0.24000 -0.26862 -0.34379
v 0.16449 -0.14918 0.01739
v 0.24449 -0.26918 -0.34261
v 0.16830 -0.15140 0.01898
v 0.24830 -0.27140 -0.34102
v 0.17085 -0.15492 0.02072
v 0.25085 -0.27492 -0.33928
v 0.17174 -0.15922 0.02235
v 0.25174 -0.27922 -0.33765
v 0.17085 -0.16363 0.02362
v 0.25085 -0.28363 -0.33638
v 0.16830 -0.16750 0.02434
v 0.24830 -0.28750 -0.33566
v 0.16449 -0.17022 0.02440
v 0.24449 -0.29022 -0.33560
v 0.24000 -0.42000 -0.35400
v 0.23567 -0.42000 -0.35331
v 0.23567 0.42000 -0.35331
v 0.24000 0.42000 -0.35400
v 0.24000 -0.42000 -0.34000
v 0.24000 0.42000 -0.34000
v 0.23177 -0.42000 -0.35133
v 0.23177 0.42000 -0.35133
v 0.22867 -0.42000 -0.34823
v 0.22867 0.42000 -0.34823
v 0.22669 -0.42000 -0.34433
v 0.22669 0.42000 -0.34433
v 0.22600 -0.42000 -0.34000
v 0.22600 0.42000 -0.34000
v 0.22669 -0.42000 -0.33567
v 0.22669 0.42000 -0.33567
v 0.22867 -0.42000 -0.33177
v 0.22867 0.42000 -0.33177
v 0.23177 -0.42000 -0.32867
v 0.23177 0.42000 -0.32867
v 0.23567 -0.42000 -0.32669
v 0.23567 0.42000 -0.32669
v 0.24000 -0.42000 -0.32600
v 0.24000 0.42000 -0.32600
v 0.24433 -0.42000 -0.32669
v 0.24433 0.42000 -0.32669
v 0.24823 -0.42000 -0.32867
v 0.24823 0.42000 -0.32867
v 0.25133 -0.42000 -0.33177
v 0.25133 0.42000 -0.33177
v 0.25331 -0.42000 -0.33567
v 0.25331 0.42000 -0.33567
v 0.25400 -0.42000 -0.34000
v 0.25400 0.42000 -0.34000
v 0.25331 -0.42000 -0.34433
v 0.25331 0.42000 -0.34433
v 0.25133 -0.42000 -0.34823
v 0.25133 0.42000 -0.34823
v 0.24823 -0.42000 -0.35133
v 0.24823 0.42000 -0.35133
v 0.24433 -0.42000 -0.35331
v 0.24433 0.42000 -0.35331
v -0.24000 0.28000 -0.33000
v -0.24000 0.27617 -0.33076
v 0.24000 0.27617 -0.33076
v 0.24000 0.28000 -0.33000
v -0.24000 0.27293 -0.33293
v 0.24000 0.27293 -0.33293
v -0.24000 0.27076 -0.33617
v 0.24000 0.27076 -0.33617
v -0.24000 0.27000 -0.34000
v 0.24000 0.27000 -0.34000
v -0.24000 0.27076 -0.34383
v 0.24000 0.27076 -0.34383
v -0.24000 0.27293 -0.34707
v 0.24000 0.27293 -0.34707
v -0.24000 0.27617 -0.34924
v 0.24000 0.27617 -0.34924
v -0.24000 0.28000 -0.35000
v 0.24000 0.28000 -0.35000
v -0.24000 0.28383 -0.34924
v 0.24000 0.28383 -0.34924
v -0.24000 0.28707 -0.34707
v 0.24000 0.28707 -0.34707
v -0.24000 0.28924 -0.34383
v 0.24000 0.28924 -0.34383
v -0.24000 0.29000 -0.34000
v 0.24000 0.29000 -0.34000
v -0.24000 0.28924 -0.33617
v 0.24000 0.28924 -0.33617
v -0.24000 0.28707 -0.33293
v 0.24000 0.28707 -0.33293
v -0.24000 0.28383 -0.33076
v 0.24000 0.28383 -0.33076
v -0.24000 -0.28000 -0.33000
v -0.24000 -0.28383 -0.33076
v 0.24000 -0.28383 -0.33076
v 0.24000 -0.28000 -0.33000
v -0.24000 -0.28707 -0.33293
v 0.24000 -0.28707 -0.33293
v -0.24000 -0.28924 -0.33617
v 0.24000 -0.28924 -0.33617
v -0.24000 -0.29000 -0.34000
v 0.24000 -0.29000 -0.34000
v -0.24000 -0.28924 -0.34383
v 0.24000 -0.28924 -0.34383
v -0.24000 -0.28707 -0.34707
v 0.24000 -0.28707 -0.34707
v -0.24000 -0.28383 -0.34924
v 0.24000 -0.28383 -0.34924
v -0.24000 -0.28000 -0.35000
v 0.24000 -0.28000 -0.35000
v -0.24000 -0.27617 -0.34924
v 0.24000 -0.27617 -0.34924
v -0.24000 -0.27293 -0.34707
v 0.24000 -0.27293 -0.34707
v -0.24000 -0.27076 -0.34383
v 0.24000 -0.27076 -0.34383
v -0.24000 -0.27000 -0.34000
v 0.24000 -0.27000 -0.34000
v -0.24000 -0.27076 -0.33617
v 0.24000 -0.27076 -0.33617
v -0.24000 -0.27293 -0.33293
v 0.24000 -0.27293 -0.33293
v -0.24000 -0.27617 -0.33076
v 0.24000 -0.27617 -0.33076
f 2211 2212 2213
f 2211 2213 2214
f 2215 2212 2211
f 2216 2214 2213
f 2212 2217 2218
f 2212 2218 2213
f 2215 2217 2212
f 2216 2213 2218
f 2217 2219 2220
f 2217 2220 2218
f 2215 2219 2217
f 2216 2218 2220
f 2219 2221 2222
f 2219 2222 2220
f 2215 2221 2219
f 2216 2220 2222
f 2221 2223 2224
f 2221 2224 2222
f 2215 2223 2221
f 2216 2222 2224
f 2223 2225 2226
f 2223 2226 2224
f 2215 2225 2223
f 2216 2224 2226
f 2225 2227 2228
f 2225 2228 2226
f 2215 2227 2225
f 2216 2226 2228
f 2227 2229 2230
f 2227 2230 2228
f 2215 2229 2227
f 2216 2228 2230
f 2229 2231 2232
f 2229 2232 2230
f 2215 2231 2229
f 2216 2230 2232
f 2231 2233 2234
f 2231 2234 2232
f 2215 2233 2231
f 2216 2232 2234
f 2233 2235 2236
f 2233 2236 2234
f 2215 2235 2233
f 2216 2234 2236
f 2235 2237 2238
f 2235 2238 2236
f 2215 2237 2235
f 2216 2236 2238
f 2237 2239 2240
f 2237 2240 2238
f 2215 2239 2237
f 2216 2238 2240
f 2239 2241 2242
f 2239 2242 2240
f 2215 2241 2239
f 2216 2240 2242
f 2241 2243 2244
f 2241 2244 2242
f 2215 2243 2241
f 2216 2242 2244
f 2243 2245 2246
f 2243 2246 2244
f 2215 2245 2243
f 2216 2244 2246
f 2245 2247 2248
f 2245 2248 2246
f 2215 2247 2245
f 2216 2246 2248
f 2247 2249 2250
f 2247 2250 2248
f 2215 2249 2247
f 2216 2248 2250
f 2249 2251 2252
f 2249 2252 2250
f 2215 2251 2249
f 2216 2250 2252
f 2251 2253 2254
f 2251 2254 2252
f 2215 2253 2251
f 2216 2252 2254
f 2253 2255 2256
f 2253 2256 2254
f 2215 2255 2253
f 2216 2254 2256
f 2255 2257 2258
f 2255 2258 2256
f 2215 2257 2255
f 2216 2256 2258
f 2257 2259 2260
f 2257 2260 2258
f 2215 2259 2257
f 2216 2258 2260
f 2259 2261 2262
f 2259 2262 2260
f 2215 2261 2259
f 2216 2260 2262
f 2261 2263 2264
f 2261 2264 2262
f 2215 2263 2261
f 2216 2262 2264
f 2263 2265 2266
f 2263 2266 2264
f 2215 2265 2263
f 2216 2264 2266
f 2265 2267 2268
f 2265 2268 2266
f 2215 2267 2265
f 2216 2266 2268
f 2267 2269 2270
f 2267 2270 2268
f 2215 2269 2267
f 2216 2268 2270
f 2269 2271 2272
f 2269 2272 2270
f 2215 2271 2269
f 2216 2270 2272
f 2271 2273 2274
f 2271 2274 2272
f 2215 2273 2271
f 2216 2272 2274
f 2273 2275 2276
f 2273 2276 2274
f 2215 2275 2273
f 2216 2274 2276
f 2275 2211 2214
f 2275 2214 2276
f 2215 2211 2275
f 2216 2276 2214
f 2277 2278 2279
f 2277 2279 2280
f 2281 2278 2277
f 2282 2280 2279
f 2278 2283 2284
f 2278 2284 2279
f 2281 2283 2278
f 2282 2279 2284
f 2283 2285 2286
f 2283 2286 2284
f 2281 2285 2283
f 2282 2284 2286
f 2285 2287 2288
f 2285 2288 2286
f 2281 2287 2285
f 2282 2286 2288
f 2287 2289 2290
f 2287 2290 2288
f 2281 2289 2287
f 2282 2288 2290
f 2289 2291 2292
f 2289 2292 2290
f 2281 2291 2289
f 2282 2290 2292
f 2291 2293 2294
f 2291 2294 2292
f 2281 2293 2291
f 2282 2292 2294
f 2293 2295 2296
f 2293 2296 2294
f 2281 2295 2293
f 2282 2294 2296
f 2295 2297 2298
f 2295 2298 2296
f 2281 2297 2295
f 2282 2296 2298
f 2297 2299 2300
f 2297 2300 2298
f 2281 2299 2297
f 2282 2298 2300
f 2299 2301 2302
f 2299 2302 2300
f 2281 2301 2299
f 2282 2300 2302
f 2301 2303 2304
f 2301 2304 2302
f 2281 2303 2301
f 2282 2302 2304
f 2303 2305 2306
f 2303 2306 2304
f 2281 2305 2303
f 2282 2304 2306
f 2305 2307 2308
f 2305 2308 2306
f 2281 2307 2305
f 2282 2306 2308
f 2307 2309 2310
f 2307 2310 2308
f 2281 2309 2307
f 2282 2308 2310
f 2309 2311 2312
f 2309 2312 2310
f 2281 2311 2309
f 2282 2310 2312
f 2311 2313 2314
f 2311 2314 2312
f 2281 2313 2311
f 2282 2312 2314
f 2313 2315 2316
f 2313 2316 2314
f 2281 2315 2313
f 2282 2314 2316
f 2315 2317 2318
f 2315 2318 2316
f 2281 2317 2315
f 2282 2316 2318
f 2317 2319 2320
f 2317 2320 2318
f 2281 2319 2317
f 2282 2318 2320
f 2319 2321 2322
f 2319 2322 2320
f 2281 2321 2319
f 2282 2320 2322
f 2321 2323 2324
f 2321 2324 2322
f 2281 2323 2321
f 2282 2322 2324
f 2323 2325 2326
f 2323 2326 2324
f 2281 2325 2323
f 2282 2324 2326
f 2325 2277 2280
f 2325 2280 2326
f 2281 2277 2325
f 2282 2326 2280
f 2327 2328 2329
f 2327 2329 2330
f 2328 2331 2332
f 2328 2332 2329
f 2327 2330 2333
f 2327 2333 2334
f 2334 2333 2332
f 2334 2332 2331
f 2330 2329 2335
f 2330 2335 2336
f 2329 2332 2337
f 2329 2337 2335
f 2330 2336 2338
f 2330 2338 2333
f 2333 2338 2337
f 2333 2337 2332
f 2336 2335 2339
f 2336 2339 2340
f 2335 2337 2341
f 2335 2341 2339
f 2336 2340 2342
f 2336 2342 2338
f 2338 2342 2341
f 2338 2341 2337
f 2340 2339 2343
f 2340 2343 2344
f 2339 2341 2345
f 2339 2345 2343
f 2340 2344 2346
f 2340 2346 2342
f 2342 2346 2345
f 2342 2345 2341
f 2344 2343 2347
f 2344 2347 2348
f 2343 2345 2349
f 2343 2349 2347
f 2344 2348 2350
f 2344 2350 2346
f 2346 2350 2349
f 2346 2349 2345
f 2348 2347 2351
f 2348 2351 2352
f 2347 2349 2353
f 2347 2353 2351
f 2348 2352 2354
f 2348 2354 2350
f 2350 2354 2353
f 2350 2353 2349
f 2352 2351 2355
f 2352 2355 2356
f 2351 2353 2357
f 2351 2357 2355
f 2352 2356 2358
f 2352 2358 2354
f 2354 2358 2357
f 2354 2357 2353
f 2356 2355 2359
f 2356 2359 2360
f 2355 2357 2361
f 2355 2361 2359
f 2356 2360 2362
f 2356 2362 2358
f 2358 2362 2361
f 2358 2361 2357
f 2360 2359 2363
f 2360 2363 2364
f 2359 2361 2365
f 2359 2365 2363
f 2360 2364 2366
f 2360 2366 2362
f 2362 2366 2365
f 2362 2365 2361
f 2364 2363 2367
f 2364 2367 2368
f 2363 2365 2369
f 2363 2369 2367
f 2364 2368 2370
f 2364 2370 2366
f 2366 2370 2369
f 2366 2369 2365
f 2368 2367 2371
f 2368 2371 2372
f 2367 2369 2373
f 2367 2373 2371
f 2368 2372 2374
f 2368 2374 2370
f 2370 2374 2373
f 2370 2373 2369
f 2372 2371 2375
f 2372 2375 2376
f 2371 2373 2377
f 2371 2377 2375
f 2372 2376 2378
f 2372 2378 2374
f 2374 2378 2377
f 2374 2377 2373
f 2376 2375 2379
f 2376 2379 2380
f 2375 2377 2381
f 2375 2381 2379
f 2376 2380 2379
f 2376 2379 2378
f 2378 2379 2381
f 2378 2381 2377
f 2380 2379 2381
f 2380 2381 2379
f 2382 2383 2384
f 2382 2384 2385
f 2383 2386 2387
f 2383 2387 2384
f 2382 2385 2388
f 2382 2388 2389
f 2389 2388 2387
f 2389 2387 2386
f 2385 2384 2390
f 2385 2390 2391
f 2384 2387 2392
f 2384 2392 2390
f 2385 2391 2393
f 2385 2393 2388
f 2388 2393 2392
f 2388 2392 2387
f 2391 2390 2394
f 2391 2394 2395
f 2390 2392 2396
f 2390 2396 2394
f 2391 2395 2397
f 2391 2397 2393
f 2393 2397 2396
f 2393 2396 2392
f 2395 2394 2398
f 2395 2398 2399
f 2394 2396 2400
f 2394 2400 2398
f 2395 2399 2401
f 2395 2401 2397
f 2397 2401 2400
f 2397 2400 2396
f 2399 2398 2402
f 2399 2402 2403
f 2398 2400 2404
f 2398 2404 2402
f 2399 2403 2405
f 2399 2405 2401
f 2401 2405 2404
f 2401 2404 2400
f 2403 2402 2406
f 2403 2406 2407
f 2402 2404 2408
f 2402 2408 2406
f 2403 2407 2409
f 2403 2409 2405
f 2405 2409 2408
f 2405 2408 2404
f 2407 2406 2410
f 2407 2410 2411
f 2406 2408 2412
f 2406 2412 2410
f 2407 2411 2413
f 2407 2413 2409
f 2409 2413 2412
f 2409 2412 2408
f 2411 2410 2414
f 2411 2414 2415
f 2410 2412 2416
f 2410 2416 2414
f 2411 2415 2417
f 2411 2417 2413
f 2413 2417 2416
f 2413 2416 2412
f 2415 2414 2418
f 2415 2418 2419
f 2414 2416 2420
f 2414 2420 2418
f 2415 2419 2421
f 2415 2421 2417
f 2417 2421 2420
f 2417 2420 2416
f 2419 2418 2422
f 2419 2422 2423
f 2418 2420 2424
f 2418 2424 2422
f 2419 2423 2425
f 2419 2425 2421
f 2421 2425 2424
f 2421 2424 2420
f 2423 2422 2426
f 2423 2426 2427
f 2422 2424 2428
f 2422 2428 2426
f 2423 2427 2429
f 2423 2429 2425
f 2425 2429 2428
f 2425 2428 2424
f 2427 2426 2430
f 2427 2430 2431
f 2426 2428 2432
f 2426 2432 2430
f 2427 2431 2433
f 2427 2433 2429
f 2429 2433 2432
f 2429 2432 2428
f 2431 2430 2434
f 2431 2434 2435
f 2430 2432 2436
f 2430 2436 2434
f 2431 2435 2434
f 2431 2434 2433
f 2433 2434 2436
f 2433 2436 2432
f 2435 2434 2436
f 2435 2436 2434
f 2437 2438 2439
f 2437 2439 2440
f 2441 2438 2437
f 2442 2440 2439
f 2438 2443 2444
f 2438 2444 2439
f 2441 2443 2438
f 2442 2439 2444
f 2443 2445 2446
f 2443 2446 2444
f 2441 2445 2443
f 2442 2444 2446
f 2445 2447 2448
f 2445 2448 2446
f 2441 2447 2445
f 2442 2446 2448
f 2447 2449 2450
f 2447 2450 2448
f 2441 2449 2447
f 2442 2448 2450
f 2449 2451 2452
f 2449 2452 2450
f 2441 2451 2449
f 2442 2450 2452
f 2451 2453 2454
f 2451 2454 2452
f 2441 2453 2451
f 2442 2452 2454
f 2453 2455 2456
f 2453 2456 2454
f 2441 2455 2453
f 2442 2454 2456
f 2455 2457 2458
f 2455 2458 2456
f 2441 2457 2455
f 2442 2456 2458
f 2457 2459 2460
f 2457 2460 2458
f 2441 2459 2457
f 2442 2458 2460
f 2459 2461 2462
f 2459 2462 2460
f 2441 2461 2459
f 2442 2460 2462
f 2461 2463 2464
f 2461 2464 2462
f 2441 2463 2461
f 2442 2462 2464
f 2463 2465 2466
f 2463 2466 2464
f 2441 2465 2463
f 2442 2464 2466
f 2465 2467 2468
f 2465 2468 2466
f 2441 2467 2465
f 2442 2466 2468
f 2467 2469 2470
f 2467 2470 2468
f 2441 2469 2467
f 2442 2468 2470
f 2469 2471 2472
f 2469 2472 2470
f 2441 2471 2469
f 2442 2470 2472
f 2471 2473 2474
f 2471 2474 2472
f 2441 2473 2471
f 2442 2472 2474
f 2473 2475 2476
f 2473 2476 2474
f 2441 2475 2473
f 2442 2474 2476
f 2475 2477 2478
f 2475 2478 2476
f 2441 2477 2475
f 2442 2476 2478
f 2477 2479 2480
f 2477 2480 2478
f 2441 2479 2477
f 2442 2478 2480
f 2479 2481 2482
f 2479 2482 2480
f 2441 2481 2479
f 2442 2480 2482
f 2481 2483 2484
f 2481 2484 2482
f 2441 2483 2481
f 2442 2482 2484
f 2483 2485 2486
f 2483 2486 2484
f 2441 2485 2483
f 2442 2484 2486
f 2485 2437 2440
f 2485 2440 2486
f 2441 2437 2485
f 2442 2486 2440
f 2487 2488 2489
f 2487 2489 2490
f 2488 2491 2492
f 2488 2492 2489
f 2487 2490 2493
f 2487 2493 2494
f 2494 2493 2492
f 2494 2492 2491
f 2490 2489 2495
f 2490 2495 2496
f 2489 2492 2497
f 2489 2497 2495
f 2490 2496 2498
f 2490 2498 2493
f 2493 2498 2497
f 2493 2497 2492
f 2496 2495 2499
f 2496 2499 2500
f 2495 2497 2501
f 2495 2501 2499
f 2496 2500 2502
f 2496 2502 2498
f 2498 2502 2501
f 2498 2501 2497
f 2500 2499 2503
f 2500 2503 2504
f 2499 2501 2505
f 2499 2505 2503
f 2500 2504 2506
f 2500 2506 2502
f 2502 2506 2505
f 2502 2505 2501
f 2504 2503 2507
f 2504 2507 2508
f 2503 2505 2509
f 2503 2509 2507
f 2504 2508 2510
f 2504 2510 2506
f 2506 2510 2509
f 2506 2509 2505
f 2508 2507 2511
f 2508 2511 2512
f 2507 2509 2513
f 2507 2513 2511
f 2508 2512 2514
f 2508 2514 2510
f 2510 2514 2513
f 2510 2513 2509
f 2512 2511 2515
f 2512 2515 2516
f 2511 2513 2517
f 2511 2517 2515
f 2512 2516 2518
f 2512 2518 2514
f 2514 2518 2517
f 2514 2517 2513
f 2516 2515 2519
f 2516 2519 2520
f 2515 2517 2521
f 2515 2521 2519
f 2516 2520 2522
f 2516 2522 2518
f 2518 2522 2521
f 2518 2521 2517
f 2520 2519 2523
f 2520 2523 2524
f 2519 2521 2525
f 2519 2525 2523
f 2520 2524 2526
f 2520 2526 2522
f 2522 2526 2525
f 2522 2525 2521
f 2524 2523 2527
f 2524 2527 2528
f 2523 2525 2529
f 2523 2529 2527
f 2524 2528 2530
f 2524 2530 2526
f 2526 2530 2529
f 2526 2529 2525
f 2528 2527 2531
f 2528 2531 2532
f 2527 2529 2533
f 2527 2533 2531
f 2528 2532 2534
f 2528 2534 2530
f 2530 2534 2533
f 2530 2533 2529
f 2532 2531 2535
f 2532 2535 2536
f 2531 2533 2537
f 2531 2537 2535
f 2532 2536 2538
f 2532 2538 2534
f 2534 2538 2537
f 2534 2537 2533
f 2536 2535 2539
f 2536 2539 2540
f 2535 2537 2541
f 2535 2541 2539
f 2536 2540 2539
f 2536 2539 2538
f 2538 2539 2541
f 2538 2541 2537
f 2540 2539 2541
f 2540 2541 2539
f 2542 2543 2544
f 2542 2544 2545
f 2543 2546 2547
f 2543 2547 2544
f 2542 2545 2548
f 2542 2548 2549
f 2549 2548 2547
f 2549 2547 2546
f 2545 2544 2550
f 2545 2550 2551
f 2544 2547 2552
f 2544 2552 2550
f 2545 2551 2553
f 2545 2553 2548
f 2548 2553 2552
f 2548 2552 2547
f 2551 2550 2554
f 2551 2554 2555
f 2550 2552 2556
f 2550 2556 2554
f 2551 2555 2557
f 2551 2557 2553
f 2553 2557 2556
f 2553 2556 2552
f 2555 2554 2558
f 2555 2558 2559
f 2554 2556 2560
f 2554 2560 2558
f 2555 2559 2561
f 2555 2561 2557
f 2557 2561 2560
f 2557 2560 2556
f 2559 2558 2562
f 2559 2562 2563
f 2558 2560 2564
f 2558 2564 2562
f 2559 2563 2565
f 2559 2565 2561
f 2561 2565 2564
f 2561 2564 2560
f 2563 2562 2566
f 2563 2566 2567
f 2562 2564 2568
f 2562 2568 2566
f 2563 2567 2569
f 2563 2569 2565
f 2565 2569 2568
f 2565 2568 2564
f 2567 2566 2570
f 2567 2570 2571
f 2566 2568 2572
f 2566 2572 2570
f 2567 2571 2573
f 2567 2573 2569
f 2569 2573 2572
f 2569 2572 2568
f 2571 2570 2574
f 2571 2574 2575
f 2570 2572 2576
f 2570 2576 2574
f 2571 2575 2577
f 2571 2577 2573
f 2573 2577 2576
f 2573 2576 2572
f 2575 2574 2578
f 2575 2578 2579
f 2574 2576 2580
f 2574 2580 2578
f 2575 2579 2581
f 2575 2581 2577
f 2577 2581 2580
f 2577 2580 2576
f 2579 2578 2582
f 2579 2582 2583
f 2578 2580 2584
f 2578 2584 2582
f 2579 2583 2585
f 2579 2585 2581
f 2581 2585 2584
f 2581 2584 2580
f 2583 2582 2586
f 2583 2586 2587
f 2582 2584 2588
f 2582 2588 2586
f 2583 2587 2589
f 2583 2589 2585
f 2585 2589 2588
f 2585 2588 2584
f 2587 2586 2590
f 2587 2590 2591
f 2586 2588 2592
f 2586 2592 2590
f 2587 2591 2593
f 2587 2593 2589
f 2589 2593 2592
f 2589 2592 2588
f 2591 2590 2594
f 2591 2594 2595
f 2590 2592 2596
f 2590 2596 2594
f 2591 2595 2594
f 2591 2594 2593
f 2593 2594 2596
f 2593 2596 2592
f 2595 2594 2596
f 2595 2596 2594
f 2597 2598 2599
f 2597 2599 2600
f 2601 2598 2597
f 2602 2600 2599
f 2598 2603 2604
f 2598 2604 2599
f 2601 2603 2598
f 2602 2599 2604
f 2603 2605 2606
f 2603 2606 2604
f 2601 2605 2603
f 2602 2604 2606
f 2605 2607 2608
f 2605 2608 2606
f 2601 2607 2605
f 2602 2606 2608
f 2607 2609 2610
f 2607 2610 2608
f 2601 2609 2607
f 2602 2608 2610
f 2609 2611 2612
f 2609 2612 2610
f 2601 2611 2609
f 2602 2610 2612
f 2611 2613 2614
f 2611 2614 2612
f 2601 2613 2611
f 2602 2612 2614
f 2613 2615 2616
f 2613 2616 2614
f 2601 2615 2613
f 2602 2614 2616
f 2615 2617 2618
f 2615 2618 2616
f 2601 2617 2615
f 2602 2616 2618
f 2617 2619 2620
f 2617 2620 2618
f 2601 2619 2617
f 2602 2618 2620
f 2619 2621 2622
f 2619 2622 2620
f 2601 2621 2619
f 2602 2620 2622
f 2621 2623 2624
f 2621 2624 2622
f 2601 2623 2621
f 2602 2622 2624
f 2623 2625 2626
f 2623 2626 2624
f 2601 2625 2623
f 2602 2624 2626
f 2625 2627 2628
f 2625 2628 2626
f 2601 2627 2625
f 2602 2626 2628
f 2627 2629 2630
f 2627 2630 2628
f 2601 2629 2627
f 2602 2628 2630
f 2629 2631 2632
f 2629 2632 2630
f 2601 2631 2629
f 2602 2630 2632
f 2631 2633 2634
f 2631 2634 2632
f 2601 2633 2631
f 2602 2632 2634
f 2633 2635 2636
f 2633 2636 2634
f 2601 2635 2633
f 2602 2634 2636
f 2635 2637 2638
f 2635 2638 2636
f 2601 2637 2635
f 2602 2636 2638
f 2637 2639 2640
f 2637 2640 2638
f 2601 2639 2637
f 2602 2638 2640
f 2639 2641 2642
f 2639 2642 2640
f 2601 2641 2639
f 2602 2640 2642
f 2641 2643 2644
f 2641 2644 2642
f 2601 2643 2641
f 2602 2642 2644
f 2643 2645 2646
f 2643 2646 2644
f 2601 2645 2643
f 2602 2644 2646
f 2645 2597 2600
f 2645 2600 2646
f 2601 2597 2645
f 2602 2646 2600
f 2647 2648 2649
f 2647 2649 2650
f 2648 2651 2652
f 2648 2652 2649
f 2647 2650 2653
f 2647 2653 2654
f 2654 2653 2652
f 2654 2652 2651
f 2650 2649 2655
f 2650 2655 2656
f 2649 2652 2657
f 2649 2657 2655
f 2650 2656 2658
f 2650 2658 2653
f 2653 2658 2657
f 2653 2657 2652
f 2656 2655 2659
f 2656 2659 2660
f 2655 2657 2661
f 2655 2661 2659
f 2656 2660 2662
f 2656 2662 2658
f 2658 2662 2661
f 2658 2661 2657
f 2660 2659 2663
f 2660 2663 2664
f 2659 2661 2665
f 2659 2665 2663
f 2660 2664 2666
f 2660 2666 2662
f 2662 2666 2665
f 2662 2665 2661
f 2664 2663 2667
f 2664 2667 2668
f 2663 2665 2669
f 2663 2669 2667
f 2664 2668 2670
f 2664 2670 2666
f 2666 2670 2669
f 2666 2669 2665
f 2668 2667 2671
f 2668 2671 2672
f 2667 2669 2673
f 2667 2673 2671
f 2668 2672 2674
f 2668 2674 2670
f 2670 2674 2673
f 2670 2673 2669
f 2672 2671 2675
f 2672 2675 2676
f 2671 2673 2677
f 2671 2677 2675
f 2672 2676 2678
f 2672 2678 2674
f 2674 2678 2677
f 2674 2677 2673
f 2676 2675 2679
f 2676 2679 2680
f 2675 2677 2681
f 2675 2681 2679
f 2676 2680 2682
f 2676 2682 2678
f 2678 2682 2681
f 2678 2681 2677
f 2680 2679 2683
f 2680 2683 2684
f 2679 2681 2685
f 2679 2685 2683
f 2680 2684 2686
f 2680 2686 2682
f 2682 2686 2685
f 2682 2685 2681
f 2684 2683 2687
f 2684 2687 2688
f 2683 2685 2689
f 2683 2689 2687
f 2684 2688 2690
f 2684 2690 2686
f 2686 2690 2689
f 2686 2689 2685
f 2688 2687 2691
f 2688 2691 2692
f 2687 2689 2693
f 2687 2693 2691
f 2688 2692 2694
f 2688 2694 2690
f 2690 2694 2693
f 2690 2693 2689
f 2692 2691 2695
f 2692 2695 2696
f 2691 2693 2697
f 2691 2697 2695
f 2692 2696 2698
f 2692 2698 2694
f 2694 2698 2697
f 2694 2697 2693
f 2696 2695 2699
f 2696 2699 2700
f 2695 2697 2701
f 2695 2701 2699
f 2696 2700 2699
f 2696 2699 2698
f 2698 2699 2701
f 2698 2701 2697
f 2700 2699 2701
f 2700 2701 2699
f 2702 2703 2704
f 2702 2704 2705
f 2703 2706 2707
f 2703 2707 2704
f 2702 2705 2708
f 2702 2708 2709
f 2709 2708 2707
f 2709 2707 2706
f 2705 2704 2710
f 2705 2710 2711
f 2704 2707 2712
f 2704 2712 2710
f 2705 2711 2713
f 2705 2713 2708
f 2708 2713 2712
f 2708 2712 2707
f 2711 2710 2714
f 2711 2714 2715
f 2710 2712 2716
f 2710 2716 2714
f 2711 2715 2717
f 2711 2717 2713
f 2713 2717 2716
f 2713 2716 2712
f 2715 2714 2718
f 2715 2718 2719
f 2714 2716 2720
f 2714 2720 2718
f 2715 2719 2721
f 2715 2721 2717
f 2717 2721 2720
f 2717 2720 2716
f 2719 2718 2722
f 2719 2722 2723
f 2718 2720 2724
f 2718 2724 2722
f 2719 2723 2725
f 2719 2725 2721
f 2721 2725 2724
f 2721 2724 2720
f 2723 2722 2726
f 2723 2726 2727
f 2722 2724 2728
f 2722 2728 2726
f 2723 2727 2729
f 2723 2729 2725
f 2725 2729 2728
f 2725 2728 2724
f 2727 2726 2730
f 2727 2730 2731
f 2726 2728 2732
f 2726 2732 2730
f 2727 2731 2733
f 2727 2733 2729
f 2729 2733 2732
f 2729 2732 2728
f 2731 2730 2734
f 2731 2734 2735
f 2730 2732 2736
f 2730 2736 2734
f 2731 2735 2737
f 2731 2737 2733
f 2733 2737 2736
f 2733 2736 2732
f 2735 2734 2738
f 2735 2738 2739
f 2734 2736 2740
f 2734 2740 2738
f 2735 2739 2741
f 2735 2741 2737
f 2737 2741 2740
f 2737 2740 2736
f 2739 2738 2742
f 2739 2742 2743
f 2738 2740 2744
f 2738 2744 2742
f 2739 2743 2745
f 2739 2745 2741
f 2741 2745 2744
f 2741 2744 2740
f 2743 2742 2746
f 2743 2746 2747
f 2742 2744 2748
f 2742 2748 2746
f 2743 2747 2749
f 2743 2749 2745
f 2745 2749 2748
f 2745 2748 2744
f 2747 2746 2750
f 2747 2750 2751
f 2746 2748 2752
f 2746 2752 2750
f 2747 2751 2753
f 2747 2753 2749
f 2749 2753 2752
f 2749 2752 2748
f 2751 2750 2754
f 2751 2754 2755
f 2750 2752 2756
f 2750 2756 2754
f 2751 2755 2754
f 2751 2754 2753
f 2753 2754 2756
f 2753 2756 2752
f 2755 2754 2756
f 2755 2756 2754
f 2757 2758 2759
f 2757 2759 2760
f 2761 2758 2757
f 2762 2760 2759
f 2758 2763 2764
f 2758 2764 2759
f 2761 2763 2758
f 2762 2759 2764
f 2763 2765 2766
f 2763 2766 2764
f 2761 2765 2763
f 2762 2764 2766
f 2765 2767 2768
f 2765 2768 2766
f 2761 2767 2765
f 2762 2766 2768
f 2767 2769 2770
f 2767 2770 2768
f 2761 2769 2767
f 2762 2768 2770
f 2769 2771 2772
f 2769 2772 2770
f 2761 2771 2769
f 2762 2770 2772
f 2771 2773 2774
f 2771 2774 2772
f 2761 2773 2771
f 2762 2772 2774
f 2773 2775 2776
f 2773 2776 2774
f 2761 2775 2773
f 2762 2774 2776
f 2775 2777 2778
f 2775 2778 2776
f 2761 2777 2775
f 2762 2776 2778
f 2777 2779 2780
f 2777 2780 2778
f 2761 2779 2777
f 2762 2778 2780
f 2779 2781 2782
f 2779 2782 2780
f 2761 2781 2779
f 2762 2780 2782
f 2781 2783 2784
f 2781 2784 2782
f 2761 2783 2781
f 2762 2782 2784
f 2783 2785 2786
f 2783 2786 2784
f 2761 2785 2783
f 2762 2784 2786
f 2785 2787 2788
f 2785 2788 2786
f 2761 2787 2785
f 2762 2786 2788
f 2787 2789 2790
f 2787 2790 2788
f 2761 2789 2787
f 2762 2788 2790
f 2789 2791 2792
f 2789 2792 2790
f 2761 2791 2789
f 2762 2790 2792
f 2791 2793 2794
f 2791 2794 2792
f 2761 2793 2791
f 2762 2792 2794
f 2793 2795 2796
f 2793 2796 2794
f 2761 2795 2793
f 2762 2794 2796
f 2795 2797 2798
f 2795 2798 2796
f 2761 2797 2795
f 2762 2796 2798
f 2797 2799 2800
f 2797 2800 2798
f 2761 2799 2797
f 2762 2798 2800
f 2799 2801 2802
f 2799 2802 2800
f 2761 2801 2799
f 2762 2800 2802
f 2801 2803 2804
f 2801 2804 2802
f 2761 2803 2801
f 2762 2802 2804
f 2803 2805 2806
f 2803 2806 2804
f 2761 2805 2803
f 2762 2804 2806
f 2805 2757 2760
f 2805 2760 2806
f 2761 2757 2805
f 2762 2806 2760
f 2807 2808 2809
f 2807 2809 2810
f 2808 2811 2812
f 2808 2812 2809
f 2807 2810 2813
f 2807 2813 2814
f 2814 2813 2812
f 2814 2812 2811
f 2810 2809 2815
f 2810 2815 2816
f 2809 2812 2817
f 2809 2817 2815
f 2810 2816 2818
f 2810 2818 2813
f 2813 2818 2817
f 2813 2817 2812
f 2816 2815 2819
f 2816 2819 2820
f 2815 2817 2821
f 2815 2821 2819
f 2816 2820 2822
f 2816 2822 2818
f 2818 2822 2821
f 2818 2821 2817
f 2820 2819 2823
f 2820 2823 2824
f 2819 2821 2825
f 2819 2825 2823
f 2820 2824 2826
f 2820 2826 2822
f 2822 2826 2825
f 2822 2825 2821
f 2824 2823 2827
f 2824 2827 2828
f 2823 2825 2829
f 2823 2829 2827
f 2824 2828 2830
f 2824 2830 2826
f 2826 2830 2829
f 2826 2829 2825
f 2828 2827 2831
f 2828 2831 2832
f 2827 2829 2833
f 2827 2833 2831
f 2828 2832 2834
f 2828 2834 2830
f 2830 2834 2833
f 2830 2833 2829
f 2832 2831 2835
f 2832 2835 2836
f 2831 2833 2837
f 2831 2837 2835
f 2832 2836 2838
f 2832 2838 2834
f 2834 2838 2837
f 2834 2837 2833
f 2836 2835 2839
f 2836 2839 2840
f 2835 2837 2841
f 2835 2841 2839
f 2836 2840 2842
f 2836 2842 2838
f 2838 2842 2841
f 2838 2841 2837
f 2840 2839 2843
f 2840 2843 2844
f 2839 2841 2845
f 2839 2845 2843
f 2840 2844 2846
f 2840 2846 2842
f 2842 2846 2845
f 2842 2845 2841
f 2844 2843 2847
f 2844 2847 2848
f 2843 2845 2849
f 2843 2849 2847
f 2844 2848 2850
f 2844 2850 2846
f 2846 2850 2849
f 2846 2849 2845
f 2848 2847 2851
f 2848 2851 2852
f 2847 2849 2853
f 2847 2853 2851
f 2848 2852 2854
f 2848 2854 2850
f 2850 2854 2853
f 2850 2853 2849
f 2852 2851 2855
f 2852 2855 2856
f 2851 2853 2857
f 2851 2857 2855
f 2852 2856 2858
f 2852 2858 2854
f 2854 2858 2857
f 2854 2857 2853
f 2856 2855 2859
f 2856 2859 2860
f 2855 2857 2861
f 2855 2861 2859
f 2856 2860 2859
f 2856 2859 2858
f 2858 2859 2861
f 2858 2861 2857
f 2860 2859 2861
f 2860 2861 2859
f 2862 2863 2864
f 2862 2864 2865
f 2863 2866 2867
f 2863 2867 2864
f 2862 2865 2868
f 2862 2868 2869
f 2869 2868 2867
f 2869 2867 2866
f 2865 2864 2870
f 2865 2870 2871
f 2864 2867 2872
f 2864 2872 2870
f 2865 2871 2873
f 2865 2873 2868
f 2868 2873 2872
f 2868 2872 2867
f 2871 2870 2874
f 2871 2874 2875
f 2870 2872 2876
f 2870 2876 2874
f 2871 2875 2877
f 2871 2877 2873
f 2873 2877 2876
f 2873 2876 2872
f 2875 2874 2878
f 2875 2878 2879
f 2874 2876 2880
f 2874 2880 2878
f 2875 2879 2881
f 2875 2881 2877
f 2877 2881 2880
f 2877 2880 2876
f 2879 2878 2882
f 2879 2882 2883
f 2878 2880 2884
f 2878 2884 2882
f 2879 2883 2885
f 2879 2885 2881
f 2881 2885 2884
f 2881 2884 2880
f 2883 2882 2886
f 2883 2886 2887
f 2882 2884 2888
f 2882 2888 2886
f 2883 2887 2889
f 2883 2889 2885
f 2885 2889 2888
f 2885 2888 2884
f 2887 2886 2890
f 2887 2890 2891
f 2886 2888 2892
f 2886 2892 2890
f 2887 2891 2893
f 2887 2893 2889
f 2889 2893 2892
f 2889 2892 2888
f 2891 2890 2894
f 2891 2894 2895
f 2890 2892 2896
f 2890 2896 2894
f 2891 2895 2897
f 2891 2897 2893
f 2893 2897 2896
f 2893 2896 2892
f 2895 2894 2898
f 2895 2898 2899
f 2894 2896 2900
f 2894 2900 2898
f 2895 2899 2901
f 2895 2901 2897
f 2897 2901 2900
f 2897 2900 2896
f 2899 2898 2902
f 2899 2902 2903
f 2898 2900 2904
f 2898 2904 2902
f 2899 2903 2905
f 2899 2905 2901
f 2901 2905 2904
f 2901 2904 2900
f 2903 2902 2906
f 2903 2906 2907
f 2902 2904 2908
f 2902 2908 2906
f 2903 2907 2909
f 2903 2909 2905
f 2905 2909 2908
f 2905 2908 2904
f 2907 2906 2910
f 2907 2910 2911
f 2906 2908 2912
f 2906 2912 2910
f 2907 2911 2913
f 2907 2913 2909
f 2909 2913 2912
f 2909 2912 2908
f 2911 2910 2914
f 2911 2914 2915
f 2910 2912 2916
f 2910 2916 2914
f 2911 2915 2914
f 2911 2914 2913
f 2913 2914 2916
f 2913 2916 2912
f 2915 2914 2916
f 2915 2916 2914
f 2917 2918 2919
f 2917 2919 2920
f 2921 2918 2917
f 2922 2920 2919
f 2918 2923 2924
f 2918 2924 2919
f 2921 2923 2918
f 2922 2919 2924
f 2923 2925 2926
f 2923 2926 2924
f 2921 2925 2923
f 2922 2924 2926
f 2925 2927 2928
f 2925 2928 2926
f 2921 2927 2925
f 2922 2926 2928
f 2927 2929 2930
f 2927 2930 2928
f 2921 2929 2927
f 2922 2928 2930
f 2929 2931 2932
f 2929 2932 2930
f 2921 2931 2929
f 2922 2930 2932
f 2931 2933 2934
f 2931 2934 2932
f 2921 2933 2931
f 2922 2932 2934
f 2933 2935 2936
f 2933 2936 2934
f 2921 2935 2933
f 2922 2934 2936
f 2935 2937 2938
f 2935 2938 2936
f 2921 2937 2935
f 2922 2936 2938
f 2937 2939 2940
f 2937 2940 2938
f 2921 2939 2937
f 2922 2938 2940
f 2939 2941 2942
f 2939 2942 2940
f 2921 2941 2939
f 2922 2940 2942
f 2941 2943 2944
f 2941 2944 2942
f 2921 2943 2941
f 2922 2942 2944
f 2943 2945 2946
f 2943 2946 2944
f 2921 2945 2943
f 2922 2944 2946
f 2945 2947 2948
f 2945 2948 2946
f 2921 2947 2945
f 2922 2946 2948
f 2947 2949 2950
f 2947 2950 2948
f 2921 2949 2947
f 2922 2948 2950
f 2949 2951 2952
f 2949 2952 2950
f 2921 2951 2949
f 2922 2950 2952
f 2951 2953 2954
f 2951 2954 2952
f 2921 2953 2951
f 2922 2952 2954
f 2953 2955 2956
f 2953 2956 2954
f 2921 2955 2953
f 2922 2954 2956
f 2955 2957 2958
f 2955 2958 2956
f 2921 2957 2955
f 2922 2956 2958
f 2957 2959 2960
f 2957 2960 2958
f 2921 2959 2957
f 2922 2958 2960
f 2959 2961 2962
f 2959 2962 2960
f 2921 2961 2959
f 2922 2960 2962
f 2961 2963 2964
f 2961 2964 2962
f 2921 2963 2961
f 2922 2962 2964
f 2963 2965 2966
f 2963 2966 2964
f 2921 2965 2963
f 2922 2964 2966
f 2965 2917 2920
f 2965 2920 2966
f 2921 2917 2965
f 2922 2966 2920
f 2967 2968 2969
f 2967 2969 2970
f 2968 2971 2972
f 2968 2972 2969
f 2967 2970 2973
f 2967 2973 2974
f 2974 2973 2972
f 2974 2972 2971
f 2970 2969 2975
f 2970 2975 2976
f 2969 2972 2977
f 2969 2977 2975
f 2970 2976 2978
f 2970 2978 2973
f 2973 2978 2977
f 2973 2977 2972
f 2976 2975 2979
f 2976 2979 2980
f 2975 2977 2981
f 2975 2981 2979
f 2976 2980 2982
f 2976 2982 2978
f 2978 2982 2981
f 2978 2981 2977
f 2980 2979 2983
f 2980 2983 2984
f 2979 2981 2985
f 2979 2985 2983
f 2980 2984 2986
f 2980 2986 2982
f 2982 2986 2985
f 2982 2985 2981
f 2984 2983 2987
f 2984 2987 2988
f 2983 2985 2989
f 2983 2989 2987
f 2984 2988 2990
f 2984 2990 2986
f 2986 2990 2989
f 2986 2989 2985
f 2988 2987 2991
f 2988 2991 2992
f 2987 2989 2993
f 2987 2993 2991
f 2988 2992 2994
f 2988 2994 2990
f 2990 2994 2993
f 2990 2993 2989
f 2992 2991 2995
f 2992 2995 2996
f 2991 2993 2997
f 2991 2997 2995
f 2992 2996 2998
f 2992 2998 2994
f 2994 2998 2997
f 2994 2997 2993
f 2996 2995 2999
f 2996 2999 3000
f 2995 2997 3001
f 2995 3001 2999
f 2996 3000 3002
f 2996 3002 2998
f 2998 3002 3001
f 2998 3001 2997
f 3000 2999 3003
f 3000 3003 3004
f 2999 3001 3005
f 2999 3005 3003
f 3000 3004 3006
f 3000 3006 3002
f 3002 3006 3005
f 3002 3005 3001
f 3004 3003 3007
f 3004 3007 3008
f 3003 3005 3009
f 3003 3009 3007
f 3004 3008 3010
f 3004 3010 3006
f 3006 3010 3009
f 3006 3009 3005
f 3008 3007 3011
f 3008 3011 3012
f 3007 3009 3013
f 3007 3013 3011
f 3008 3012 3014
f 3008 3014 3010
f 3010 3014 3013
f 3010 3013 3009
f 3012 3011 3015
f 3012 3015 3016
f 3011 3013 3017
f 3011 3017 3015
f 3012 3016 3018
f 3012 3018 3014
f 3014 3018 3017
f 3014 3017 3013
f 3016 3015 3019
f 3016 3019 3020
f 3015 3017 3021
f 3015 3021 3019
f 3016 3020 3019
f 3016 3019 3018
f 3018 3019 3021
f 3018 3021 3017
f 3020 3019 3021
f 3020 3021 3019
f 3022 3023 3024
f 3022 3024 3025
f 3023 3026 3027
f 3023 3027 3024
f 3022 3025 3028
f 3022 3028 3029
f 3029 3028 3027
f 3029 3027 3026
f 3025 3024 3030
f 3025 3030 3031
f 3024 3027 3032
f 3024 3032 3030
f 3025 3031 3033
f 3025 3033 3028
f 3028 3033 3032
f 3028 3032 3027
f 3031 3030 3034
f 3031 3034 3035
f 3030 3032 3036
f 3030 3036 3034
f 3031 3035 3037
f 3031 3037 3033
f 3033 3037 3036
f 3033 3036 3032
f 3035 3034 3038
f 3035 3038 3039
f 3034 3036 3040
f 3034 3040 3038
f 3035 3039 3041
f 3035 3041 3037
f 3037 3041 3040
f 3037 3040 3036
f 3039 3038 3042
f 3039 3042 3043
f 3038 3040 3044
f 3038 3044 3042
f 3039 3043 3045
f 3039 3045 3041
f 3041 3045 3044
f 3041 3044 3040
f 3043 3042 3046
f 3043 3046 3047
f 3042 3044 3048
f 3042 3048 3046
f 3043 3047 3049
f 3043 3049 3045
f 3045 3049 3048
f 3045 3048 3044
f 3047 3046 3050
f 3047 3050 3051
f 3046 3048 3052
f 3046 3052 3050
f 3047 3051 3053
f 3047 3053 3049
f 3049 3053 3052
f 3049 3052 3048
f 3051 3050 3054
f 3051 3054 3055
f 3050 3052 3056
f 3050 3056 3054
f 3051 3055 3057
f 3051 3057 3053
f 3053 3057 3056
f 3053 3056 3052
f 3055 3054 3058
f 3055 3058 3059
f 3054 3056 3060
f 3054 3060 3058
f 3055 3059 3061
f 3055 3061 3057
f 3057 3061 3060
f 3057 3060 3056
f 3059 3058 3062
f 3059 3062 3063
f 3058 3060 3064
f 3058 3064 3062
f 3059 3063 3065
f 3059 3065 3061
f 3061 3065 3064
f 3061 3064 3060
f 3063 3062 3066
f 3063 3066 3067
f 3062 3064 3068
f 3062 3068 3066
f 3063 3067 3069
f 3063 3069 3065
f 3065 3069 3068
f 3065 3068 3064
f 3067 3066 3070
f 3067 3070 3071
f 3066 3068 3072
f 3066 3072 3070
f 3067 3071 3073
f 3067 3073 3069
f 3069 3073 3072
f 3069 3072 3068
f 3071 3070 3074
f 3071 3074 3075
f 3070 3072 3076
f 3070 3076 3074
f 3071 3075 3074
f 3071 3074 3073
f 3073 3074 3076
f 3073 3076 3072
f 3075 3074 3076
f 3075 3076 3074
f 3077 3078 3079
f 3077 3079 3080
f 3081 3078 3077
f 3082 3080 3079
f 3078 3083 3084
f 3078 3084 3079
f 3081 3083 3078
f 3082 3079 3084
f 3083 3085 3086
f 3083 3086 3084
f 3081 3085 3083
f 3082 3084 3086
f 3085 3087 3088
f 3085 3088 3086
f 3081 3087 3085
f 3082 3086 3088
f 3087 3089 3090
f 3087 3090 3088
f 3081 3089 3087
f 3082 3088 3090
f 3089 3091 3092
f 3089 3092 3090
f 3081 3091 3089
f 3082 3090 3092
f 3091 3093 3094
f 3091 3094 3092
f 3081 3093 3091
f 3082 3092 3094
f 3093 3095 3096
f 3093 3096 3094
f 3081 3095 3093
f 3082 3094 3096
f 3095 3097 3098
f 3095 3098 3096
f 3081 3097 3095
f 3082 3096 3098
f 3097 3099 3100
f 3097 3100 3098
f 3081 3099 3097
f 3082 3098 3100
f 3099 3101 3102
f 3099 3102 3100
f 3081 3101 3099
f 3082 3100 3102
f 3101 3103 3104
f 3101 3104 3102
f 3081 3103 3101
f 3082 3102 3104
f 3103 3105 3106
f 3103 3106 3104
f 3081 3105 3103
f 3082 3104 3106
f 3105 3107 3108
f 3105 3108 3106
f 3081 3107 3105
f 3082 3106 3108
f 3107 3109 3110
f 3107 3110 3108
f 3081 3109 3107
f 3082 3108 3110
f 3109 3111 3112
f 3109 3112 3110
f 3081 3111 3109
f 3082 3110 3112
f 3111 3113 3114
f 3111 3114 3112
f 3081 3113 3111
f 3082 3112 3114
f 3113 3115 3116
f 3113 3116 3114
f 3081 3115 3113
f 3082 3114 3116
f 3115 3117 3118
f 3115 3118 3116
f 3081 3117 3115
f 3082 3116 3118
f 3117 3119 3120
f 3117 3120 3118
f 3081 3119 3117
f 3082 3118 3120
f 3119 3121 3122
f 3119 3122 3120
f 3081 3121 3119
f 3082 3120 3122
f 3121 3123 3124
f 3121 3124 3122
f 3081 3123 3121
f 3082 3122 3124
f 3123 3125 3126
f 3123 3126 3124
f 3081 3125 3123
f 3082 3124 3126
f 3125 3077 3080
f 3125 3080 3126
f 3081 3077 3125
f 3082 3126 3080
f 3127 3128 3129
f 3127 3129 3130
f 3128 3131 3132
f 3128 3132 3129
f 3127 3130 3133
f 3127 3133 3134
f 3134 3133 3132
f 3134 3132 3131
f 3130 3129 3135
f 3130 3135 3136
f 3129 3132 3137
f 3129 3137 3135
f 3130 3136 3138
f 3130 3138 3133
f 3133 3138 3137
f 3133 3137 3132
f 3136 3135 3139
f 3136 3139 3140
f 3135 3137 3141
f 3135 3141 3139
f 3136 3140 3142
f 3136 3142 3138
f 3138 3142 3141
f 3138 3141 3137
f 3140 3139 3143
f 3140 3143 3144
f 3139 3141 3145
f 3139 3145 3143
f 3140 3144 3146
f 3140 3146 3142
f 3142 3146 3145
f 3142 3145 3141
f 3144 3143 3147
f 3144 3147 3148
f 3143 3145 3149
f 3143 3149 3147
f 3144 3148 3150
f 3144 3150 3146
f 3146 3150 3149
f 3146 3149 3145
f 3148 3147 3151
f 3148 3151 3152
f 3147 3149 3153
f 3147 3153 3151
f 3148 3152 3154
f 3148 3154 3150
f 3150 3154 3153
f 3150 3153 3149
f 3152 3151 3155
f 3152 3155 3156
f 3151 3153 3157
f 3151 3157 3155
f 3152 3156 3158
f 3152 3158 3154
f 3154 3158 3157
f 3154 3157 3153
f 3156 3155 3159
f 3156 3159 3160
f 3155 3157 3161
f 3155 3161 3159
f 3156 3160 3162
f 3156 3162 3158
f 3158 3162 3161
f 3158 3161 3157
f 3160 3159 3163
f 3160 3163 3164
f 3159 3161 3165
f 3159 3165 3163
f 3160 3164 3166
f 3160 3166 3162
f 3162 3166 3165
f 3162 3165 3161
f 3164 3163 3167
f 3164 3167 3168
f 3163 3165 3169
f 3163 3169 3167
f 3164 3168 3170
f 3164 3170 3166
f 3166 3170 3169
f 3166 3169 3165
f 3168 3167 3171
f 3168 3171 3172
f 3167 3169 3173
f 3167 3173 3171
f 3168 3172 3174
f 3168 3174 3170
f 3170 3174 3173
f 3170 3173 3169
f 3172 3171 3175
f 3172 3175 3176
f 3171 3173 3177
f 3171 3177 3175
f 3172 3176 3178
f 3172 3178 3174
f 3174 3178 3177
f 3174 3177 3173
f 3176 3175 3179
f 3176 3179 3180
f 3175 3177 3181
f 3175 3181 3179
f 3176 3180 3179
f 3176 3179 3178
f 3178 3179 3181
f 3178 3181 3177
f 3180 3179 3181
f 3180 3181 3179
f 3182 3183 3184
f 3182 3184 3185
f 3183 3186 3187
f 3183 3187 3184
f 3182 3185 3188
f 3182 3188 3189
f 3189 3188 3187
f 3189 3187 3186
f 3185 3184 3190
f 3185 3190 3191
f 3184 3187 3192
f 3184 3192 3190
f 3185 3191 3193
f 3185 3193 3188
f 3188 3193 3192
f 3188 3192 3187
f 3191 3190 3194
f 3191 3194 3195
f 3190 3192 3196
f 3190 3196 3194
f 3191 3195 3197
f 3191 3197 3193
f 3193 3197 3196
f 3193 3196 3192
f 3195 3194 3198
f 3195 3198 3199
f 3194 3196 3200
f 3194 3200 3198
f 3195 3199 3201
f 3195 3201 3197
f 3197 3201 3200
f 3197 3200 3196
f 3199 3198 3202
f 3199 3202 3203
f 3198 3200 3204
f 3198 3204 3202
f 3199 3203 3205
f 3199 3205 3201
f 3201 3205 3204
f 3201 3204 3200
f 3203 3202 3206
f 3203 3206 3207
f 3202 3204 3208
f 3202 3208 3206
f 3203 3207 3209
f 3203 3209 3205
f 3205 3209 3208
f 3205 3208 3204
f 3207 3206 3210
f 3207 3210 3211
f 3206 3208 3212
f 3206 3212 3210
f 3207 3211 3213
f 3207 3213 3209
f 3209 3213 3212
f 3209 3212 3208
f 3211 3210 3214
f 3211 3214 3215
f 3210 3212 3216
f 3210 3216 3214
f 3211 3215 3217
f 3211 3217 3213
f 3213 3217 3216
f 3213 3216 3212
f 3215 3214 3218
f 3215 3218 3219
f 3214 3216 3220
f 3214 3220 3218
f 3215 3219 3221
f 3215 3221 3217
f 3217 3221 3220
f 3217 3220 3216
f 3219 3218 3222
f 3219 3222 3223
f 3218 3220 3224
f 3218 3224 3222
f 3219 3223 3225
f 3219 3225 3221
f 3221 3225 3224
f 3221 3224 3220
f 3223 3222 3226
f 3223 3226 3227
f 3222 3224 3228
f 3222 3228 3226
f 3223 3227 3229
f 3223 3229 3225
f 3225 3229 3228
f 3225 3228 3224
f 3227 3226 3230
f 3227 3230 3231
f 3226 3228 3232
f 3226 3232 3230
f 3227 3231 3233
f 3227 3233 3229
f 3229 3233 3232
f 3229 3232 3228
f 3231 3230 3234
f 3231 3234 3235
f 3230 3232 3236
f 3230 3236 3234
f 3231 3235 3234
f 3231 3234 3233
f 3233 3234 3236
f 3233 3236 3232
f 3235 3234 3236
f 3235 3236 3234
f 3237 3238 3239
f 3237 3239 3240
f 3241 3238 3237
f 3242 3240 3239
f 3238 3243 3244
f 3238 3244 3239
f 3241 3243 3238
f 3242 3239 3244
f 3243 3245 3246
f 3243 3246 3244
f 3241 3245 3243
f 3242 3244 3246
f 3245 3247 3248
f 3245 3248 3246
f 3241 3247 3245
f 3242 3246 3248
f 3247 3249 3250
f 3247 3250 3248
f 3241 3249 3247
f 3242 3248 3250
f 3249 3251 3252
f 3249 3252 3250
f 3241 3251 3249
f 3242 3250 3252
f 3251 3253 3254
f 3251 3254 3252
f 3241 3253 3251
f 3242 3252 3254
f 3253 3255 3256
f 3253 3256 3254
f 3241 3255 3253
f 3242 3254 3256
f 3255 3257 3258
f 3255 3258 3256
f 3241 3257 3255
f 3242 3256 3258
f 3257 3259 3260
f 3257 3260 3258
f 3241 3259 3257
f 3242 3258 3260
f 3259 3261 3262
f 3259 3262 3260
f 3241 3261 3259
f 3242 3260 3262
f 3261 3263 3264
f 3261 3264 3262
f 3241 3263 3261
f 3242 3262 3264
f 3263 3265 3266
f 3263 3266 3264
f 3241 3265 3263
f 3242 3264 3266
f 3265 3267 3268
f 3265 3268 3266
f 3241 3267 3265
f 3242 3266 3268
f 3267 3269 3270
f 3267 3270 3268
f 3241 3269 3267
f 3242 3268 3270
f 3269 3237 3240
f 3269 3240 3270
f 3241 3237 3269
f 3242 3270 3240
f 3271 3272 3273
f 3271 3273 3274
f 3275 3272 3271
f 3276 3274 3273
f 3272 3277 3278
f 3272 3278 3273
f 3275 3277 3272
f 3276 3273 3278
f 3277 3279 3280
f 3277 3280 3278
f 3275 3279 3277
f 3276 3278 3280
f 3279 3281 3282
f 3279 3282 3280
f 3275 3281 3279
f 3276 3280 3282
f 3281 3283 3284
f 3281 3284 3282
f 3275 3283 3281
f 3276 3282 3284
f 3283 3285 3286
f 3283 3286 3284
f 3275 3285 3283
f 3276 3284 3286
f 3285 3287 3288
f 3285 3288 3286
f 3275 3287 3285
f 3276 3286 3288
f 3287 3289 3290
f 3287 3290 3288
f 3275 3289 3287
f 3276 3288 3290
f 3289 3291 3292
f 3289 3292 3290
f 3275 3291 3289
f 3276 3290 3292
f 3291 3293 3294
f 3291 3294 3292
f 3275 3293 3291
f 3276 3292 3294
f 3293 3295 3296
f 3293 3296 3294
f 3275 3295 3293
f 3276 3294 3296
f 3295 3297 3298
f 3295 3298 3296
f 3275 3297 3295
f 3276 3296 3298
f 3297 3299 3300
f 3297 3300 3298
f 3275 3299 3297
f 3276 3298 3300
f 3299 3301 3302
f 3299 3302 3300
f 3275 3301 3299
f 3276 3300 3302
f 3301 3303 3304
f 3301 3304 3302
f 3275 3303 3301
f 3276 3302 3304
f 3303 3271 3274
f 3303 3274 3304
f 3275 3271 3303
f 3276 3304 3274
f 3305 3306 3307
f 3305 3307 3308
f 3309 3306 3305
f 3310 3308 3307
f 3306 3311 3312
f 3306 3312 3307
f 3309 3311 3306
f 3310 3307 3312
f 3311 3313 3314
f 3311 3314 3312
f 3309 3313 3311
f 3310 3312 3314
f 3313 3315 3316
f 3313 3316 3314
f 3309 3315 3313
f 3310 3314 3316
f 3315 3317 3318
f 3315 3318 3316
f 3309 3317 3315
f 3310 3316 3318
f 3317 3319 3320
f 3317 3320 3318
f 3309 3319 3317
f 3310 3318 3320
f 3319 3321 3322
f 3319 3322 3320
f 3309 3321 3319
f 3310 3320 3322
f 3321 3323 3324
f 3321 3324 3322
f 3309 3323 3321
f 3310 3322 3324
f 3323 3325 3326
f 3323 3326 3324
f 3309 3325 3323
f 3310 3324 3326
f 3325 3327 3328
f 3325 3328 3326
f 3309 3327 3325
f 3310 3326 3328
f 3327 3329 3330
f 3327 3330 3328
f 3309 3329 3327
f 3310 3328 3330
f 3329 3331 3332
f 3329 3332 3330
f 3309 3331 3329
f 3310 3330 3332
f 3331 3333 3334
f 3331 3334 3332
f 3309 3333 3331
f 3310 3332 3334
f 3333 3335 3336
f 3333 3336 3334
f 3309 3335 3333
f 3310 3334 3336
f 3335 3337 3338
f 3335 3338 3336
f 3309 3337 3335
f 3310 3336 3338
f 3337 3339 3340
f 3337 3340 3338
f 3309 3339 3337
f 3310 3338 3340
f 3339 3341 3342
f 3339 3342 3340
f 3309 3341 3339
f 3310 3340 3342
f 3341 3343 3344
f 3341 3344 3342
f 3309 3343 3341
f 3310 3342 3344
f 3343 3345 3346
f 3343 3346 3344
f 3309 3345 3343
f 3310 3344 3346
f 3345 3305 3308
f 3345 3308 3346
f 3309 3305 3345
f 3310 3346 3308
f 3347 3348 3349
f 3347 3349 3350
f 3351 3348 3347
f 3352 3350 3349
f 3348 3353 3354
f 3348 3354 3349
f 3351 3353 3348
f 3352 3349 3354
f 3353 3355 3356
f 3353 3356 3354
f 3351 3355 3353
f 3352 3354 3356
f 3355 3357 3358
f 3355 3358 3356
f 3351 3357 3355
f 3352 3356 3358
f 3357 3359 3360
f 3357 3360 3358
f 3351 3359 3357
f 3352 3358 3360
f 3359 3361 3362
f 3359 3362 3360
f 3351 3361 3359
f 3352 3360 3362
f 3361 3363 3364
f 3361 3364 3362
f 3351 3363 3361
f 3352 3362 3364
f 3363 3365 3366
f 3363 3366 3364
f 3351 3365 3363
f 3352 3364 3366
f 3365 3367 3368
f 3365 3368 3366
f 3351 3367 3365
f 3352 3366 3368
f 3367 3369 3370
f 3367 3370 3368
f 3351 3369 3367
f 3352 3368 3370
f 3369 3371 3372
f 3369 3372 3370
f 3351 3371 3369
f 3352 3370 3372
f 3371 3373 3374
f 3371 3374 3372
f 3351 3373 3371
f 3352 3372 3374
f 3373 3375 3376
f 3373 3376 3374
f 3351 3375 3373
f 3352 3374 3376
f 3375 3377 3378
f 3375 3378 3376
f 3351 3377 3375
f 3352 3376 3378
f 3377 3379 3380
f 3377 3380 3378
f 3351 3379 3377
f 3352 3378 3380
f 3379 3347 3350
f 3379 3350 3380
f 3351 3347 3379
f 3352 3380 3350
f 3381 3382 3383
f 3381 3383 3384
f 3385 3382 3381
f 3386 3384 3383
f 3382 3387 3388
f 3382 3388 3383
f 3385 3387 3382
f 3386 3383 3388
f 3387 3389 3390
f 3387 3390 3388
f 3385 3389 3387
f 3386 3388 3390
f 3389 3391 3392
f 3389 3392 3390
f 3385 3391 3389
f 3386 3390 3392
f 3391 3393 3394
f 3391 3394 3392
f 3385 3393 3391
f 3386 3392 3394
f 3393 3395 3396
f 3393 3396 3394
f 3385 3395 3393
f 3386 3394 3396
f 3395 3397 3398
f 3395 3398 3396
f 3385 3397 3395
f 3386 3396 3398
f 3397 3399 3400
f 3397 3400 3398
f 3385 3399 3397
f 3386 3398 3400
f 3399 3401 3402
f 3399 3402 3400
f 3385 3401 3399
f 3386 3400 3402
f 3401 3403 3404
f 3401 3404 3402
f 3385 3403 3401
f 3386 3402 3404
f 3403 3405 3406
f 3403 3406 3404
f 3385 3405 3403
f 3386 3404 3406
f 3405 3407 3408
f 3405 3408 3406
f 3385 3407 3405
f 3386 3406 3408
f 3407 3409 3410
f 3407 3410 3408
f 3385 3409 3407
f 3386 3408 3410
f 3409 3411 3412
f 3409 3412 3410
f 3385 3411 3409
f 3386 3410 3412
f 3411 3413 3414
f 3411 3414 3412
f 3385 3413 3411
f 3386 3412 3414
f 3413 3381 3384
f 3413 3384 3414
f 3385 3381 3413
f 3386 3414 3384
f 3415 3416 3417
f 3415 3417 3418
f 3419 3416 3415
f 3420 3418 3417
f 3416 3421 3422
f 3416 3422 3417
f 3419 3421 3416
f 3420 3417 3422
f 3421 3423 3424
f 3421 3424 3422
f 3419 3423 3421
f 3420 3422 3424
f 3423 3425 3426
f 3423 3426 3424
f 3419 3425 3423
f 3420 3424 3426
f 3425 3427 3428
f 3425 3428 3426
f 3419 3427 3425
f 3420 3426 3428
f 3427 3429 3430
f 3427 3430 3428
f 3419 3429 3427
f 3420 3428 3430
f 3429 3431 3432
f 3429 3432 3430
f 3419 3431 3429
f 3420 3430 3432
f 3431 3433 3434
f 3431 3434 3432
f 3419 3433 3431
f 3420 3432 3434
f 3433 3435 3436
f 3433 3436 3434
f 3419 3435 3433
f 3420 3434 3436
f 3435 3437 3438
f 3435 3438 3436
f 3419 3437 3435
f 3420 3436 3438
f 3437 3439 3440
f 3437 3440 3438
f 3419 3439 3437
f 3420 3438 3440
f 3439 3441 3442
f 3439 3442 3440
f 3419 3441 3439
f 3420 3440 3442
f 3441 3443 3444
f 3441 3444 3442
f 3419 3443 3441
f 3420 3442 3444
f 3443 3445 3446
f 3443 3446 3444
f 3419 3445 3443
f 3420 3444 3446
f 3445 3447 3448
f 3445 3448 3446
f 3419 3447 3445
f 3420 3446 3448
f 3447 3449 3450
f 3447 3450 3448
f 3419 3449 3447
f 3420 3448 3450
f 3449 3451 3452
f 3449 3452 3450
f 3419 3451 3449
f 3420 3450 3452
f 3451 3453 3454
f 3451 3454 3452
f 3419 3453 3451
f 3420 3452 3454
f 3453 3455 3456
f 3453 3456 3454
f 3419 3455 3453
f 3420 3454 3456
f 3455 3415 3418
f 3455 3418 3456
f 3419 3415 3455
f 3420 3456 3418
f 3457 3458 3459
f 3457 3459 3460
f 3242 3458 3457
f 3352 3460 3459
f 3458 3461 3462
f 3458 3462 3459
f 3242 3461 3458
f 3352 3459 3462
f 3461 3463 3464
f 3461 3464 3462
f 3242 3463 3461
f 3352 3462 3464
f 3463 3465 3466
f 3463 3466 3464
f 3242 3465 3463
f 3352 3464 3466
f 3465 3467 3468
f 3465 3468 3466
f 3242 3467 3465
f 3352 3466 3468
f 3467 3469 3470
f 3467 3470 3468
f 3242 3469 3467
f 3352 3468 3470
f 3469 3471 3472
f 3469 3472 3470
f 3242 3471 3469
f 3352 3470 3472
f 3471 3473 3474
f 3471 3474 3472
f 3242 3473 3471
f 3352 3472 3474
f 3473 3475 3476
f 3473 3476 3474
f 3242 3475 3473
f 3352 3474 3476
f 3475 3477 3478
f 3475 3478 3476
f 3242 3477 3475
f 3352 3476 3478
f 3477 3479 3480
f 3477 3480 3478
f 3242 3479 3477
f 3352 3478 3480
f 3479 3481 3482
f 3479 3482 3480
f 3242 3481 3479
f 3352 3480 3482
f 3481 3483 3484
f 3481 3484 3482
f 3242 3483 3481
f 3352 3482 3484
f 3483 3485 3486
f 3483 3486 3484
f 3242 3485 3483
f 3352 3484 3486
f 3485 3487 3488
f 3485 3488 3486
f 3242 3487 3485
f 3352 3486 3488
f 3487 3457 3460
f 3487 3460 3488
f 3242 3457 3487
f 3352 3488 3460
f 3489 3490 3491
f 3489 3491 3492
f 3276 3490 3489
f 3386 3492 3491
f 3490 3493 3494
f 3490 3494 3491
f 3276 3493 3490
f 3386 3491 3494
f 3493 3495 3496
f 3493 3496 3494
f 3276 3495 3493
f 3386 3494 3496
f 3495 3497 3498
f 3495 3498 3496
f 3276 3497 3495
f 3386 3496 3498
f 3497 3499 3500
f 3497 3500 3498
f 3276 3499 3497
f 3386 3498 3500
f 3499 3501 3502
f 3499 3502 3500
f 3276 3501 3499
f 3386 3500 3502
f 3501 3503 3504
f 3501 3504 3502
f 3276 3503 3501
f 3386 3502 3504
f 3503 3505 3506
f 3503 3506 3504
f 3276 3505 3503
f 3386 3504 3506
f 3505 3507 3508
f 3505 3508 3506
f 3276 3507 3505
f 3386 3506 3508
f 3507 3509 3510
f 3507 3510 3508
f 3276 3509 3507
f 3386 3508 3510
f 3509 3511 3512
f 3509 3512 3510
f 3276 3511 3509
f 3386 3510 3512
f 3511 3513 3514
f 3511 3514 3512
f 3276 3513 3511
f 3386 3512 3514
f 3513 3515 3516
f 3513 3516 3514
f 3276 3515 3513
f 3386 3514 3516
f 3515 3517 3518
f 3515 3518 3516
f 3276 3517 3515
f 3386 3516 3518
f 3517 3519 3520
f 3517 3520 3518
f 3276 3519 3517
f 3386 3518 3520
f 3519 3489 3492
f 3519 3492 3520
f 3276 3489 3519
f 3386 3520 3492

g Motor_Metal_Dark
usemtl Motor_Metal_Dark
v 0.72000 0.04600 0.06000
v 0.71103 0.04512 0.06000
v 0.71103 0.04512 0.12000
v 0.72000 0.04600 0.12000
v 0.72000 0.00000 0.06000
v 0.72000 0.00000 0.12000
v 0.70240 0.04250 0.06000
v 0.70240 0.04250 0.12000
v 0.69444 0.03825 0.06000
v 0.69444 0.03825 0.12000
v 0.68747 0.03253 0.06000
v 0.68747 0.03253 0.12000
v 0.68175 0.02556 0.06000
v 0.68175 0.02556 0.12000
v 0.67750 0.01760 0.06000
v 0.67750 0.01760 0.12000
v 0.67488 0.00897 0.06000
v 0.67488 0.00897 0.12000
v 0.67400 0.00000 0.06000
v 0.67400 0.00000 0.12000
v 0.67488 -0.00897 0.06000
v 0.67488 -0.00897 0.12000
v 0.67750 -0.01760 0.06000
v 0.67750 -0.01760 0.12000
v 0.68175 -0.02556 0.06000
v 0.68175 -0.02556 0.12000
v 0.68747 -0.03253 0.06000
v 0.68747 -0.03253 0.12000
v 0.69444 -0.03825 0.06000
v 0.69444 -0.03825 0.12000
v 0.70240 -0.04250 0.06000
v 0.70240 -0.04250 0.12000
v 0.71103 -0.04512 0.06000
v 0.71103 -0.04512 0.12000
v 0.72000 -0.04600 0.06000
v 0.72000 -0.04600 0.12000
v 0.72897 -0.04512 0.06000
v 0.72897 -0.04512 0.12000
v 0.73760 -0.04250 0.06000
v 0.73760 -0.04250 0.12000
v 0.74556 -0.03825 0.06000
v 0.74556 -0.03825 0.12000
v 0.75253 -0.03253 0.06000
v 0.75253 -0.03253 0.12000
v 0.75825 -0.02556 0.06000
v 0.75825 -0.02556 0.12000
v 0.76250 -0.01760 0.06000
v 0.76250 -0.01760 0.12000
v 0.76512 -0.00897 0.06000
v 0.76512 -0.00897 0.12000
v 0.76600 -0.00000 0.06000
v 0.76600 -0.00000 0.12000
v 0.76512 0.00897 0.06000
v 0.76512 0.00897 0.12000
v 0.76250 0.01760 0.06000
v 0.76250 0.01760 0.12000
v 0.75825 0.02556 0.06000
v 0.75825 0.02556 0.12000
v 0.75253 0.03253 0.06000
v 0.75253 0.03253 0.12000
v 0.74556 0.03825 0.06000
v 0.74556 0.03825 0.12000
v 0.73760 0.04250 0.06000
v 0.73760 0.04250 0.12000
v 0.72897 0.04512 0.06000
v 0.72897 0.04512 0.12000
v 0.72000 0.04400 0.12000
v 0.71142 0.04315 0.12000
v 0.71142 0.04315 0.16000
v 0.72000 0.04400 0.16000
v 0.72000 0.00000 0.16000
v 0.70316 0.04065 0.12000
v 0.70316 0.04065 0.16000
v 0.69555 0.03658 0.12000
v 0.69555 0.03658 0.16000
v 0.68889 0.03111 0.12000
v 0.68889 0.03111 0.16000
v 0.68342 0.02445 0.12000
v 0.68342 0.02445 0.16000
v 0.67935 0.01684 0.12000
v 0.67935 0.01684 0.16000
v 0.67685 0.00858 0.12000
v 0.67685 0.00858 0.16000
v 0.67600 0.00000 0.12000
v 0.67600 0.00000 0.16000
v 0.67685 -0.00858 0.12000
v 0.67685 -0.00858 0.16000
v 0.67935 -0.01684 0.12000
v 0.67935 -0.01684 0.16000
v 0.68342 -0.02445 0.12000
v 0.68342 -0.02445 0.16000
v 0.68889 -0.03111 0.12000
v 0.68889 -0.03111 0.16000
v 0.69555 -0.03658 0.12000
v 0.69555 -0.03658 0.16000
v 0.70316 -0.04065 0.12000
v 0.70316 -0.04065 0.16000
v 0.71142 -0.04315 0.12000
v 0.71142 -0.04315 0.16000
v 0.72000 -0.04400 0.12000
v 0.72000 -0.04400 0.16000
v 0.72858 -0.04315 0.12000
v 0.72858 -0.04315 0.16000
v 0.73684 -0.04065 0.12000
v 0.73684 -0.04065 0.16000
v 0.74445 -0.03658 0.12000
v 0.74445 -0.03658 0.16000
v 0.75111 -0.03111 0.12000
v 0.75111 -0.03111 0.16000
v 0.75658 -0.02445 0.12000
v 0.75658 -0.02445 0.16000
v 0.76065 -0.01684 0.12000
v 0.76065 -0.01684 0.16000
v 0.76315 -0.00858 0.12000
v 0.76315 -0.00858 0.16000
v 0.76400 -0.00000 0.12000
v 0.76400 -0.00000 0.16000
v 0.76315 0.00858 0.12000
v 0.76315 0.00858 0.16000
v 0.76065 0.01684 0.12000
v 0.76065 0.01684 0.16000
v 0.75658 0.02445 0.12000
v 0.75658 0.02445 0.16000
v 0.75111 0.03111 0.12000
v 0.75111 0.03111 0.16000
v 0.74445 0.03658 0.12000
v 0.74445 0.03658 0.16000
v 0.73684 0.04065 0.12000
v 0.73684 0.04065 0.16000
v 0.72858 0.04315 0.12000
v 0.72858 0.04315 0.16000
v 0.72000 0.02200 0.16000
v 0.71431 0.02125 0.16000
v 0.72000 0.00000 0.20000
v 0.70900 0.01905 0.16000
v 0.70444 0.01556 0.16000
v 0.70095 0.01100 0.16000
v 0.69875 0.00569 0.16000
v 0.69800 0.00000 0.16000
v 0.69875 -0.00569 0.16000
v 0.70095 -0.01100 0.16000
v 0.70444 -0.01556 0.16000
v 0.70900 -0.01905 0.16000
v 0.71431 -0.02125 0.16000
v 0.72000 -0.02200 0.16000
v 0.72569 -0.02125 0.16000
v 0.73100 -0.01905 0.16000
v 0.73556 -0.01556 0.16000
v 0.73905 -0.01100 0.16000
v 0.74125 -0.00569 0.16000
v 0.74200 -0.00000 0.16000
v 0.74125 0.00569 0.16000
v 0.73905 0.01100 0.16000
v 0.73556 0.01556 0.16000
v 0.73100 0.01905 0.16000
v 0.72569 0.02125 0.16000
v 0.36000 0.66954 0.06000
v 0.35103 0.66865 0.06000
v 0.35103 0.66865 0.12000
v 0.36000 0.66954 0.12000
v 0.36000 0.62354 0.06000
v 0.36000 0.62354 0.12000
v 0.34240 0.66604 0.06000
v 0.34240 0.66604 0.12000
v 0.33444 0.66179 0.06000
v 0.33444 0.66179 0.12000
v 0.32747 0.65607 0.06000
v 0.32747 0.65607 0.12000
v 0.32175 0.64909 0.06000
v 0.32175 0.64909 0.12000
v 0.31750 0.64114 0.06000
v 0.31750 0.64114 0.12000
v 0.31488 0.63251 0.06000
v 0.31488 0.63251 0.12000
v 0.31400 0.62354 0.06000
v 0.31400 0.62354 0.12000
v 0.31488 0.61456 0.06000
v 0.31488 0.61456 0.12000
v 0.31750 0.60593 0.06000
v 0.31750 0.60593 0.12000
v 0.32175 0.59798 0.06000
v 0.32175 0.59798 0.12000
v 0.32747 0.59101 0.06000
v 0.32747 0.59101 0.12000
v 0.33444 0.58529 0.06000
v 0.33444 0.58529 0.12000
v 0.34240 0.58104 0.06000
v 0.34240 0.58104 0.12000
v 0.35103 0.57842 0.06000
v 0.35103 0.57842 0.12000
v 0.36000 0.57754 0.06000
v 0.36000 0.57754 0.12000
v 0.36897 0.57842 0.06000
v 0.36897 0.57842 0.12000
v 0.37760 0.58104 0.06000
v 0.37760 0.58104 0.12000
v 0.38556 0.58529 0.06000
v 0.38556 0.58529 0.12000
v 0.39253 0.59101 0.06000
v 0.39253 0.59101 0.12000
v 0.39825 0.59798 0.06000
v 0.39825 0.59798 0.12000
v 0.40250 0.60593 0.06000
v 0.40250 0.60593 0.12000
v 0.40512 0.61456 0.06000
v 0.40512 0.61456 0.12000
v 0.40600 0.62354 0.06000
v 0.40600 0.62354 0.12000
v 0.40512 0.63251 0.06000
v 0.40512 0.63251 0.12000
v 0.40250 0.64114 0.06000
v 0.40250 0.64114 0.12000
v 0.39825 0.64909 0.06000
v 0.39825 0.64909 0.12000
v 0.39253 0.65607 0.06000
v 0.39253 0.65607 0.12000
v 0.38556 0.66179 0.06000
v 0.38556 0.66179 0.12000
v 0.37760 0.66604 0.06000
v 0.37760 0.66604 0.12000
v 0.36897 0.66865 0.06000
v 0.36897 0.66865 0.12000
v 0.36000 0.66754 0.12000
v 0.35142 0.66669 0.12000
v 0.35142 0.66669 0.16000
v 0.36000 0.66754 0.16000
v 0.36000 0.62354 0.16000
v 0.34316 0.66419 0.12000
v 0.34316 0.66419 0.16000
v 0.33555 0.66012 0.12000
v 0.33555 0.66012 0.16000
v 0.32889 0.65465 0.12000
v 0.32889 0.65465 0.16000
v 0.32342 0.64798 0.12000
v 0.32342 0.64798 0.16000
v 0.31935 0.64038 0.12000
v 0.31935 0.64038 0.16000
v 0.31685 0.63212 0.12000
v 0.31685 0.63212 0.16000
v 0.31600 0.62354 0.12000
v 0.31600 0.62354 0.16000
v 0.31685 0.61495 0.12000
v 0.31685 0.61495 0.16000
v 0.31935 0.60670 0.12000
v 0.31935 0.60670 0.16000
v 0.32342 0.59909 0.12000
v 0.32342 0.59909 0.16000
v 0.32889 0.59243 0.12000
v 0.32889 0.59243 0.16000
v 0.33555 0.58695 0.12000
v 0.33555 0.58695 0.16000
v 0.34316 0.58289 0.12000
v 0.34316 0.58289 0.16000
v 0.35142 0.58038 0.12000
v 0.35142 0.58038 0.16000
v 0.36000 0.57954 0.12000
v 0.36000 0.57954 0.16000
v 0.36858 0.58038 0.12000
v 0.36858 0.58038 0.16000
v 0.37684 0.58289 0.12000
v 0.37684 0.58289 0.16000
v 0.38445 0.58695 0.12000
v 0.38445 0.58695 0.16000
v 0.39111 0.59243 0.12000
v 0.39111 0.59243 0.16000
v 0.39658 0.59909 0.12000
v 0.39658 0.59909 0.16000
v 0.40065 0.60670 0.12000
v 0.40065 0.60670 0.16000
v 0.40315 0.61495 0.12000
v 0.40315 0.61495 0.16000
v 0.40400 0.62354 0.12000
v 0.40400 0.62354 0.16000
v 0.40315 0.63212 0.12000
v 0.40315 0.63212 0.16000
v 0.40065 0.64038 0.12000
v 0.40065 0.64038 0.16000
v 0.39658 0.64798 0.12000
v 0.39658 0.64798 0.16000
v 0.39111 0.65465 0.12000
v 0.39111 0.65465 0.16000
v 0.38445 0.66012 0.12000
v 0.38445 0.66012 0.16000
v 0.37684 0.66419 0.12000
v 0.37684 0.66419 0.16000
v 0.36858 0.66669 0.12000
v 0.36858 0.66669 0.16000
v 0.36000 0.64554 0.16000
v 0.35431 0.64479 0.16000
v 0.36000 0.62354 0.20000
v 0.34900 0.64259 0.16000
v 0.34444 0.63909 0.16000
v 0.34095 0.63454 0.16000
v 0.33875 0.62923 0.16000
v 0.33800 0.62354 0.16000
v 0.33875 0.61784 0.16000
v 0.34095 0.61254 0.16000
v 0.34444 0.60798 0.16000
v 0.34900 0.60449 0.16000
v 0.35431 0.60229 0.16000
v 0.36000 0.60154 0.16000
v 0.36569 0.60229 0.16000
v 0.37100 0.60449 0.16000
v 0.37556 0.60798 0.16000
v 0.37905 0.61254 0.16000
v 0.38125 0.61784 0.16000
v 0.38200 0.62354 0.16000
v 0.38125 0.62923 0.16000
v 0.37905 0.63454 0.16000
v 0.37556 0.63909 0.16000
v 0.37100 0.64259 0.16000
v 0.36569 0.64479 0.16000
v -0.36000 0.66954 0.06000
v -0.36897 0.66865 0.06000
v -0.36897 0.66865 0.12000
v -0.36000 0.66954 0.12000
v -0.36000 0.62354 0.06000
v -0.36000 0.62354 0.12000
v -0.37760 0.66604 0.06000
v -0.37760 0.66604 0.12000
v -0.38556 0.66179 0.06000
v -0.38556 0.66179 0.12000
v -0.39253 0.65607 0.06000
v -0.39253 0.65607 0.12000
v -0.39825 0.64909 0.06000
v -0.39825 0.64909 0.12000
v -0.40250 0.64114 0.06000
v -0.40250 0.64114 0.12000
v -0.40512 0.63251 0.06000
v -0.40512 0.63251 0.12000
v -0.40600 0.62354 0.06000
v -0.40600 0.62354 0.12000
v -0.40512 0.61456 0.06000
v -0.40512 0.61456 0.12000
v -0.40250 0.60593 0.06000
v -0.40250 0.60593 0.12000
v -0.39825 0.59798 0.06000
v -0.39825 0.59798 0.12000
v -0.39253 0.59101 0.06000
v -0.39253 0.59101 0.12000
v -0.38556 0.58529 0.06000
v -0.38556 0.58529 0.12000
v -0.37760 0.58104 0.06000
v -0.37760 0.58104 0.12000
v -0.36897 0.57842 0.06000
v -0.36897 0.57842 0.12000
v -0.36000 0.57754 0.06000
v -0.36000 0.57754 0.12000
v -0.35103 0.57842 0.06000
v -0.35103 0.57842 0.12000
v -0.34240 0.58104 0.06000
v -0.34240 0.58104 0.12000
v -0.33444 0.58529 0.06000
v -0.33444 0.58529 0.12000
v -0.32747 0.59101 0.06000
v -0.32747 0.59101 0.12000
v -0.32175 0.59798 0.06000
v -0.32175 0.59798 0.12000
v -0.31750 0.60593 0.06000
v -0.31750 0.60593 0.12000
v -0.31488 0.61456 0.06000
v -0.31488 0.61456 0.12000
v -0.31400 0.62354 0.06000
v -0.31400 0.62354 0.12000
v -0.31488 0.63251 0.06000
v -0.31488 0.63251 0.12000
v -0.31750 0.64114 0.06000
v -0.31750 0.64114 0.12000
v -0.32175 0.64909 0.06000
v -0.32175 0.64909 0.12000
v -0.32747 0.65607 0.06000
v -0.32747 0.65607 0.12000
v -0.33444 0.66179 0.06000
v -0.33444 0.66179 0.12000
v -0.34240 0.66604 0.06000
v -0.34240 0.66604 0.12000
v -0.35103 0.66865 0.06000
v -0.35103 0.66865 0.12000
v -0.36000 0.66754 0.12000
v -0.36858 0.66669 0.12000
v -0.36858 0.66669 0.16000
v -0.36000 0.66754 0.16000
v -0.36000 0.62354 0.16000
v -0.37684 0.66419 0.12000
v -0.37684 0.66419 0.16000
v -0.38445 0.66012 0.12000
v -0.38445 0.66012 0.16000
v -0.39111 0.65465 0.12000
v -0.39111 0.65465 0.16000
v -0.39658 0.64798 0.12000
v -0.39658 0.64798 0.16000
v -0.40065 0.64038 0.12000
v -0.40065 0.64038 0.16000
v -0.40315 0.63212 0.12000
v -0.40315 0.63212 0.16000
v -0.40400 0.62354 0.12000
v -0.40400 0.62354 0.16000
v -0.40315 0.61495 0.12000
v -0.40315 0.61495 0.16000
v -0.40065 0.60670 0.12000
v -0.40065 0.60670 0.16000
v -0.39658 0.59909 0.12000
v -0.39658 0.59909 0.16000
v -0.39111 0.59243 0.12000
v -0.39111 0.59243 0.16000
v -0.38445 0.58695 0.12000
v -0.38445 0.58695 0.16000
v -0.37684 0.58289 0.12000
v -0.37684 0.58289 0.16000
v -0.36858 0.58038 0.12000
v -0.36858 0.58038 0.16000
v -0.36000 0.57954 0.12000
v -0.36000 0.57954 0.16000
v -0.35142 0.58038 0.12000
v -0.35142 0.58038 0.16000
v -0.34316 0.58289 0.12000
v -0.34316 0.58289 0.16000
v -0.33555 0.58695 0.12000
v -0.33555 0.58695 0.16000
v -0.32889 0.59243 0.12000
v -0.32889 0.59243 0.16000
v -0.32342 0.59909 0.12000
v -0.32342 0.59909 0.16000
v -0.31935 0.60670 0.12000
v -0.31935 0.60670 0.16000
v -0.31685 0.61495 0.12000
v -0.31685 0.61495 0.16000
v -0.31600 0.62354 0.12000
v -0.31600 0.62354 0.16000
v -0.31685 0.63212 0.12000
v -0.31685 0.63212 0.16000
v -0.31935 0.64038 0.12000
v -0.31935 0.64038 0.16000
v -0.32342 0.64798 0.12000
v -0.32342 0.64798 0.16000
v -0.32889 0.65465 0.12000
v -0.32889 0.65465 0.16000
v -0.33555 0.66012 0.12000
v -0.33555 0.66012 0.16000
v -0.34316 0.66419 0.12000
v -0.34316 0.66419 0.16000
v -0.35142 0.66669 0.12000
v -0.35142 0.66669 0.16000
v -0.36000 0.64554 0.16000
v -0.36569 0.64479 0.16000
v -0.36000 0.62354 0.20000
v -0.37100 0.64259 0.16000
v -0.37556 0.63909 0.16000
v -0.37905 0.63454 0.16000
v -0.38125 0.62923 0.16000
v -0.38200 0.62354 0.16000
v -0.38125 0.61784 0.16000
v -0.37905 0.61254 0.16000
v -0.37556 0.60798 0.16000
v -0.37100 0.60449 0.16000
v -0.36569 0.60229 0.16000
v -0.36000 0.60154 0.16000
v -0.35431 0.60229 0.16000
v -0.34900 0.60449 0.16000
v -0.34444 0.60798 0.16000
v -0.34095 0.61254 0.16000
v -0.33875 0.61784 0.16000
v -0.33800 0.62354 0.16000
v -0.33875 0.62923 0.16000
v -0.34095 0.63454 0.16000
v -0.34444 0.63909 0.16000
v -0.34900 0.64259 0.16000
v -0.35431 0.64479 0.16000
v -0.72000 0.04600 0.06000
v -0.72897 0.04512 0.06000
v -0.72897 0.04512 0.12000
v -0.72000 0.04600 0.12000
v -0.72000 0.00000 0.06000
v -0.72000 0.00000 0.12000
v -0.73760 0.04250 0.06000
v -0.73760 0.04250 0.12000
v -0.74556 0.03825 0.06000
v -0.74556 0.03825 0.12000
v -0.75253 0.03253 0.06000
v -0.75253 0.03253 0.12000
v -0.75825 0.02556 0.06000
v -0.75825 0.02556 0.12000
v -0.76250 0.01760 0.06000
v -0.76250 0.01760 0.12000
v -0.76512 0.00897 0.06000
v -0.76512 0.00897 0.12000
v -0.76600 0.00000 0.06000
v -0.76600 0.00000 0.12000
v -0.76512 -0.00897 0.06000
v -0.76512 -0.00897 0.12000
v -0.76250 -0.01760 0.06000
v -0.76250 -0.01760 0.12000
v -0.75825 -0.02556 0.06000
v -0.75825 -0.02556 0.12000
v -0.75253 -0.03253 0.06000
v -0.75253 -0.03253 0.12000
v -0.74556 -0.03825 0.06000
v -0.74556 -0.03825 0.12000
v -0.73760 -0.04250 0.06000
v -0.73760 -0.04250 0.12000
v -0.72897 -0.04512 0.06000
v -0.72897 -0.04512 0.12000
v -0.72000 -0.04600 0.06000
v -0.72000 -0.04600 0.12000
v -0.71103 -0.04512 0.06000
v -0.71103 -0.04512 0.12000
v -0.70240 -0.04250 0.06000
v -0.70240 -0.04250 0.12000
v -0.69444 -0.03825 0.06000
v -0.69444 -0.03825 0.12000
v -0.68747 -0.03253 0.06000
v -0.68747 -0.03253 0.12000
v -0.68175 -0.02556 0.06000
v -0.68175 -0.02556 0.12000
v -0.67750 -0.01760 0.06000
v -0.67750 -0.01760 0.12000
v -0.67488 -0.00897 0.06000
v -0.67488 -0.00897 0.12000
v -0.67400 0.00000 0.06000
v -0.67400 0.00000 0.12000
v -0.67488 0.00897 0.06000
v -0.67488 0.00897 0.12000
v -0.67750 0.01760 0.06000
v -0.67750 0.01760 0.12000
v -0.68175 0.02556 0.06000
v -0.68175 0.02556 0.12000
v -0.68747 0.03253 0.06000
v -0.68747 0.03253 0.12000
v -0.69444 0.03825 0.06000
v -0.69444 0.03825 0.12000
v -0.70240 0.04250 0.06000
v -0.70240 0.04250 0.12000
v -0.71103 0.04512 0.06000
v -0.71103 0.04512 0.12000
v -0.72000 0.04400 0.12000
v -0.72858 0.04315 0.12000
v -0.72858 0.04315 0.16000
v -0.72000 0.04400 0.16000
v -0.72000 0.00000 0.16000
v -0.73684 0.04065 0.12000
v -0.73684 0.04065 0.16000
v -0.74445 0.03658 0.12000
v -0.74445 0.03658 0.16000
v -0.75111 0.03111 0.12000
v -0.75111 0.03111 0.16000
v -0.75658 0.02445 0.12000
v -0.75658 0.02445 0.16000
v -0.76065 0.01684 0.12000
v -0.76065 0.01684 0.16000
v -0.76315 0.00858 0.12000
v -0.76315 0.00858 0.16000
v -0.76400 0.00000 0.12000
v -0.76400 0.00000 0.16000
v -0.76315 -0.00858 0.12000
v -0.76315 -0.00858 0.16000
v -0.76065 -0.01684 0.12000
v -0.76065 -0.01684 0.16000
v -0.75658 -0.02445 0.12000
v -0.75658 -0.02445 0.16000
v -0.75111 -0.03111 0.12000
v -0.75111 -0.03111 0.16000
v -0.74445 -0.03658 0.12000
v -0.74445 -0.03658 0.16000
v -0.73684 -0.04065 0.12000
v -0.73684 -0.04065 0.16000
v -0.72858 -0.04315 0.12000
v -0.72858 -0.04315 0.16000
v -0.72000 -0.04400 0.12000
v -0.72000 -0.04400 0.16000
v -0.71142 -0.04315 0.12000
v -0.71142 -0.04315 0.16000
v -0.70316 -0.04065 0.12000
v -0.70316 -0.04065 0.16000
v -0.69555 -0.03658 0.12000
v -0.69555 -0.03658 0.16000
v -0.68889 -0.03111 0.12000
v -0.68889 -0.03111 0.16000
v -0.68342 -0.02445 0.12000
v -0.68342 -0.02445 0.16000
v -0.67935 -0.01684 0.12000
v -0.67935 -0.01684 0.16000
v -0.67685 -0.00858 0.12000
v -0.67685 -0.00858 0.16000
v -0.67600 0.00000 0.12000
v -0.67600 0.00000 0.16000
v -0.67685 0.00858 0.12000
v -0.67685 0.00858 0.16000
v -0.67935 0.01684 0.12000
v -0.67935 0.01684 0.16000
v -0.68342 0.02445 0.12000
v -0.68342 0.02445 0.16000
v -0.68889 0.03111 0.12000
v -0.68889 0.03111 0.16000
v -0.69555 0.03658 0.12000
v -0.69555 0.03658 0.16000
v -0.70316 0.04065 0.12000
v -0.70316 0.04065 0.16000
v -0.71142 0.04315 0.12000
v -0.71142 0.04315 0.16000
v -0.72000 0.02200 0.16000
v -0.72569 0.02125 0.16000
v -0.72000 0.00000 0.20000
v -0.73100 0.01905 0.16000
v -0.73556 0.01556 0.16000
v -0.73905 0.01100 0.16000
v -0.74125 0.00569 0.16000
v -0.74200 0.00000 0.16000
v -0.74125 -0.00569 0.16000
v -0.73905 -0.01100 0.16000
v -0.73556 -0.01556 0.16000
v -0.73100 -0.01905 0.16000
v -0.72569 -0.02125 0.16000
v -0.72000 -0.02200 0.16000
v -0.71431 -0.02125 0.16000
v -0.70900 -0.01905 0.16000
v -0.70444 -0.01556 0.16000
v -0.70095 -0.01100 0.16000
v -0.69875 -0.00569 0.16000
v -0.69800 0.00000 0.16000
v -0.69875 0.00569 0.16000
v -0.70095 0.01100 0.16000
v -0.70444 0.01556 0.16000
v -0.70900 0.01905 0.16000
v -0.71431 0.02125 0.16000
v -0.36000 -0.57754 0.06000
v -0.36897 -0.57842 0.06000
v -0.36897 -0.57842 0.12000
v -0.36000 -0.57754 0.12000
v -0.36000 -0.62354 0.06000
v -0.36000 -0.62354 0.12000
v -0.37760 -0.58104 0.06000
v -0.37760 -0.58104 0.12000
v -0.38556 -0.58529 0.06000
v -0.38556 -0.58529 0.12000
v -0.39253 -0.59101 0.06000
v -0.39253 -0.59101 0.12000
v -0.39825 -0.59798 0.06000
v -0.39825 -0.59798 0.12000
v -0.40250 -0.60593 0.06000
v -0.40250 -0.60593 0.12000
v -0.40512 -0.61456 0.06000
v -0.40512 -0.61456 0.12000
v -0.40600 -0.62354 0.06000
v -0.40600 -0.62354 0.12000
v -0.40512 -0.63251 0.06000
v -0.40512 -0.63251 0.12000
v -0.40250 -0.64114 0.06000
v -0.40250 -0.64114 0.12000
v -0.39825 -0.64909 0.06000
v -0.39825 -0.64909 0.12000
v -0.39253 -0.65607 0.06000
v -0.39253 -0.65607 0.12000
v -0.38556 -0.66179 0.06000
v -0.38556 -0.66179 0.12000
v -0.37760 -0.66604 0.06000
v -0.37760 -0.66604 0.12000
v -0.36897 -0.66865 0.06000
v -0.36897 -0.66865 0.12000
v -0.36000 -0.66954 0.06000
v -0.36000 -0.66954 0.12000
v -0.35103 -0.66865 0.06000
v -0.35103 -0.66865 0.12000
v -0.34240 -0.66604 0.06000
v -0.34240 -0.66604 0.12000
v -0.33444 -0.66179 0.06000
v -0.33444 -0.66179 0.12000
v -0.32747 -0.65607 0.06000
v -0.32747 -0.65607 0.12000
v -0.32175 -0.64909 0.06000
v -0.32175 -0.64909 0.12000
v -0.31750 -0.64114 0.06000
v -0.31750 -0.64114 0.12000
v -0.31488 -0.63251 0.06000
v -0.31488 -0.63251 0.12000
v -0.31400 -0.62354 0.06000
v -0.31400 -0.62354 0.12000
v -0.31488 -0.61456 0.06000
v -0.31488 -0.61456 0.12000
v -0.31750 -0.60593 0.06000
v -0.31750 -0.60593 0.12000
v -0.32175 -0.59798 0.06000
v -0.32175 -0.59798 0.12000
v -0.32747 -0.59101 0.06000
v -0.32747 -0.59101 0.12000
v -0.33444 -0.58529 0.06000
v -0.33444 -0.58529 0.12000
v -0.34240 -0.58104 0.06000
v -0.34240 -0.58104 0.12000
v -0.35103 -0.57842 0.06000
v -0.35103 -0.57842 0.12000
v -0.36000 -0.57954 0.12000
v -0.36858 -0.58038 0.12000
v -0.36858 -0.58038 0.16000
v -0.36000 -0.57954 0.16000
v -0.36000 -0.62354 0.16000
v -0.37684 -0.58289 0.12000
v -0.37684 -0.58289 0.16000
v -0.38445 -0.58695 0.12000
v -0.38445 -0.58695 0.16000
v -0.39111 -0.59243 0.12000
v -0.39111 -0.59243 0.16000
v -0.39658 -0.59909 0.12000
v -0.39658 -0.59909 0.16000
v -0.40065 -0.60670 0.12000
v -0.40065 -0.60670 0.16000
v -0.40315 -0.61495 0.12000
v -0.40315 -0.61495 0.16000
v -0.40400 -0.62354 0.12000
v -0.40400 -0.62354 0.16000
v -0.40315 -0.63212 0.12000
v -0.40315 -0.63212 0.16000
v -0.40065 -0.64038 0.12000
v -0.40065 -0.64038 0.16000
v -0.39658 -0.64798 0.12000
v -0.39658 -0.64798 0.16000
v -0.39111 -0.65465 0.12000
v -0.39111 -0.65465 0.16000
v -0.38445 -0.66012 0.12000
v -0.38445 -0.66012 0.16000
v -0.37684 -0.66419 0.12000
v -0.37684 -0.66419 0.16000
v -0.36858 -0.66669 0.12000
v -0.36858 -0.66669 0.16000
v -0.36000 -0.66754 0.12000
v -0.36000 -0.66754 0.16000
v -0.35142 -0.66669 0.12000
v -0.35142 -0.66669 0.16000
v -0.34316 -0.66419 0.12000
v -0.34316 -0.66419 0.16000
v -0.33555 -0.66012 0.12000
v -0.33555 -0.66012 0.16000
v -0.32889 -0.65465 0.12000
v -0.32889 -0.65465 0.16000
v -0.32342 -0.64798 0.12000
v -0.32342 -0.64798 0.16000
v -0.31935 -0.64038 0.12000
v -0.31935 -0.64038 0.16000
v -0.31685 -0.63212 0.12000
v -0.31685 -0.63212 0.16000
v -0.31600 -0.62354 0.12000
v -0.31600 -0.62354 0.16000
v -0.31685 -0.61495 0.12000
v -0.31685 -0.61495 0.16000
v -0.31935 -0.60670 0.12000
v -0.31935 -0.60670 0.16000
v -0.32342 -0.59909 0.12000
v -0.32342 -0.59909 0.16000
v -0.32889 -0.59243 0.12000
v -0.32889 -0.59243 0.16000
v -0.33555 -0.58695 0.12000
v -0.33555 -0.58695 0.16000
v -0.34316 -0.58289 0.12000
v -0.34316 -0.58289 0.16000
v -0.35142 -0.58038 0.12000
v -0.35142 -0.58038 0.16000
v -0.36000 -0.60154 0.16000
v -0.36569 -0.60229 0.16000
v -0.36000 -0.62354 0.20000
v -0.37100 -0.60449 0.16000
v -0.37556 -0.60798 0.16000
v -0.37905 -0.61254 0.16000
v -0.38125 -0.61784 0.16000
v -0.38200 -0.62354 0.16000
v -0.38125 -0.62923 0.16000
v -0.37905 -0.63454 0.16000
v -0.37556 -0.63909 0.16000
v -0.37100 -0.64259 0.16000
v -0.36569 -0.64479 0.16000
v -0.36000 -0.64554 0.16000
v -0.35431 -0.64479 0.16000
v -0.34900 -0.64259 0.16000
v -0.34444 -0.63909 0.16000
v -0.34095 -0.63454 0.16000
v -0.33875 -0.62923 0.16000
v -0.33800 -0.62354 0.16000
v -0.33875 -0.61784 0.16000
v -0.34095 -0.61254 0.16000
v -0.34444 -0.60798 0.16000
v -0.34900 -0.60449 0.16000
v -0.35431 -0.60229 0.16000
v 0.36000 -0.57754 0.06000
v 0.35103 -0.57842 0.06000
v 0.35103 -0.57842 0.12000
v 0.36000 -0.57754 0.12000
v 0.36000 -0.62354 0.06000
v 0.36000 -0.62354 0.12000
v 0.34240 -0.58104 0.06000
v 0.34240 -0.58104 0.12000
v 0.33444 -0.58529 0.06000
v 0.33444 -0.58529 0.12000
v 0.32747 -0.59101 0.06000
v 0.32747 -0.59101 0.12000
v 0.32175 -0.59798 0.06000
v 0.32175 -0.59798 0.12000
v 0.31750 -0.60593 0.06000
v 0.31750 -0.60593 0.12000
v 0.31488 -0.61456 0.06000
v 0.31488 -0.61456 0.12000
v 0.31400 -0.62354 0.06000
v 0.31400 -0.62354 0.12000
v 0.31488 -0.63251 0.06000
v 0.31488 -0.63251 0.12000
v 0.31750 -0.64114 0.06000
v 0.31750 -0.64114 0.12000
v 0.32175 -0.64909 0.06000
v 0.32175 -0.64909 0.12000
v 0.32747 -0.65607 0.06000
v 0.32747 -0.65607 0.12000
v 0.33444 -0.66179 0.06000
v 0.33444 -0.66179 0.12000
v 0.34240 -0.66604 0.06000
v 0.34240 -0.66604 0.12000
v 0.35103 -0.66865 0.06000
v 0.35103 -0.66865 0.12000
v 0.36000 -0.66954 0.06000
v 0.36000 -0.66954 0.12000
v 0.36897 -0.66865 0.06000
v 0.36897 -0.66865 0.12000
v 0.37760 -0.66604 0.06000
v 0.37760 -0.66604 0.12000
v 0.38556 -0.66179 0.06000
v 0.38556 -0.66179 0.12000
v 0.39253 -0.65607 0.06000
v 0.39253 -0.65607 0.12000
v 0.39825 -0.64909 0.06000
v 0.39825 -0.64909 0.12000
v 0.40250 -0.64114 0.06000
v 0.40250 -0.64114 0.12000
v 0.40512 -0.63251 0.06000
v 0.40512 -0.63251 0.12000
v 0.40600 -0.62354 0.06000
v 0.40600 -0.62354 0.12000
v 0.40512 -0.61456 0.06000
v 0.40512 -0.61456 0.12000
v 0.40250 -0.60593 0.06000
v 0.40250 -0.60593 0.12000
v 0.39825 -0.59798 0.06000
v 0.39825 -0.59798 0.12000
v 0.39253 -0.59101 0.06000
v 0.39253 -0.59101 0.12000
v 0.38556 -0.58529 0.06000
v 0.38556 -0.58529 0.12000
v 0.37760 -0.58104 0.06000
v 0.37760 -0.58104 0.12000
v 0.36897 -0.57842 0.06000
v 0.36897 -0.57842 0.12000
v 0.36000 -0.57954 0.12000
v 0.35142 -0.58038 0.12000
v 0.35142 -0.58038 0.16000
v 0.36000 -0.57954 0.16000
v 0.36000 -0.62354 0.16000
v 0.34316 -0.58289 0.12000
v 0.34316 -0.58289 0.16000
v 0.33555 -0.58695 0.12000
v 0.33555 -0.58695 0.16000
v 0.32889 -0.59243 0.12000
v 0.32889 -0.59243 0.16000
v 0.32342 -0.59909 0.12000
v 0.32342 -0.59909 0.16000
v 0.31935 -0.60670 0.12000
v 0.31935 -0.60670 0.16000
v 0.31685 -0.61495 0.12000
v 0.31685 -0.61495 0.16000
v 0.31600 -0.62354 0.12000
v 0.31600 -0.62354 0.16000
v 0.31685 -0.63212 0.12000
v 0.31685 -0.63212 0.16000
v 0.31935 -0.64038 0.12000
v 0.31935 -0.64038 0.16000
v 0.32342 -0.64798 0.12000
v 0.32342 -0.64798 0.16000
v 0.32889 -0.65465 0.12000
v 0.32889 -0.65465 0.16000
v 0.33555 -0.66012 0.12000
v 0.33555 -0.66012 0.16000
v 0.34316 -0.66419 0.12000
v 0.34316 -0.66419 0.16000
v 0.35142 -0.66669 0.12000
v 0.35142 -0.66669 0.16000
v 0.36000 -0.66754 0.12000
v 0.36000 -0.66754 0.16000
v 0.36858 -0.66669 0.12000
v 0.36858 -0.66669 0.16000
v 0.37684 -0.66419 0.12000
v 0.37684 -0.66419 0.16000
v 0.38445 -0.66012 0.12000
v 0.38445 -0.66012 0.16000
v 0.39111 -0.65465 0.12000
v 0.39111 -0.65465 0.16000
v 0.39658 -0.64798 0.12000
v 0.39658 -0.64798 0.16000
v 0.40065 -0.64038 0.12000
v 0.40065 -0.64038 0.16000
v 0.40315 -0.63212 0.12000
v 0.40315 -0.63212 0.16000
v 0.40400 -0.62354 0.12000
v 0.40400 -0.62354 0.16000
v 0.40315 -0.61495 0.12000
v 0.40315 -0.61495 0.16000
v 0.40065 -0.60670 0.12000
v 0.40065 -0.60670 0.16000
v 0.39658 -0.59909 0.12000
v 0.39658 -0.59909 0.16000
v 0.39111 -0.59243 0.12000
v 0.39111 -0.59243 0.16000
v 0.38445 -0.58695 0.12000
v 0.38445 -0.58695 0.16000
v 0.37684 -0.58289 0.12000
v 0.37684 -0.58289 0.16000
v 0.36858 -0.58038 0.12000
v 0.36858 -0.58038 0.16000
v 0.36000 -0.60154 0.16000
v 0.35431 -0.60229 0.16000
v 0.36000 -0.62354 0.20000
v 0.34900 -0.60449 0.16000
v 0.34444 -0.60798 0.16000
v 0.34095 -0.61254 0.16000
v 0.33875 -0.61784 0.16000
v 0.33800 -0.62354 0.16000
v 0.33875 -0.62923 0.16000
v 0.34095 -0.63454 0.16000
v 0.34444 -0.63909 0.16000
v 0.34900 -0.64259 0.16000
v 0.35431 -0.64479 0.16000
v 0.36000 -0.64554 0.16000
v 0.36569 -0.64479 0.16000
v 0.37100 -0.64259 0.16000
v 0.37556 -0.63909 0.16000
v 0.37905 -0.63454 0.16000
v 0.38125 -0.62923 0.16000
v 0.38200 -0.62354 0.16000
v 0.38125 -0.61784 0.16000
v 0.37905 -0.61254 0.16000
v 0.37556 -0.60798 0.16000
v 0.37100 -0.60449 0.16000
v 0.36569 -0.60229 0.16000
f 3521 3522 3523
f 3521 3523 3524
f 3525 3522 3521
f 3526 3524 3523
f 3522 3527 3528
f 3522 3528 3523
f 3525 3527 3522
f 3526 3523 3528
f 3527 3529 3530
f 3527 3530 3528
f 3525 3529 3527
f 3526 3528 3530
f 3529 3531 3532
f 3529 3532 3530
f 3525 3531 3529
f 3526 3530 3532
f 3531 3533 3534
f 3531 3534 3532
f 3525 3533 3531
f 3526 3532 3534
f 3533 3535 3536
f 3533 3536 3534
f 3525 3535 3533
f 3526 3534 3536
f 3535 3537 3538
f 3535 3538 3536
f 3525 3537 3535
f 3526 3536 3538
f 3537 3539 3540
f 3537 3540 3538
f 3525 3539 3537
f 3526 3538 3540
f 3539 3541 3542
f 3539 3542 3540
f 3525 3541 3539
f 3526 3540 3542
f 3541 3543 3544
f 3541 3544 3542
f 3525 3543 3541
f 3526 3542 3544
f 3543 3545 3546
f 3543 3546 3544
f 3525 3545 3543
f 3526 3544 3546
f 3545 3547 3548
f 3545 3548 3546
f 3525 3547 3545
f 3526 3546 3548
f 3547 3549 3550
f 3547 3550 3548
f 3525 3549 3547
f 3526 3548 3550
f 3549 3551 3552
f 3549 3552 3550
f 3525 3551 3549
f 3526 3550 3552
f 3551 3553 3554
f 3551 3554 3552
f 3525 3553 3551
f 3526 3552 3554
f 3553 3555 3556
f 3553 3556 3554
f 3525 3555 3553
f 3526 3554 3556
f 3555 3557 3558
f 3555 3558 3556
f 3525 3557 3555
f 3526 3556 3558
f 3557 3559 3560
f 3557 3560 3558
f 3525 3559 3557
f 3526 3558 3560
f 3559 3561 3562
f 3559 3562 3560
f 3525 3561 3559
f 3526 3560 3562
f 3561 3563 3564
f 3561 3564 3562
f 3525 3563 3561
f 3526 3562 3564
f 3563 3565 3566
f 3563 3566 3564
f 3525 3565 3563
f 3526 3564 3566
f 3565 3567 3568
f 3565 3568 3566
f 3525 3567 3565
f 3526 3566 3568
f 3567 3569 3570
f 3567 3570 3568
f 3525 3569 3567
f 3526 3568 3570
f 3569 3571 3572
f 3569 3572 3570
f 3525 3571 3569
f 3526 3570 3572
f 3571 3573 3574
f 3571 3574 3572
f 3525 3573 3571
f 3526 3572 3574
f 3573 3575 3576
f 3573 3576 3574
f 3525 3575 3573
f 3526 3574 3576
f 3575 3577 3578
f 3575 3578 3576
f 3525 3577 3575
f 3526 3576 3578
f 3577 3579 3580
f 3577 3580 3578
f 3525 3579 3577
f 3526 3578 3580
f 3579 3581 3582
f 3579 3582 3580
f 3525 3581 3579
f 3526 3580 3582
f 3581 3583 3584
f 3581 3584 3582
f 3525 3583 3581
f 3526 3582 3584
f 3583 3585 3586
f 3583 3586 3584
f 3525 3585 3583
f 3526 3584 3586
f 3585 3521 3524
f 3585 3524 3586
f 3525 3521 3585
f 3526 3586 3524
f 3587 3588 3589
f 3587 3589 3590
f 3526 3588 3587
f 3591 3590 3589
f 3588 3592 3593
f 3588 3593 3589
f 3526 3592 3588
f 3591 3589 3593
f 3592 3594 3595
f 3592 3595 3593
f 3526 3594 3592
f 3591 3593 3595
f 3594 3596 3597
f 3594 3597 3595
f 3526 3596 3594
f 3591 3595 3597
f 3596 3598 3599
f 3596 3599 3597
f 3526 3598 3596
f 3591 3597 3599
f 3598 3600 3601
f 3598 3601 3599
f 3526 3600 3598
f 3591 3599 3601
f 3600 3602 3603
f 3600 3603 3601
f 3526 3602 3600
f 3591 3601 3603
f 3602 3604 3605
f 3602 3605 3603
f 3526 3604 3602
f 3591 3603 3605
f 3604 3606 3607
f 3604 3607 3605
f 3526 3606 3604
f 3591 3605 3607
f 3606 3608 3609
f 3606 3609 3607
f 3526 3608 3606
f 3591 3607 3609
f 3608 3610 3611
f 3608 3611 3609
f 3526 3610 3608
f 3591 3609 3611
f 3610 3612 3613
f 3610 3613 3611
f 3526 3612 3610
f 3591 3611 3613
f 3612 3614 3615
f 3612 3615 3613
f 3526 3614 3612
f 3591 3613 3615
f 3614 3616 3617
f 3614 3617 3615
f 3526 3616 3614
f 3591 3615 3617
f 3616 3618 3619
f 3616 3619 3617
f 3526 3618 3616
f 3591 3617 3619
f 3618 3620 3621
f 3618 3621 3619
f 3526 3620 3618
f 3591 3619 3621
f 3620 3622 3623
f 3620 3623 3621
f 3526 3622 3620
f 3591 3621 3623
f 3622 3624 3625
f 3622 3625 3623
f 3526 3624 3622
f 3591 3623 3625
f 3624 3626 3627
f 3624 3627 3625
f 3526 3626 3624
f 3591 3625 3627
f 3626 3628 3629
f 3626 3629 3627
f 3526 3628 3626
f 3591 3627 3629
f 3628 3630 3631
f 3628 3631 3629
f 3526 3630 3628
f 3591 3629 3631
f 3630 3632 3633
f 3630 3633 3631
f 3526 3632 3630
f 3591 3631 3633
f 3632 3634 3635
f 3632 3635 3633
f 3526 3634 3632
f 3591 3633 3635
f 3634 3636 3637
f 3634 3637 3635
f 3526 3636 3634
f 3591 3635 3637
f 3636 3638 3639
f 3636 3639 3637
f 3526 3638 3636
f 3591 3637 3639
f 3638 3640 3641
f 3638 3641 3639
f 3526 3640 3638
f 3591 3639 3641
f 3640 3642 3643
f 3640 3643 3641
f 3526 3642 3640
f 3591 3641 3643
f 3642 3644 3645
f 3642 3645 3643
f 3526 3644 3642
f 3591 3643 3645
f 3644 3646 3647
f 3644 3647 3645
f 3526 3646 3644
f 3591 3645 3647
f 3646 3648 3649
f 3646 3649 3647
f 3526 3648 3646
f 3591 3647 3649
f 3648 3650 3651
f 3648 3651 3649
f 3526 3650 3648
f 3591 3649 3651
f 3650 3587 3590
f 3650 3590 3651
f 3526 3587 3650
f 3591 3651 3590
f 3652 3653 3654
f 3591 3653 3652
f 3653 3655 3654
f 3591 3655 3653
f 3655 3656 3654
f 3591 3656 3655
f 3656 3657 3654
f 3591 3657 3656
f 3657 3658 3654
f 3591 3658 3657
f 3658 3659 3654
f 3591 3659 3658
f 3659 3660 3654
f 3591 3660 3659
f 3660 3661 3654
f 3591 3661 3660
f 3661 3662 3654
f 3591 3662 3661
f 3662 3663 3654
f 3591 3663 3662
f 3663 3664 3654
f 3591 3664 3663
f 3664 3665 3654
f 3591 3665 3664
f 3665 3666 3654
f 3591 3666 3665
f 3666 3667 3654
f 3591 3667 3666
f 3667 3668 3654
f 3591 3668 3667
f 3668 3669 3654
f 3591 3669 3668
f 3669 3670 3654
f 3591 3670 3669
f 3670 3671 3654
f 3591 3671 3670
f 3671 3672 3654
f 3591 3672 3671
f 3672 3673 3654
f 3591 3673 3672
f 3673 3674 3654
f 3591 3674 3673
f 3674 3675 3654
f 3591 3675 3674
f 3675 3676 3654
f 3591 3676 3675
f 3676 3652 3654
f 3591 3652 3676
f 3677 3678 3679
f 3677 3679 3680
f 3681 3678 3677
f 3682 3680 3679
f 3678 3683 3684
f 3678 3684 3679
f 3681 3683 3678
f 3682 3679 3684
f 3683 3685 3686
f 3683 3686 3684
f 3681 3685 3683
f 3682 3684 3686
f 3685 3687 3688
f 3685 3688 3686
f 3681 3687 3685
f 3682 3686 3688
f 3687 3689 3690
f 3687 3690 3688
f 3681 3689 3687
f 3682 3688 3690
f 3689 3691 3692
f 3689 3692 3690
f 3681 3691 3689
f 3682 3690 3692
f 3691 3693 3694
f 3691 3694 3692
f 3681 3693 3691
f 3682 3692 3694
f 3693 3695 3696
f 3693 3696 3694
f 3681 3695 3693
f 3682 3694 3696
f 3695 3697 3698
f 3695 3698 3696
f 3681 3697 3695
f 3682 3696 3698
f 3697 3699 3700
f 3697 3700 3698
f 3681 3699 3697
f 3682 3698 3700
f 3699 3701 3702
f 3699 3702 3700
f 3681 3701 3699
f 3682 3700 3702
f 3701 3703 3704
f 3701 3704 3702
f 3681 3703 3701
f 3682 3702 3704
f 3703 3705 3706
f 3703 3706 3704
f 3681 3705 3703
f 3682 3704 3706
f 3705 3707 3708
f 3705 3708 3706
f 3681 3707 3705
f 3682 3706 3708
f 3707 3709 3710
f 3707 3710 3708
f 3681 3709 3707
f 3682 3708 3710
f 3709 3711 3712
f 3709 3712 3710
f 3681 3711 3709
f 3682 3710 3712
f 3711 3713 3714
f 3711 3714 3712
f 3681 3713 3711
f 3682 3712 3714
f 3713 3715 3716
f 3713 3716 3714
f 3681 3715 3713
f 3682 3714 3716
f 3715 3717 3718
f 3715 3718 3716
f 3681 3717 3715
f 3682 3716 3718
f 3717 3719 3720
f 3717 3720 3718
f 3681 3719 3717
f 3682 3718 3720
f 3719 3721 3722
f 3719 3722 3720
f 3681 3721 3719
f 3682 3720 3722
f 3721 3723 3724
f 3721 3724 3722
f 3681 3723 3721
f 3682 3722 3724
f 3723 3725 3726
f 3723 3726 3724
f 3681 3725 3723
f 3682 3724 3726
f 3725 3727 3728
f 3725 3728 3726
f 3681 3727 3725
f 3682 3726 3728
f 3727 3729 3730
f 3727 3730 3728
f 3681 3729 3727
f 3682 3728 3730
f 3729 3731 3732
f 3729 3732 3730
f 3681 3731 3729
f 3682 3730 3732
f 3731 3733 3734
f 3731 3734 3732
f 3681 3733 3731
f 3682 3732 3734
f 3733 3735 3736
f 3733 3736 3734
f 3681 3735 3733
f 3682 3734 3736
f 3735 3737 3738
f 3735 3738 3736
f 3681 3737 3735
f 3682 3736 3738
f 3737 3739 3740
f 3737 3740 3738
f 3681 3739 3737
f 3682 3738 3740
f 3739 3741 3742
f 3739 3742 3740
f 3681 3741 3739
f 3682 3740 3742
f 3741 3677 3680
f 3741 3680 3742
f 3681 3677 3741
f 3682 3742 3680
f 3743 3744 3745
f 3743 3745 3746
f 3682 3744 3743
f 3747 3746 3745
f 3744 3748 3749
f 3744 3749 3745
f 3682 3748 3744
f 3747 3745 3749
f 3748 3750 3751
f 3748 3751 3749
f 3682 3750 3748
f 3747 3749 3751
f 3750 3752 3753
f 3750 3753 3751
f 3682 3752 3750
f 3747 3751 3753
f 3752 3754 3755
f 3752 3755 3753
f 3682 3754 3752
f 3747 3753 3755
f 3754 3756 3757
f 3754 3757 3755
f 3682 3756 3754
f 3747 3755 3757
f 3756 3758 3759
f 3756 3759 3757
f 3682 3758 3756
f 3747 3757 3759
f 3758 3760 3761
f 3758 3761 3759
f 3682 3760 3758
f 3747 3759 3761
f 3760 3762 3763
f 3760 3763 3761
f 3682 3762 3760
f 3747 3761 3763
f 3762 3764 3765
f 3762 3765 3763
f 3682 3764 3762
f 3747 3763 3765
f 3764 3766 3767
f 3764 3767 3765
f 3682 3766 3764
f 3747 3765 3767
f 3766 3768 3769
f 3766 3769 3767
f 3682 3768 3766
f 3747 3767 3769
f 3768 3770 3771
f 3768 3771 3769
f 3682 3770 3768
f 3747 3769 3771
f 3770 3772 3773
f 3770 3773 3771
f 3682 3772 3770
f 3747 3771 3773
f 3772 3774 3775
f 3772 3775 3773
f 3682 3774 3772
f 3747 3773 3775
f 3774 3776 3777
f 3774 3777 3775
f 3682 3776 3774
f 3747 3775 3777
f 3776 3778 3779
f 3776 3779 3777
f 3682 3778 3776
f 3747 3777 3779
f 3778 3780 3781
f 3778 3781 3779
f 3682 3780 3778
f 3747 3779 3781
f 3780 3782 3783
f 3780 3783 3781
f 3682 3782 3780
f 3747 3781 3783
f 3782 3784 3785
f 3782 3785 3783
f 3682 3784 3782
f 3747 3783 3785
f 3784 3786 3787
f 3784 3787 3785
f 3682 3786 3784
f 3747 3785 3787
f 3786 3788 3789
f 3786 3789 3787
f 3682 3788 3786
f 3747 3787 3789
f 3788 3790 3791
f 3788 3791 3789
f 3682 3790 3788
f 3747 3789 3791
f 3790 3792 3793
f 3790 3793 3791
f 3682 3792 3790
f 3747 3791 3793
f 3792 3794 3795
f 3792 3795 3793
f 3682 3794 3792
f 3747 3793 3795
f 3794 3796 3797
f 3794 3797 3795
f 3682 3796 3794
f 3747 3795 3797
f 3796 3798 3799
f 3796 3799 3797
f 3682 3798 3796
f 3747 3797 3799
f 3798 3800 3801
f 3798 3801 3799
f 3682 3800 3798
f 3747 3799 3801
f 3800 3802 3803
f 3800 3803 3801
f 3682 3802 3800
f 3747 3801 3803
f 3802 3804 3805
f 3802 3805 3803
f 3682 3804 3802
f 3747 3803 3805
f 3804 3806 3807
f 3804 3807 3805
f 3682 3806 3804
f 3747 3805 3807
f 3806 3743 3746
f 3806 3746 3807
f 3682 3743 3806
f 3747 3807 3746
f 3808 3809 3810
f 3747 3809 3808
f 3809 3811 3810
f 3747 3811 3809
f 3811 3812 3810
f 3747 3812 3811
f 3812 3813 3810
f 3747 3813 3812
f 3813 3814 3810
f 3747 3814 3813
f 3814 3815 3810
f 3747 3815 3814
f 3815 3816 3810
f 3747 3816 3815
f 3816 3817 3810
f 3747 3817 3816
f 3817 3818 3810
f 3747 3818 3817
f 3818 3819 3810
f 3747 3819 3818
f 3819 3820 3810
f 3747 3820 3819
f 3820 3821 3810
f 3747 3821 3820
f 3821 3822 3810
f 3747 3822 3821
f 3822 3823 3810
f 3747 3823 3822
f 3823 3824 3810
f 3747 3824 3823
f 3824 3825 3810
f 3747 3825 3824
f 3825 3826 3810
f 3747 3826 3825
f 3826 3827 3810
f 3747 3827 3826
f 3827 3828 3810
f 3747 3828 3827
f 3828 3829 3810
f 3747 3829 3828
f 3829 3830 3810
f 3747 3830 3829
f 3830 3831 3810
f 3747 3831 3830
f 3831 3832 3810
f 3747 3832 3831
f 3832 3808 3810
f 3747 3808 3832
f 3833 3834 3835
f 3833 3835 3836
f 3837 3834 3833
f 3838 3836 3835
f 3834 3839 3840
f 3834 3840 3835
f 3837 3839 3834
f 3838 3835 3840
f 3839 3841 3842
f 3839 3842 3840
f 3837 3841 3839
f 3838 3840 3842
f 3841 3843 3844
f 3841 3844 3842
f 3837 3843 3841
f 3838 3842 3844
f 3843 3845 3846
f 3843 3846 3844
f 3837 3845 3843
f 3838 3844 3846
f 3845 3847 3848
f 3845 3848 3846
f 3837 3847 3845
f 3838 3846 3848
f 3847 3849 3850
f 3847 3850 3848
f 3837 3849 3847
f 3838 3848 3850
f 3849 3851 3852
f 3849 3852 3850
f 3837 3851 3849
f 3838 3850 3852
f 3851 3853 3854
f 3851 3854 3852
f 3837 3853 3851
f 3838 3852 3854
f 3853 3855 3856
f 3853 3856 3854
f 3837 3855 3853
f 3838 3854 3856
f 3855 3857 3858
f 3855 3858 3856
f 3837 3857 3855
f 3838 3856 3858
f 3857 3859 3860
f 3857 3860 3858
f 3837 3859 3857
f 3838 3858 3860
f 3859 3861 3862
f 3859 3862 3860
f 3837 3861 3859
f 3838 3860 3862
f 3861 3863 3864
f 3861 3864 3862
f 3837 3863 3861
f 3838 3862 3864
f 3863 3865 3866
f 3863 3866 3864
f 3837 3865 3863
f 3838 3864 3866
f 3865 3867 3868
f 3865 3868 3866
f 3837 3867 3865
f 3838 3866 3868
f 3867 3869 3870
f 3867 3870 3868
f 3837 3869 3867
f 3838 3868 3870
f 3869 3871 3872
f 3869 3872 3870
f 3837 3871 3869
f 3838 3870 3872
f 3871 3873 3874
f 3871 3874 3872
f 3837 3873 3871
f 3838 3872 3874
f 3873 3875 3876
f 3873 3876 3874
f 3837 3875 3873
f 3838 3874 3876
f 3875 3877 3878
f 3875 3878 3876
f 3837 3877 3875
f 3838 3876 3878
f 3877 3879 3880
f 3877 3880 3878
f 3837 3879 3877
f 3838 3878 3880
f 3879 3881 3882
f 3879 3882 3880
f 3837 3881 3879
f 3838 3880 3882
f 3881 3883 3884
f 3881 3884 3882
f 3837 3883 3881
f 3838 3882 3884
f 3883 3885 3886
f 3883 3886 3884
f 3837 3885 3883
f 3838 3884 3886
f 3885 3887 3888
f 3885 3888 3886
f 3837 3887 3885
f 3838 3886 3888
f 3887 3889 3890
f 3887 3890 3888
f 3837 3889 3887
f 3838 3888 3890
f 3889 3891 3892
f 3889 3892 3890
f 3837 3891 3889
f 3838 3890 3892
f 3891 3893 3894
f 3891 3894 3892
f 3837 3893 3891
f 3838 3892 3894
f 3893 3895 3896
f 3893 3896 3894
f 3837 3895 3893
f 3838 3894 3896
f 3895 3897 3898
f 3895 3898 3896
f 3837 3897 3895
f 3838 3896 3898
f 3897 3833 3836
f 3897 3836 3898
f 3837 3833 3897
f 3838 3898 3836
f 3899 3900 3901
f 3899 3901 3902
f 3838 3900 3899
f 3903 3902 3901
f 3900 3904 3905
f 3900 3905 3901
f 3838 3904 3900
f 3903 3901 3905
f 3904 3906 3907
f 3904 3907 3905
f 3838 3906 3904
f 3903 3905 3907
f 3906 3908 3909
f 3906 3909 3907
f 3838 3908 3906
f 3903 3907 3909
f 3908 3910 3911
f 3908 3911 3909
f 3838 3910 3908
f 3903 3909 3911
f 3910 3912 3913
f 3910 3913 3911
f 3838 3912 3910
f 3903 3911 3913
f 3912 3914 3915
f 3912 3915 3913
f 3838 3914 3912
f 3903 3913 3915
f 3914 3916 3917
f 3914 3917 3915
f 3838 3916 3914
f 3903 3915 3917
f 3916 3918 3919
f 3916 3919 3917
f 3838 3918 3916
f 3903 3917 3919
f 3918 3920 3921
f 3918 3921 3919
f 3838 3920 3918
f 3903 3919 3921
f 3920 3922 3923
f 3920 3923 3921
f 3838 3922 3920
f 3903 3921 3923
f 3922 3924 3925
f 3922 3925 3923
f 3838 3924 3922
f 3903 3923 3925
f 3924 3926 3927
f 3924 3927 3925
f 3838 3926 3924
f 3903 3925 3927
f 3926 3928 3929
f 3926 3929 3927
f 3838 3928 3926
f 3903 3927 3929
f 3928 3930 3931
f 3928 3931 3929
f 3838 3930 3928
f 3903 3929 3931
f 3930 3932 3933
f 3930 3933 3931
f 3838 3932 3930
f 3903 3931 3933
f 3932 3934 3935
f 3932 3935 3933
f 3838 3934 3932
f 3903 3933 3935
f 3934 3936 3937
f 3934 3937 3935
f 3838 3936 3934
f 3903 3935 3937
f 3936 3938 3939
f 3936 3939 3937
f 3838 3938 3936
f 3903 3937 3939
f 3938 3940 3941
f 3938 3941 3939
f 3838 3940 3938
f 3903 3939 3941
f 3940 3942 3943
f 3940 3943 3941
f 3838 3942 3940
f 3903 3941 3943
f 3942 3944 3945
f 3942 3945 3943
f 3838 3944 3942
f 3903 3943 3945
f 3944 3946 3947
f 3944 3947 3945
f 3838 3946 3944
f 3903 3945 3947
f 3946 3948 3949
f 3946 3949 3947
f 3838 3948 3946
f 3903 3947 3949
f 3948 3950 3951
f 3948 3951 3949
f 3838 3950 3948
f 3903 3949 3951
f 3950 3952 3953
f 3950 3953 3951
f 3838 3952 3950
f 3903 3951 3953
f 3952 3954 3955
f 3952 3955 3953
f 3838 3954 3952
f 3903 3953 3955
f 3954 3956 3957
f 3954 3957 3955
f 3838 3956 3954
f 3903 3955 3957
f 3956 3958 3959
f 3956 3959 3957
f 3838 3958 3956
f 3903 3957 3959
f 3958 3960 3961
f 3958 3961 3959
f 3838 3960 3958
f 3903 3959 3961
f 3960 3962 3963
f 3960 3963 3961
f 3838 3962 3960
f 3903 3961 3963
f 3962 3899 3902
f 3962 3902 3963
f 3838 3899 3962
f 3903 3963 3902
f 3964 3965 3966
f 3903 3965 3964
f 3965 3967 3966
f 3903 3967 3965
f 3967 3968 3966
f 3903 3968 3967
f 3968 3969 3966
f 3903 3969 3968
f 3969 3970 3966
f 3903 3970 3969
f 3970 3971 3966
f 3903 3971 3970
f 3971 3972 3966
f 3903 3972 3971
f 3972 3973 3966
f 3903 3973 3972
f 3973 3974 3966
f 3903 3974 3973
f 3974 3975 3966
f 3903 3975 3974
f 3975 3976 3966
f 3903 3976 3975
f 3976 3977 3966
f 3903 3977 3976
f 3977 3978 3966
f 3903 3978 3977
f 3978 3979 3966
f 3903 3979 3978
f 3979 3980 3966
f 3903 3980 3979
f 3980 3981 3966
f 3903 3981 3980
f 3981 3982 3966
f 3903 3982 3981
f 3982 3983 3966
f 3903 3983 3982
f 3983 3984 3966
f 3903 3984 3983
f 3984 3985 3966
f 3903 3985 3984
f 3985 3986 3966
f 3903 3986 3985
f 3986 3987 3966
f 3903 3987 3986
f 3987 3988 3966
f 3903 3988 3987
f 3988 3964 3966
f 3903 3964 3988
f 3989 3990 3991
f 3989 3991 3992
f 3993 3990 3989
f 3994 3992 3991
f 3990 3995 3996
f 3990 3996 3991
f 3993 3995 3990
f 3994 3991 3996
f 3995 3997 3998
f 3995 3998 3996
f 3993 3997 3995
f 3994 3996 3998
f 3997 3999 4000
f 3997 4000 3998
f 3993 3999 3997
f 3994 3998 4000
f 3999 4001 4002
f 3999 4002 4000
f 3993 4001 3999
f 3994 4000 4002
f 4001 4003 4004
f 4001 4004 4002
f 3993 4003 4001
f 3994 4002 4004
f 4003 4005 4006
f 4003 4006 4004
f 3993 4005 4003
f 3994 4004 4006
f 4005 4007 4008
f 4005 4008 4006
f 3993 4007 4005
f 3994 4006 4008
f 4007 4009 4010
f 4007 4010 4008
f 3993 4009 4007
f 3994 4008 4010
f 4009 4011 4012
f 4009 4012 4010
f 3993 4011 4009
f 3994 4010 4012
f 4011 4013 4014
f 4011 4014 4012
f 3993 4013 4011
f 3994 4012 4014
f 4013 4015 4016
f 4013 4016 4014
f 3993 4015 4013
f 3994 4014 4016
f 4015 4017 4018
f 4015 4018 4016
f 3993 4017 4015
f 3994 4016 4018
f 4017 4019 4020
f 4017 4020 4018
f 3993 4019 4017
f 3994 4018 4020
f 4019 4021 4022
f 4019 4022 4020
f 3993 4021 4019
f 3994 4020 4022
f 4021 4023 4024
f 4021 4024 4022
f 3993 4023 4021
f 3994 4022 4024
f 4023 4025 4026
f 4023 4026 4024
f 3993 4025 4023
f 3994 4024 4026
f 4025 4027 4028
f 4025 4028 4026
f 3993 4027 4025
f 3994 4026 4028
f 4027 4029 4030
f 4027 4030 4028
f 3993 4029 4027
f 3994 4028 4030
f 4029 4031 4032
f 4029 4032 4030
f 3993 4031 4029
f 3994 4030 4032
f 4031 4033 4034
f 4031 4034 4032
f 3993 4033 4031
f 3994 4032 4034
f 4033 4035 4036
f 4033 4036 4034
f 3993 4035 4033
f 3994 4034 4036
f 4035 4037 4038
f 4035 4038 4036
f 3993 4037 4035
f 3994 4036 4038
f 4037 4039 4040
f 4037 4040 4038
f 3993 4039 4037
f 3994 4038 4040
f 4039 4041 4042
f 4039 4042 4040
f 3993 4041 4039
f 3994 4040 4042
f 4041 4043 4044
f 4041 4044 4042
f 3993 4043 4041
f 3994 4042 4044
f 4043 4045 4046
f 4043 4046 4044
f 3993 4045 4043
f 3994 4044 4046
f 4045 4047 4048
f 4045 4048 4046
f 3993 4047 4045
f 3994 4046 4048
f 4047 4049 4050
f 4047 4050 4048
f 3993 4049 4047
f 3994 4048 4050
f 4049 4051 4052
f 4049 4052 4050
f 3993 4051 4049
f 3994 4050 4052
f 4051 4053 4054
f 4051 4054 4052
f 3993 4053 4051
f 3994 4052 4054
f 4053 3989 3992
f 4053 3992 4054
f 3993 3989 4053
f 3994 4054 3992
f 4055 4056 4057
f 4055 4057 4058
f 3994 4056 4055
f 4059 4058 4057
f 4056 4060 4061
f 4056 4061 4057
f 3994 4060 4056
f 4059 4057 4061
f 4060 4062 4063
f 4060 4063 4061
f 3994 4062 4060
f 4059 4061 4063
f 4062 4064 4065
f 4062 4065 4063
f 3994 4064 4062
f 4059 4063 4065
f 4064 4066 4067
f 4064 4067 4065
f 3994 4066 4064
f 4059 4065 4067
f 4066 4068 4069
f 4066 4069 4067
f 3994 4068 4066
f 4059 4067 4069
f 4068 4070 4071
f 4068 4071 4069
f 3994 4070 4068
f 4059 4069 4071
f 4070 4072 4073
f 4070 4073 4071
f 3994 4072 4070
f 4059 4071 4073
f 4072 4074 4075
f 4072 4075 4073
f 3994 4074 4072
f 4059 4073 4075
f 4074 4076 4077
f 4074 4077 4075
f 3994 4076 4074
f 4059 4075 4077
f 4076 4078 4079
f 4076 4079 4077
f 3994 4078 4076
f 4059 4077 4079
f 4078 4080 4081
f 4078 4081 4079
f 3994 4080 4078
f 4059 4079 4081
f 4080 4082 4083
f 4080 4083 4081
f 3994 4082 4080
f 4059 4081 4083
f 4082 4084 4085
f 4082 4085 4083
f 3994 4084 4082
f 4059 4083 4085
f 4084 4086 4087
f 4084 4087 4085
f 3994 4086 4084
f 4059 4085 4087
f 4086 4088 4089
f 4086 4089 4087
f 3994 4088 4086
f 4059 4087 4089
f 4088 4090 4091
f 4088 4091 4089
f 3994 4090 4088
f 4059 4089 4091
f 4090 4092 4093
f 4090 4093 4091
f 3994 4092 4090
f 4059 4091 4093
f 4092 4094 4095
f 4092 4095 4093
f 3994 4094 4092
f 4059 4093 4095
f 4094 4096 4097
f 4094 4097 4095
f 3994 4096 4094
f 4059 4095 4097
f 4096 4098 4099
f 4096 4099 4097
f 3994 4098 4096
f 4059 4097 4099
f 4098 4100 4101
f 4098 4101 4099
f 3994 4100 4098
f 4059 4099 4101
f 4100 4102 4103
f 4100 4103 4101
f 3994 4102 4100
f 4059 4101 4103
f 4102 4104 4105
f 4102 4105 4103
f 3994 4104 4102
f 4059 4103 4105
f 4104 4106 4107
f 4104 4107 4105
f 3994 4106 4104
f 4059 4105 4107
f 4106 4108 4109
f 4106 4109 4107
f 3994 4108 4106
f 4059 4107 4109
f 4108 4110 4111
f 4108 4111 4109
f 3994 4110 4108
f 4059 4109 4111
f 4110 4112 4113
f 4110 4113 4111
f 3994 4112 4110
f 4059 4111 4113
f 4112 4114 4115
f 4112 4115 4113
f 3994 4114 4112
f 4059 4113 4115
f 4114 4116 4117
f 4114 4117 4115
f 3994 4116 4114
f 4059 4115 4117
f 4116 4118 4119
f 4116 4119 4117
f 3994 4118 4116
f 4059 4117 4119
f 4118 4055 4058
f 4118 4058 4119
f 3994 4055 4118
f 4059 4119 4058
f 4120 4121 4122
f 4059 4121 4120
f 4121 4123 4122
f 4059 4123 4121
f 4123 4124 4122
f 4059 4124 4123
f 4124 4125 4122
f 4059 4125 4124
f 4125 4126 4122
f 4059 4126 4125
f 4126 4127 4122
f 4059 4127 4126
f 4127 4128 4122
f 4059 4128 4127
f 4128 4129 4122
f 4059 4129 4128
f 4129 4130 4122
f 4059 4130 4129
f 4130 4131 4122
f 4059 4131 4130
f 4131 4132 4122
f 4059 4132 4131
f 4132 4133 4122
f 4059 4133 4132
f 4133 4134 4122
f 4059 4134 4133
f 4134 4135 4122
f 4059 4135 4134
f 4135 4136 4122
f 4059 4136 4135
f 4136 4137 4122
f 4059 4137 4136
f 4137 4138 4122
f 4059 4138 4137
f 4138 4139 4122
f 4059 4139 4138
f 4139 4140 4122
f 4059 4140 4139
f 4140 4141 4122
f 4059 4141 4140
f 4141 4142 4122
f 4059 4142 4141
f 4142 4143 4122
f 4059 4143 4142
f 4143 4144 4122
f 4059 4144 4143
f 4144 4120 4122
f 4059 4120 4144
f 4145 4146 4147
f 4145 4147 4148
f 4149 4146 4145
f 4150 4148 4147
f 4146 4151 4152
f 4146 4152 4147
f 4149 4151 4146
f 4150 4147 4152
f 4151 4153 4154
f 4151 4154 4152
f 4149 4153 4151
f 4150 4152 4154
f 4153 4155 4156
f 4153 4156 4154
f 4149 4155 4153
f 4150 4154 4156
f 4155 4157 4158
f 4155 4158 4156
f 4149 4157 4155
f 4150 4156 4158
f 4157 4159 4160
f 4157 4160 4158
f 4149 4159 4157
f 4150 4158 4160
f 4159 4161 4162
f 4159 4162 4160
f 4149 4161 4159
f 4150 4160 4162
f 4161 4163 4164
f 4161 4164 4162
f 4149 4163 4161
f 4150 4162 4164
f 4163 4165 4166
f 4163 4166 4164
f 4149 4165 4163
f 4150 4164 4166
f 4165 4167 4168
f 4165 4168 4166
f 4149 4167 4165
f 4150 4166 4168
f 4167 4169 4170
f 4167 4170 4168
f 4149 4169 4167
f 4150 4168 4170
f 4169 4171 4172
f 4169 4172 4170
f 4149 4171 4169
f 4150 4170 4172
f 4171 4173 4174
f 4171 4174 4172
f 4149 4173 4171
f 4150 4172 4174
f 4173 4175 4176
f 4173 4176 4174
f 4149 4175 4173
f 4150 4174 4176
f 4175 4177 4178
f 4175 4178 4176
f 4149 4177 4175
f 4150 4176 4178
f 4177 4179 4180
f 4177 4180 4178
f 4149 4179 4177
f 4150 4178 4180
f 4179 4181 4182
f 4179 4182 4180
f 4149 4181 4179
f 4150 4180 4182
f 4181 4183 4184
f 4181 4184 4182
f 4149 4183 4181
f 4150 4182 4184
f 4183 4185 4186
f 4183 4186 4184
f 4149 4185 4183
f 4150 4184 4186
f 4185 4187 4188
f 4185 4188 4186
f 4149 4187 4185
f 4150 4186 4188
f 4187 4189 4190
f 4187 4190 4188
f 4149 4189 4187
f 4150 4188 4190
f 4189 4191 4192
f 4189 4192 4190
f 4149 4191 4189
f 4150 4190 4192
f 4191 4193 4194
f 4191 4194 4192
f 4149 4193 4191
f 4150 4192 4194
f 4193 4195 4196
f 4193 4196 4194
f 4149 4195 4193
f 4150 4194 4196
f 4195 4197 4198
f 4195 4198 4196
f 4149 4197 4195
f 4150 4196 4198
f 4197 4199 4200
f 4197 4200 4198
f 4149 4199 4197
f 4150 4198 4200
f 4199 4201 4202
f 4199 4202 4200
f 4149 4201 4199
f 4150 4200 4202
f 4201 4203 4204
f 4201 4204 4202
f 4149 4203 4201
f 4150 4202 4204
f 4203 4205 4206
f 4203 4206 4204
f 4149 4205 4203
f 4150 4204 4206
f 4205 4207 4208
f 4205 4208 4206
f 4149 4207 4205
f 4150 4206 4208
f 4207 4209 4210
f 4207 4210 4208
f 4149 4209 4207
f 4150 4208 4210
f 4209 4145 4148
f 4209 4148 4210
f 4149 4145 4209
f 4150 4210 4148
f 4211 4212 4213
f 4211 4213 4214
f 4150 4212 4211
f 4215 4214 4213
f 4212 4216 4217
f 4212 4217 4213
f 4150 4216 4212
f 4215 4213 4217
f 4216 4218 4219
f 4216 4219 4217
f 4150 4218 4216
f 4215 4217 4219
f 4218 4220 4221
f 4218 4221 4219
f 4150 4220 4218
f 4215 4219 4221
f 4220 4222 4223
f 4220 4223 4221
f 4150 4222 4220
f 4215 4221 4223
f 4222 4224 4225
f 4222 4225 4223
f 4150 4224 4222
f 4215 4223 4225
f 4224 4226 4227
f 4224 4227 4225
f 4150 4226 4224
f 4215 4225 4227
f 4226 4228 4229
f 4226 4229 4227
f 4150 4228 4226
f 4215 4227 4229
f 4228 4230 4231
f 4228 4231 4229
f 4150 4230 4228
f 4215 4229 4231
f 4230 4232 4233
f 4230 4233 4231
f 4150 4232 4230
f 4215 4231 4233
f 4232 4234 4235
f 4232 4235 4233
f 4150 4234 4232
f 4215 4233 4235
f 4234 4236 4237
f 4234 4237 4235
f 4150 4236 4234
f 4215 4235 4237
f 4236 4238 4239
f 4236 4239 4237
f 4150 4238 4236
f 4215 4237 4239
f 4238 4240 4241
f 4238 4241 4239
f 4150 4240 4238
f 4215 4239 4241
f 4240 4242 4243
f 4240 4243 4241
f 4150 4242 4240
f 4215 4241 4243
f 4242 4244 4245
f 4242 4245 4243
f 4150 4244 4242
f 4215 4243 4245
f 4244 4246 4247
f 4244 4247 4245
f 4150 4246 4244
f 4215 4245 4247
f 4246 4248 4249
f 4246 4249 4247
f 4150 4248 4246
f 4215 4247 4249
f 4248 4250 4251
f 4248 4251 4249
f 4150 4250 4248
f 4215 4249 4251
f 4250 4252 4253
f 4250 4253 4251
f 4150 4252 4250
f 4215 4251 4253
f 4252 4254 4255
f 4252 4255 4253
f 4150 4254 4252
f 4215 4253 4255
f 4254 4256 4257
f 4254 4257 4255
f 4150 4256 4254
f 4215 4255 4257
f 4256 4258 4259
f 4256 4259 4257
f 4150 4258 4256
f 4215 4257 4259
f 4258 4260 4261
f 4258 4261 4259
f 4150 4260 4258
f 4215 4259 4261
f 4260 4262 4263
f 4260 4263 4261
f 4150 4262 4260
f 4215 4261 4263
f 4262 4264 4265
f 4262 4265 4263
f 4150 4264 4262
f 4215 4263 4265
f 4264 4266 4267
f 4264 4267 4265
f 4150 4266 4264
f 4215 4265 4267
f 4266 4268 4269
f 4266 4269 4267
f 4150 4268 4266
f 4215 4267 4269
f 4268 4270 4271
f 4268 4271 4269
f 4150 4270 4268
f 4215 4269 4271
f 4270 4272 4273
f 4270 4273 4271
f 4150 4272 4270
f 4215 4271 4273
f 4272 4274 4275
f 4272 4275 4273
f 4150 4274 4272
f 4215 4273 4275
f 4274 4211 4214
f 4274 4214 4275
f 4150 4211 4274
f 4215 4275 4214
f 4276 4277 4278
f 4215 4277 4276
f 4277 4279 4278
f 4215 4279 4277
f 4279 4280 4278
f 4215 4280 4279
f 4280 4281 4278
f 4215 4281 4280
f 4281 4282 4278
f 4215 4282 4281
f 4282 4283 4278
f 4215 4283 4282
f 4283 4284 4278
f 4215 4284 4283
f 4284 4285 4278
f 4215 4285 4284
f 4285 4286 4278
f 4215 4286 4285
f 4286 4287 4278
f 4215 4287 4286
f 4287 4288 4278
f 4215 4288 4287
f 4288 4289 4278
f 4215 4289 4288
f 4289 4290 4278
f 4215 4290 4289
f 4290 4291 4278
f 4215 4291 4290
f 4291 4292 4278
f 4215 4292 4291
f 4292 4293 4278
f 4215 4293 4292
f 4293 4294 4278
f 4215 4294 4293
f 4294 4295 4278
f 4215 4295 4294
f 4295 4296 4278
f 4215 4296 4295
f 4296 4297 4278
f 4215 4297 4296
f 4297 4298 4278
f 4215 4298 4297
f 4298 4299 4278
f 4215 4299 4298
f 4299 4300 4278
f 4215 4300 4299
f 4300 4276 4278
f 4215 4276 4300
f 4301 4302 4303
f 4301 4303 4304
f 4305 4302 4301
f 4306 4304 4303
f 4302 4307 4308
f 4302 4308 4303
f 4305 4307 4302
f 4306 4303 4308
f 4307 4309 4310
f 4307 4310 4308
f 4305 4309 4307
f 4306 4308 4310
f 4309 4311 4312
f 4309 4312 4310
f 4305 4311 4309
f 4306 4310 4312
f 4311 4313 4314
f 4311 4314 4312
f 4305 4313 4311
f 4306 4312 4314
f 4313 4315 4316
f 4313 4316 4314
f 4305 4315 4313
f 4306 4314 4316
f 4315 4317 4318
f 4315 4318 4316
f 4305 4317 4315
f 4306 4316 4318
f 4317 4319 4320
f 4317 4320 4318
f 4305 4319 4317
f 4306 4318 4320
f 4319 4321 4322
f 4319 4322 4320
f 4305 4321 4319
f 4306 4320 4322
f 4321 4323 4324
f 4321 4324 4322
f 4305 4323 4321
f 4306 4322 4324
f 4323 4325 4326
f 4323 4326 4324
f 4305 4325 4323
f 4306 4324 4326
f 4325 4327 4328
f 4325 4328 4326
f 4305 4327 4325
f 4306 4326 4328
f 4327 4329 4330
f 4327 4330 4328
f 4305 4329 4327
f 4306 4328 4330
f 4329 4331 4332
f 4329 4332 4330
f 4305 4331 4329
f 4306 4330 4332
f 4331 4333 4334
f 4331 4334 4332
f 4305 4333 4331
f 4306 4332 4334
f 4333 4335 4336
f 4333 4336 4334
f 4305 4335 4333
f 4306 4334 4336
f 4335 4337 4338
f 4335 4338 4336
f 4305 4337 4335
f 4306 4336 4338
f 4337 4339 4340
f 4337 4340 4338
f 4305 4339 4337
f 4306 4338 4340
f 4339 4341 4342
f 4339 4342 4340
f 4305 4341 4339
f 4306 4340 4342
f 4341 4343 4344
f 4341 4344 4342
f 4305 4343 4341
f 4306 4342 4344
f 4343 4345 4346
f 4343 4346 4344
f 4305 4345 4343
f 4306 4344 4346
f 4345 4347 4348
f 4345 4348 4346
f 4305 4347 4345
f 4306 4346 4348
f 4347 4349 4350
f 4347 4350 4348
f 4305 4349 4347
f 4306 4348 4350
f 4349 4351 4352
f 4349 4352 4350
f 4305 4351 4349
f 4306 4350 4352
f 4351 4353 4354
f 4351 4354 4352
f 4305 4353 4351
f 4306 4352 4354
f 4353 4355 4356
f 4353 4356 4354
f 4305 4355 4353
f 4306 4354 4356
f 4355 4357 4358
f 4355 4358 4356
f 4305 4357 4355
f 4306 4356 4358
f 4357 4359 4360
f 4357 4360 4358
f 4305 4359 4357
f 4306 4358 4360
f 4359 4361 4362
f 4359 4362 4360
f 4305 4361 4359
f 4306 4360 4362
f 4361 4363 4364
f 4361 4364 4362
f 4305 4363 4361
f 4306 4362 4364
f 4363 4365 4366
f 4363 4366 4364
f 4305 4365 4363
f 4306 4364 4366
f 4365 4301 4304
f 4365 4304 4366
f 4305 4301 4365
f 4306 4366 4304
f 4367 4368 4369
f 4367 4369 4370
f 4306 4368 4367
f 4371 4370 4369
f 4368 4372 4373
f 4368 4373 4369
f 4306 4372 4368
f 4371 4369 4373
f 4372 4374 4375
f 4372 4375 4373
f 4306 4374 4372
f 4371 4373 4375
f 4374 4376 4377
f 4374 4377 4375
f 4306 4376 4374
f 4371 4375 4377
f 4376 4378 4379
f 4376 4379 4377
f 4306 4378 4376
f 4371 4377 4379
f 4378 4380 4381
f 4378 4381 4379
f 4306 4380 4378
f 4371 4379 4381
f 4380 4382 4383
f 4380 4383 4381
f 4306 4382 4380
f 4371 4381 4383
f 4382 4384 4385
f 4382 4385 4383
f 4306 4384 4382
f 4371 4383 4385
f 4384 4386 4387
f 4384 4387 4385
f 4306 4386 4384
f 4371 4385 4387
f 4386 4388 4389
f 4386 4389 4387
f 4306 4388 4386
f 4371 4387 4389
f 4388 4390 4391
f 4388 4391 4389
f 4306 4390 4388
f 4371 4389 4391
f 4390 4392 4393
f 4390 4393 4391
f 4306 4392 4390
f 4371 4391 4393
f 4392 4394 4395
f 4392 4395 4393
f 4306 4394 4392
f 4371 4393 4395
f 4394 4396 4397
f 4394 4397 4395
f 4306 4396 4394
f 4371 4395 4397
f 4396 4398 4399
f 4396 4399 4397
f 4306 4398 4396
f 4371 4397 4399
f 4398 4400 4401
f 4398 4401 4399
f 4306 4400 4398
f 4371 4399 4401
f 4400 4402 4403
f 4400 4403 4401
f 4306 4402 4400
f 4371 4401 4403
f 4402 4404 4405
f 4402 4405 4403
f 4306 4404 4402
f 4371 4403 4405
f 4404 4406 4407
f 4404 4407 4405
f 4306 4406 4404
f 4371 4405 4407
f 4406 4408 4409
f 4406 4409 4407
f 4306 4408 4406
f 4371 4407 4409
f 4408 4410 4411
f 4408 4411 4409
f 4306 4410 4408
f 4371 4409 4411
f 4410 4412 4413
f 4410 4413 4411
f 4306 4412 4410
f 4371 4411 4413
f 4412 4414 4415
f 4412 4415 4413
f 4306 4414 4412
f 4371 4413 4415
f 4414 4416 4417
f 4414 4417 4415
f 4306 4416 4414
f 4371 4415 4417
f 4416 4418 4419
f 4416 4419 4417
f 4306 4418 4416
f 4371 4417 4419
f 4418 4420 4421
f 4418 4421 4419
f 4306 4420 4418
f 4371 4419 4421
f 4420 4422 4423
f 4420 4423 4421
f 4306 4422 4420
f 4371 4421 4423
f 4422 4424 4425
f 4422 4425 4423
f 4306 4424 4422
f 4371 4423 4425
f 4424 4426 4427
f 4424 4427 4425
f 4306 4426 4424
f 4371 4425 4427
f 4426 4428 4429
f 4426 4429 4427
f 4306 4428 4426
f 4371 4427 4429
f 4428 4430 4431
f 4428 4431 4429
f 4306 4430 4428
f 4371 4429 4431
f 4430 4367 4370
f 4430 4370 4431
f 4306 4367 4430
f 4371 4431 4370
f 4432 4433 4434
f 4371 4433 4432
f 4433 4435 4434
f 4371 4435 4433
f 4435 4436 4434
f 4371 4436 4435
f 4436 4437 4434
f 4371 4437 4436
f 4437 4438 4434
f 4371 4438 4437
f 4438 4439 4434
f 4371 4439 4438
f 4439 4440 4434
f 4371 4440 4439
f 4440 4441 4434
f 4371 4441 4440
f 4441 4442 4434
f 4371 4442 4441
f 4442 4443 4434
f 4371 4443 4442
f 4443 4444 4434
f 4371 4444 4443
f 4444 4445 4434
f 4371 4445 4444
f 4445 4446 4434
f 4371 4446 4445
f 4446 4447 4434
f 4371 4447 4446
f 4447 4448 4434
f 4371 4448 4447
f 4448 4449 4434
f 4371 4449 4448
f 4449 4450 4434
f 4371 4450 4449
f 4450 4451 4434
f 4371 4451 4450
f 4451 4452 4434
f 4371 4452 4451
f 4452 4453 4434
f 4371 4453 4452
f 4453 4454 4434
f 4371 4454 4453
f 4454 4455 4434
f 4371 4455 4454
f 4455 4456 4434
f 4371 4456 4455
f 4456 4432 4434
f 4371 4432 4456

g White_Translucent_Tank
usemtl White_Translucent_Tank
v 0.00000 -0.00000 -0.29000
v 0.04794 0.01171 -0.28731
v 0.04869 -0.00000 -0.28731
v 0.04570 0.02007 -0.28731
v 0.04201 0.02705 -0.28731
v 0.03690 0.03280 -0.28731
v 0.03043 0.03734 -0.28731
v 0.02258 0.04063 -0.28731
v 0.01317 0.04262 -0.28731
v 0.00000 0.04328 -0.28731
v -0.01317 0.04262 -0.28731
v -0.02258 0.04063 -0.28731
v -0.03043 0.03734 -0.28731
v -0.03690 0.03280 -0.28731
v -0.04201 0.02705 -0.28731
v -0.04570 0.02007 -0.28731
v -0.04794 0.01171 -0.28731
v -0.04869 0.00000 -0.28731
v -0.04794 -0.01171 -0.28731
v -0.04570 -0.02007 -0.28731
v -0.04201 -0.02705 -0.28731
v -0.03690 -0.03280 -0.28731
v -0.03043 -0.03734 -0.28731
v -0.02258 -0.04063 -0.28731
v -0.01317 -0.04262 -0.28731
v -0.00000 -0.04328 -0.28731
v 0.01317 -0.04262 -0.28731
v 0.02258 -0.04063 -0.28731
v 0.03043 -0.03734 -0.28731
v 0.03690 -0.03280 -0.28731
v 0.04201 -0.02705 -0.28731
v 0.04570 -0.02007 -0.28731
v 0.04794 -0.01171 -0.28731
v 0.08219 0.02007 -0.27934
v 0.08347 -0.00000 -0.27934
v 0.07835 0.03441 -0.27934
v 0.07201 0.04636 -0.27934
v 0.06326 0.05623 -0.27934
v 0.05216 0.06401 -0.27934
v 0.03871 0.06964 -0.27934
v 0.02258 0.07306 -0.27934
v 0.00000 0.07420 -0.27934
v -0.02258 0.07306 -0.27934
v -0.03871 0.06964 -0.27934
v -0.05216 0.06401 -0.27934
v -0.06326 0.05623 -0.27934
v -0.07201 0.04636 -0.27934
v -0.07835 0.03441 -0.27934
v -0.08219 0.02007 -0.27934
v -0.08347 0.00000 -0.27934
v -0.08219 -0.02007 -0.27934
v -0.07835 -0.03441 -0.27934
v -0.07201 -0.04636 -0.27934
v -0.06326 -0.05623 -0.27934
v -0.05216 -0.06401 -0.27934
v -0.03871 -0.06964 -0.27934
v -0.02258 -0.07306 -0.27934
v -0.00000 -0.07420 -0.27934
v 0.02258 -0.07306 -0.27934
v 0.03871 -0.06964 -0.27934
v 0.05216 -0.06401 -0.27934
v 0.06326 -0.05623 -0.27934
v 0.07201 -0.04636 -0.27934
v 0.07835 -0.03441 -0.27934
v 0.08219 -0.02007 -0.27934
v 0.11074 0.02705 -0.26641
v 0.11248 -0.00000 -0.26641
v 0.10557 0.04636 -0.26641
v 0.09704 0.06247 -0.26641
v 0.08524 0.07577 -0.26641
v 0.07028 0.08626 -0.26641
v 0.05216 0.09384 -0.26641
v 0.03043 0.09844 -0.26641
v 0.00000 0.09998 -0.26641
v -0.03043 0.09844 -0.26641
v -0.05216 0.09384 -0.26641
v -0.07028 0.08626 -0.26641
v -0.08524 0.07577 -0.26641
v -0.09704 0.06247 -0.26641
v -0.10557 0.04636 -0.26641
v -0.11074 0.02705 -0.26641
v -0.11248 0.00000 -0.26641
v -0.11074 -0.02705 -0.26641
v -0.10557 -0.04636 -0.26641
v -0.09704 -0.06247 -0.26641
v -0.08524 -0.07577 -0.26641
v -0.07028 -0.08626 -0.26641
v -0.05216 -0.09384 -0.26641
v -0.03043 -0.09844 -0.26641
v -0.00000 -0.09998 -0.26641
v 0.03043 -0.09844 -0.26641
v 0.05216 -0.09384 -0.26641
v 0.07028 -0.08626 -0.26641
v 0.08524 -0.07577 -0.26641
v 0.09704 -0.06247 -0.26641
v 0.10557 -0.04636 -0.26641
v 0.11074 -0.02705 -0.26641
v 0.13431 0.03280 -0.24899
v 0.13641 -0.00000 -0.24899
v 0.12804 0.05623 -0.24899
v 0.11769 0.07577 -0.24899
v 0.10338 0.09190 -0.24899
v 0.08524 0.10461 -0.24899
v 0.06326 0.11382 -0.24899
v 0.03690 0.11939 -0.24899
v 0.00000 0.12126 -0.24899
v -0.03690 0.11939 -0.24899
v -0.06326 0.11382 -0.24899
v -0.08524 0.10461 -0.24899
v -0.10338 0.09190 -0.24899
v -0.11769 0.07577 -0.24899
v -0.12804 0.05623 -0.24899
v -0.13431 0.03280 -0.24899
v -0.13641 0.00000 -0.24899
v -0.13431 -0.03280 -0.24899
v -0.12804 -0.05623 -0.24899
v -0.11769 -0.07577 -0.24899
v -0.10338 -0.09190 -0.24899
v -0.08524 -0.10461 -0.24899
v -0.06326 -0.11382 -0.24899
v -0.03690 -0.11939 -0.24899
v -0.00000 -0.12126 -0.24899
v 0.03690 -0.11939 -0.24899
v 0.06326 -0.11382 -0.24899
v 0.08524 -0.10461 -0.24899
v 0.10338 -0.09190 -0.24899
v 0.11769 -0.07577 -0.24899
v 0.12804 -0.05623 -0.24899
v 0.13431 -0.03280 -0.24899
v 0.15290 0.03734 -0.22778
v 0.15529 -0.00000 -0.22778
v 0.14576 0.06401 -0.22778
v 0.13398 0.08626 -0.22778
v 0.11769 0.10461 -0.22778
v 0.09704 0.11909 -0.22778
v 0.07201 0.12957 -0.22778
v 0.04201 0.13591 -0.22778
v 0.00000 0.13804 -0.22778
v -0.04201 0.13591 -0.22778
v -0.07201 0.12957 -0.22778
v -0.09704 0.11909 -0.22778
v -0.11769 0.10461 -0.22778
v -0.13398 0.08626 -0.22778
v -0.14576 0.06401 -0.22778
v -0.15290 0.03734 -0.22778
v -0.15529 0.00000 -0.22778
v -0.15290 -0.03734 -0.22778
v -0.14576 -0.06401 -0.22778
v -0.13398 -0.08626 -0.22778
v -0.11769 -0.10461 -0.22778
v -0.09704 -0.11909 -0.22778
v -0.07201 -0.12957 -0.22778
v -0.04201 -0.13591 -0.22778
v -0.00000 -0.13804 -0.22778
v 0.04201 -0.13591 -0.22778
v 0.07201 -0.12957 -0.22778
v 0.09704 -0.11909 -0.22778
v 0.11769 -0.10461 -0.22778
v 0.13398 -0.08626 -0.22778
v 0.14576 -0.06401 -0.22778
v 0.15290 -0.03734 -0.22778
v 0.16635 0.04063 -0.20358
v 0.16895 -0.00000 -0.20358
v 0.15858 0.06964 -0.20358
v 0.14576 0.09384 -0.20358
v 0.12804 0.11382 -0.20358
v 0.10557 0.12957 -0.20358
v 0.07835 0.14096 -0.20358
v 0.04570 0.14787 -0.20358
v 0.00000 0.15018 -0.20358
v -0.04570 0.14787 -0.20358
v -0.07835 0.14096 -0.20358
v -0.10557 0.12957 -0.20358
v -0.12804 0.11382 -0.20358
v -0.14576 0.09384 -0.20358
v -0.15858 0.06964 -0.20358
v -0.16635 0.04063 -0.20358
v -0.16895 0.00000 -0.20358
v -0.16635 -0.04063 -0.20358
v -0.15858 -0.06964 -0.20358
v -0.14576 -0.09384 -0.20358
v -0.12804 -0.11382 -0.20358
v -0.10557 -0.12957 -0.20358
v -0.07835 -0.14096 -0.20358
v -0.04570 -0.14787 -0.20358
v -0.00000 -0.15018 -0.20358
v 0.04570 -0.14787 -0.20358
v 0.07835 -0.14096 -0.20358
v 0.10557 -0.12957 -0.20358
v 0.12804 -0.11382 -0.20358
v 0.14576 -0.09384 -0.20358
v 0.15858 -0.06964 -0.20358
v 0.16635 -0.04063 -0.20358
v 0.17450 0.04262 -0.17731
v 0.17723 -0.00000 -0.17731
v 0.16635 0.07306 -0.17731
v 0.15290 0.09844 -0.17731
v 0.13431 0.11939 -0.17731
v 0.11074 0.13591 -0.17731
v 0.08219 0.14787 -0.17731
v 0.04794 0.15511 -0.17731
v 0.00000 0.15754 -0.17731
v -0.04794 0.15511 -0.17731
v -0.08219 0.14787 -0.17731
v -0.11074 0.13591 -0.17731
v -0.13431 0.11939 -0.17731
v -0.15290 0.09844 -0.17731
v -0.16635 0.07306 -0.17731
v -0.17450 0.04262 -0.17731
v -0.17723 0.00000 -0.17731
v -0.17450 -0.04262 -0.17731
v -0.16635 -0.07306 -0.17731
v -0.15290 -0.09844 -0.17731
v -0.13431 -0.11939 -0.17731
v -0.11074 -0.13591 -0.17731
v -0.08219 -0.14787 -0.17731
v -0.04794 -0.15511 -0.17731
v -0.00000 -0.15754 -0.17731
v 0.04794 -0.15511 -0.17731
v 0.08219 -0.14787 -0.17731
v 0.11074 -0.13591 -0.17731
v 0.13431 -0.11939 -0.17731
v 0.15290 -0.09844 -0.17731
v 0.16635 -0.07306 -0.17731
v 0.17450 -0.04262 -0.17731
v 0.17723 0.04328 -0.15000
v 0.18000 -0.00000 -0.15000
v 0.16895 0.07420 -0.15000
v 0.15529 0.09998 -0.15000
v 0.13641 0.12126 -0.15000
v 0.11248 0.13804 -0.15000
v 0.08347 0.15018 -0.15000
v 0.04869 0.15754 -0.15000
v 0.00000 0.16000 -0.15000
v -0.04869 0.15754 -0.15000
v -0.08347 0.15018 -0.15000
v -0.11248 0.13804 -0.15000
v -0.13641 0.12126 -0.15000
v -0.15529 0.09998 -0.15000
v -0.16895 0.07420 -0.15000
v -0.17723 0.04328 -0.15000
v -0.18000 0.00000 -0.15000
v -0.17723 -0.04328 -0.15000
v -0.16895 -0.07420 -0.15000
v -0.15529 -0.09998 -0.15000
v -0.13641 -0.12126 -0.15000
v -0.11248 -0.13804 -0.15000
v -0.08347 -0.15018 -0.15000
v -0.04869 -0.15754 -0.15000
v -0.00000 -0.16000 -0.15000
v 0.04869 -0.15754 -0.15000
v 0.08347 -0.15018 -0.15000
v 0.11248 -0.13804 -0.15000
v 0.13641 -0.12126 -0.15000
v 0.15529 -0.09998 -0.15000
v 0.16895 -0.07420 -0.15000
v 0.17723 -0.04328 -0.15000
v 0.17450 0.04262 -0.12269
v 0.17723 -0.00000 -0.12269
v 0.16635 0.07306 -0.12269
v 0.15290 0.09844 -0.12269
v 0.13431 0.11939 -0.12269
v 0.11074 0.13591 -0.12269
v 0.08219 0.14787 -0.12269
v 0.04794 0.15511 -0.12269
v 0.00000 0.15754 -0.12269
v -0.04794 0.15511 -0.12269
v -0.08219 0.14787 -0.12269
v -0.11074 0.13591 -0.12269
v -0.13431 0.11939 -0.12269
v -0.15290 0.09844 -0.12269
v -0.16635 0.07306 -0.12269
v -0.17450 0.04262 -0.12269
v -0.17723 0.00000 -0.12269
v -0.17450 -0.04262 -0.12269
v -0.16635 -0.07306 -0.12269
v -0.15290 -0.09844 -0.12269
v -0.13431 -0.11939 -0.12269
v -0.11074 -0.13591 -0.12269
v -0.08219 -0.14787 -0.12269
v -0.04794 -0.15511 -0.12269
v -0.00000 -0.15754 -0.12269
v 0.04794 -0.15511 -0.12269
v 0.08219 -0.14787 -0.12269
v 0.11074 -0.13591 -0.12269
v 0.13431 -0.11939 -0.12269
v 0.15290 -0.09844 -0.12269
v 0.16635 -0.07306 -0.12269
v 0.17450 -0.04262 -0.12269
v 0.16635 0.04063 -0.09642
v 0.16895 -0.00000 -0.09642
v 0.15858 0.06964 -0.09642
v 0.14576 0.09384 -0.09642
v 0.12804 0.11382 -0.09642
v 0.10557 0.12957 -0.09642
v 0.07835 0.14096 -0.09642
v 0.04570 0.14787 -0.09642
v 0.00000 0.15018 -0.09642
v -0.04570 0.14787 -0.09642
v -0.07835 0.14096 -0.09642
v -0.10557 0.12957 -0.09642
v -0.12804 0.11382 -0.09642
v -0.14576 0.09384 -0.09642
v -0.15858 0.06964 -0.09642
v -0.16635 0.04063 -0.09642
v -0.16895 0.00000 -0.09642
v -0.16635 -0.04063 -0.09642
v -0.15858 -0.06964 -0.09642
v -0.14576 -0.09384 -0.09642
v -0.12804 -0.11382 -0.09642
v -0.10557 -0.12957 -0.09642
v -0.07835 -0.14096 -0.09642
v -0.04570 -0.14787 -0.09642
v -0.00000 -0.15018 -0.09642
v 0.04570 -0.14787 -0.09642
v 0.07835 -0.14096 -0.09642
v 0.10557 -0.12957 -0.09642
v 0.12804 -0.11382 -0.09642
v 0.14576 -0.09384 -0.09642
v 0.15858 -0.06964 -0.09642
v 0.16635 -0.04063 -0.09642
v 0.15290 0.03734 -0.07222
v 0.15529 -0.00000 -0.07222
v 0.14576 0.06401 -0.07222
v 0.13398 0.08626 -0.07222
v 0.11769 0.10461 -0.07222
v 0.09704 0.11909 -0.07222
v 0.07201 0.12957 -0.07222
v 0.04201 0.13591 -0.07222
v 0.00000 0.13804 -0.07222
v -0.04201 0.13591 -0.07222
v -0.07201 0.12957 -0.07222
v -0.09704 0.11909 -0.07222
v -0.11769 0.10461 -0.07222
v -0.13398 0.08626 -0.07222
v -0.14576 0.06401 -0.07222
v -0.15290 0.03734 -0.07222
v -0.15529 0.00000 -0.07222
v -0.15290 -0.03734 -0.07222
v -0.14576 -0.06401 -0.07222
v -0.13398 -0.08626 -0.07222
v -0.11769 -0.10461 -0.07222
v -0.09704 -0.11909 -0.07222
v -0.07201 -0.12957 -0.07222
v -0.04201 -0.13591 -0.07222
v -0.00000 -0.13804 -0.07222
v 0.04201 -0.13591 -0.07222
v 0.07201 -0.12957 -0.07222
v 0.09704 -0.11909 -0.07222
v 0.11769 -0.10461 -0.07222
v 0.13398 -0.08626 -0.07222
v 0.14576 -0.06401 -0.07222
v 0.15290 -0.03734 -0.07222
v 0.13431 0.03280 -0.05101
v 0.13641 -0.00000 -0.05101
v 0.12804 0.05623 -0.05101
v 0.11769 0.07577 -0.05101
v 0.10338 0.09190 -0.05101
v 0.08524 0.10461 -0.05101
v 0.06326 0.11382 -0.05101
v 0.03690 0.11939 -0.05101
v 0.00000 0.12126 -0.05101
v -0.03690 0.11939 -0.05101
v -0.06326 0.11382 -0.05101
v -0.08524 0.10461 -0.05101
v -0.10338 0.09190 -0.05101
v -0.11769 0.07577 -0.05101
v -0.12804 0.05623 -0.05101
v -0.13431 0.03280 -0.05101
v -0.13641 0.00000 -0.05101
v -0.13431 -0.03280 -0.05101
v -0.12804 -0.05623 -0.05101
v -0.11769 -0.07577 -0.05101
v -0.10338 -0.09190 -0.05101
v -0.08524 -0.10461 -0.05101
v -0.06326 -0.11382 -0.05101
v -0.03690 -0.11939 -0.05101
v -0.00000 -0.12126 -0.05101
v 0.03690 -0.11939 -0.05101
v 0.06326 -0.11382 -0.05101
v 0.08524 -0.10461 -0.05101
v 0.10338 -0.09190 -0.05101
v 0.11769 -0.07577 -0.05101
v 0.12804 -0.05623 -0.05101
v 0.13431 -0.03280 -0.05101
v 0.11074 0.02705 -0.03359
v 0.11248 -0.00000 -0.03359
v 0.10557 0.04636 -0.03359
v 0.09704 0.06247 -0.03359
v 0.08524 0.07577 -0.03359
v 0.07028 0.08626 -0.03359
v 0.05216 0.09384 -0.03359
v 0.03043 0.09844 -0.03359
v 0.00000 0.09998 -0.03359
v -0.03043 0.09844 -0.03359
v -0.05216 0.09384 -0.03359
v -0.07028 0.08626 -0.03359
v -0.08524 0.07577 -0.03359
v -0.09704 0.06247 -0.03359
v -0.10557 0.04636 -0.03359
v -0.11074 0.02705 -0.03359
v -0.11248 0.00000 -0.03359
v -0.11074 -0.02705 -0.03359
v -0.10557 -0.04636 -0.03359
v -0.09704 -0.06247 -0.03359
v -0.08524 -0.07577 -0.03359
v -0.07028 -0.08626 -0.03359
v -0.05216 -0.09384 -0.03359
v -0.03043 -0.09844 -0.03359
v -0.00000 -0.09998 -0.03359
v 0.03043 -0.09844 -0.03359
v 0.05216 -0.09384 -0.03359
v 0.07028 -0.08626 -0.03359
v 0.08524 -0.07577 -0.03359
v 0.09704 -0.06247 -0.03359
v 0.10557 -0.04636 -0.03359
v 0.11074 -0.02705 -0.03359
v 0.08219 0.02007 -0.02066
v 0.08347 -0.00000 -0.02066
v 0.07835 0.03441 -0.02066
v 0.07201 0.04636 -0.02066
v 0.06326 0.05623 -0.02066
v 0.05216 0.06401 -0.02066
v 0.03871 0.06964 -0.02066
v 0.02258 0.07306 -0.02066
v 0.00000 0.07420 -0.02066
v -0.02258 0.07306 -0.02066
v -0.03871 0.06964 -0.02066
v -0.05216 0.06401 -0.02066
v -0.06326 0.05623 -0.02066
v -0.07201 0.04636 -0.02066
v -0.07835 0.03441 -0.02066
v -0.08219 0.02007 -0.02066
v -0.08347 0.00000 -0.02066
v -0.08219 -0.02007 -0.02066
v -0.07835 -0.03441 -0.02066
v -0.07201 -0.04636 -0.02066
v -0.06326 -0.05623 -0.02066
v -0.05216 -0.06401 -0.02066
v -0.03871 -0.06964 -0.02066
v -0.02258 -0.07306 -0.02066
v -0.00000 -0.07420 -0.02066
v 0.02258 -0.07306 -0.02066
v 0.03871 -0.06964 -0.02066
v 0.05216 -0.06401 -0.02066
v 0.06326 -0.05623 -0.02066
v 0.07201 -0.04636 -0.02066
v 0.07835 -0.03441 -0.02066
v 0.08219 -0.02007 -0.02066
v 0.04794 0.01171 -0.01269
v 0.04869 -0.00000 -0.01269
v 0.04570 0.02007 -0.01269
v 0.04201 0.02705 -0.01269
v 0.03690 0.03280 -0.01269
v 0.03043 0.03734 -0.01269
v 0.02258 0.04063 -0.01269
v 0.01317 0.04262 -0.01269
v 0.00000 0.04328 -0.01269
v -0.01317 0.04262 -0.01269
v -0.02258 0.04063 -0.01269
v -0.03043 0.03734 -0.01269
v -0.03690 0.03280 -0.01269
v -0.04201 0.02705 -0.01269
v -0.04570 0.02007 -0.01269
v -0.04794 0.01171 -0.01269
v -0.04869 0.00000 -0.01269
v -0.04794 -0.01171 -0.01269
v -0.04570 -0.02007 -0.01269
v -0.04201 -0.02705 -0.01269
v -0.03690 -0.03280 -0.01269
v -0.03043 -0.03734 -0.01269
v -0.02258 -0.04063 -0.01269
v -0.01317 -0.04262 -0.01269
v -0.00000 -0.04328 -0.01269
v 0.01317 -0.04262 -0.01269
v 0.02258 -0.04063 -0.01269
v 0.03043 -0.03734 -0.01269
v 0.03690 -0.03280 -0.01269
v 0.04201 -0.02705 -0.01269
v 0.04570 -0.02007 -0.01269
v 0.04794 -0.01171 -0.01269
v 0.00000 0.00000 -0.01000
f 4457 4457 4458
f 4457 4458 4459
f 4457 4457 4460
f 4457 4460 4458
f 4457 4457 4461
f 4457 4461 4460
f 4457 4457 4462
f 4457 4462 4461
f 4457 4457 4463
f 4457 4463 4462
f 4457 4457 4464
f 4457 4464 4463
f 4457 4457 4465
f 4457 4465 4464
f 4457 4457 4466
f 4457 4466 4465
f 4457 4457 4467
f 4457 4467 4466
f 4457 4457 4468
f 4457 4468 4467
f 4457 4457 4469
f 4457 4469 4468
f 4457 4457 4470
f 4457 4470 4469
f 4457 4457 4471
f 4457 4471 4470
f 4457 4457 4472
f 4457 4472 4471
f 4457 4457 4473
f 4457 4473 4472
f 4457 4457 4474
f 4457 4474 4473
f 4457 4457 4475
f 4457 4475 4474
f 4457 4457 4476
f 4457 4476 4475
f 4457 4457 4477
f 4457 4477 4476
f 4457 4457 4478
f 4457 4478 4477
f 4457 4457 4479
f 4457 4479 4478
f 4457 4457 4480
f 4457 4480 4479
f 4457 4457 4481
f 4457 4481 4480
f 4457 4457 4482
f 4457 4482 4481
f 4457 4457 4483
f 4457 4483 4482
f 4457 4457 4484
f 4457 4484 4483
f 4457 4457 4485
f 4457 4485 4484
f 4457 4457 4486
f 4457 4486 4485
f 4457 4457 4487
f 4457 4487 4486
f 4457 4457 4488
f 4457 4488 4487
f 4457 4457 4489
f 4457 4489 4488
f 4457 4457 4459
f 4457 4459 4489
f 4459 4458 4490
f 4459 4490 4491
f 4458 4460 4492
f 4458 4492 4490
f 4460 4461 4493
f 4460 4493 4492
f 4461 4462 4494
f 4461 4494 4493
f 4462 4463 4495
f 4462 4495 4494
f 4463 4464 4496
f 4463 4496 4495
f 4464 4465 4497
f 4464 4497 4496
f 4465 4466 4498
f 4465 4498 4497
f 4466 4467 4499
f 4466 4499 4498
f 4467 4468 4500
f 4467 4500 4499
f 4468 4469 4501
f 4468 4501 4500
f 4469 4470 4502
f 4469 4502 4501
f 4470 4471 4503
f 4470 4503 4502
f 4471 4472 4504
f 4471 4504 4503
f 4472 4473 4505
f 4472 4505 4504
f 4473 4474 4506
f 4473 4506 4505
f 4474 4475 4507
f 4474 4507 4506
f 4475 4476 4508
f 4475 4508 4507
f 4476 4477 4509
f 4476 4509 4508
f 4477 4478 4510
f 4477 4510 4509
f 4478 4479 4511
f 4478 4511 4510
f 4479 4480 4512
f 4479 4512 4511
f 4480 4481 4513
f 4480 4513 4512
f 4481 4482 4514
f 4481 4514 4513
f 4482 4483 4515
f 4482 4515 4514
f 4483 4484 4516
f 4483 4516 4515
f 4484 4485 4517
f 4484 4517 4516
f 4485 4486 4518
f 4485 4518 4517
f 4486 4487 4519
f 4486 4519 4518
f 4487 4488 4520
f 4487 4520 4519
f 4488 4489 4521
f 4488 4521 4520
f 4489 4459 4491
f 4489 4491 4521
f 4491 4490 4522
f 4491 4522 4523
f 4490 4492 4524
f 4490 4524 4522
f 4492 4493 4525
f 4492 4525 4524
f 4493 4494 4526
f 4493 4526 4525
f 4494 4495 4527
f 4494 4527 4526
f 4495 4496 4528
f 4495 4528 4527
f 4496 4497 4529
f 4496 4529 4528
f 4497 4498 4530
f 4497 4530 4529
f 4498 4499 4531
f 4498 4531 4530
f 4499 4500 4532
f 4499 4532 4531
f 4500 4501 4533
f 4500 4533 4532
f 4501 4502 4534
f 4501 4534 4533
f 4502 4503 4535
f 4502 4535 4534
f 4503 4504 4536
f 4503 4536 4535
f 4504 4505 4537
f 4504 4537 4536
f 4505 4506 4538
f 4505 4538 4537
f 4506 4507 4539
f 4506 4539 4538
f 4507 4508 4540
f 4507 4540 4539
f 4508 4509 4541
f 4508 4541 4540
f 4509 4510 4542
f 4509 4542 4541
f 4510 4511 4543
f 4510 4543 4542
f 4511 4512 4544
f 4511 4544 4543
f 4512 4513 4545
f 4512 4545 4544
f 4513 4514 4546
f 4513 4546 4545
f 4514 4515 4547
f 4514 4547 4546
f 4515 4516 4548
f 4515 4548 4547
f 4516 4517 4549
f 4516 4549 4548
f 4517 4518 4550
f 4517 4550 4549
f 4518 4519 4551
f 4518 4551 4550
f 4519 4520 4552
f 4519 4552 4551
f 4520 4521 4553
f 4520 4553 4552
f 4521 4491 4523
f 4521 4523 4553
f 4523 4522 4554
f 4523 4554 4555
f 4522 4524 4556
f 4522 4556 4554
f 4524 4525 4557
f 4524 4557 4556
f 4525 4526 4558
f 4525 4558 4557
f 4526 4527 4559
f 4526 4559 4558
f 4527 4528 4560
f 4527 4560 4559
f 4528 4529 4561
f 4528 4561 4560
f 4529 4530 4562
f 4529 4562 4561
f 4530 4531 4563
f 4530 4563 4562
f 4531 4532 4564
f 4531 4564 4563
f 4532 4533 4565
f 4532 4565 4564
f 4533 4534 4566
f 4533 4566 4565
f 4534 4535 4567
f 4534 4567 4566
f 4535 4536 4568
f 4535 4568 4567
f 4536 4537 4569
f 4536 4569 4568
f 4537 4538 4570
f 4537 4570 4569
f 4538 4539 4571
f 4538 4571 4570
f 4539 4540 4572
f 4539 4572 4571
f 4540 4541 4573
f 4540 4573 4572
f 4541 4542 4574
f 4541 4574 4573
f 4542 4543 4575
f 4542 4575 4574
f 4543 4544 4576
f 4543 4576 4575
f 4544 4545 4577
f 4544 4577 4576
f 4545 4546 4578
f 4545 4578 4577
f 4546 4547 4579
f 4546 4579 4578
f 4547 4548 4580
f 4547 4580 4579
f 4548 4549 4581
f 4548 4581 4580
f 4549 4550 4582
f 4549 4582 4581
f 4550 4551 4583
f 4550 4583 4582
f 4551 4552 4584
f 4551 4584 4583
f 4552 4553 4585
f 4552 4585 4584
f 4553 4523 4555
f 4553 4555 4585
f 4555 4554 4586
f 4555 4586 4587
f 4554 4556 4588
f 4554 4588 4586
f 4556 4557 4589
f 4556 4589 4588
f 4557 4558 4590
f 4557 4590 4589
f 4558 4559 4591
f 4558 4591 4590
f 4559 4560 4592
f 4559 4592 4591
f 4560 4561 4593
f 4560 4593 4592
f 4561 4562 4594
f 4561 4594 4593
f 4562 4563 4595
f 4562 4595 4594
f 4563 4564 4596
f 4563 4596 4595
f 4564 4565 4597
f 4564 4597 4596
f 4565 4566 4598
f 4565 4598 4597
f 4566 4567 4599
f 4566 4599 4598
f 4567 4568 4600
f 4567 4600 4599
f 4568 4569 4601
f 4568 4601 4600
f 4569 4570 4602
f 4569 4602 4601
f 4570 4571 4603
f 4570 4603 4602
f 4571 4572 4604
f 4571 4604 4603
f 4572 4573 4605
f 4572 4605 4604
f 4573 4574 4606
f 4573 4606 4605
f 4574 4575 4607
f 4574 4607 4606
f 4575 4576 4608
f 4575 4608 4607
f 4576 4577 4609
f 4576 4609 4608
f 4577 4578 4610
f 4577 4610 4609
f 4578 4579 4611
f 4578 4611 4610
f 4579 4580 4612
f 4579 4612 4611
f 4580 4581 4613
f 4580 4613 4612
f 4581 4582 4614
f 4581 4614 4613
f 4582 4583 4615
f 4582 4615 4614
f 4583 4584 4616
f 4583 4616 4615
f 4584 4585 4617
f 4584 4617 4616
f 4585 4555 4587
f 4585 4587 4617
f 4587 4586 4618
f 4587 4618 4619
f 4586 4588 4620
f 4586 4620 4618
f 4588 4589 4621
f 4588 4621 4620
f 4589 4590 4622
f 4589 4622 4621
f 4590 4591 4623
f 4590 4623 4622
f 4591 4592 4624
f 4591 4624 4623
f 4592 4593 4625
f 4592 4625 4624
f 4593 4594 4626
f 4593 4626 4625
f 4594 4595 4627
f 4594 4627 4626
f 4595 4596 4628
f 4595 4628 4627
f 4596 4597 4629
f 4596 4629 4628
f 4597 4598 4630
f 4597 4630 4629
f 4598 4599 4631
f 4598 4631 4630
f 4599 4600 4632
f 4599 4632 4631
f 4600 4601 4633
f 4600 4633 4632
f 4601 4602 4634
f 4601 4634 4633
f 4602 4603 4635
f 4602 4635 4634
f 4603 4604 4636
f 4603 4636 4635
f 4604 4605 4637
f 4604 4637 4636
f 4605 4606 4638
f 4605 4638 4637
f 4606 4607 4639
f 4606 4639 4638
f 4607 4608 4640
f 4607 4640 4639
f 4608 4609 4641
f 4608 4641 4640
f 4609 4610 4642
f 4609 4642 4641
f 4610 4611 4643
f 4610 4643 4642
f 4611 4612 4644
f 4611 4644 4643
f 4612 4613 4645
f 4612 4645 4644
f 4613 4614 4646
f 4613 4646 4645
f 4614 4615 4647
f 4614 4647 4646
f 4615 4616 4648
f 4615 4648 4647
f 4616 4617 4649
f 4616 4649 4648
f 4617 4587 4619
f 4617 4619 4649
f 4619 4618 4650
f 4619 4650 4651
f 4618 4620 4652
f 4618 4652 4650
f 4620 4621 4653
f 4620 4653 4652
f 4621 4622 4654
f 4621 4654 4653
f 4622 4623 4655
f 4622 4655 4654
f 4623 4624 4656
f 4623 4656 4655
f 4624 4625 4657
f 4624 4657 4656
f 4625 4626 4658
f 4625 4658 4657
f 4626 4627 4659
f 4626 4659 4658
f 4627 4628 4660
f 4627 4660 4659
f 4628 4629 4661
f 4628 4661 4660
f 4629 4630 4662
f 4629 4662 4661
f 4630 4631 4663
f 4630 4663 4662
f 4631 4632 4664
f 4631 4664 4663
f 4632 4633 4665
f 4632 4665 4664
f 4633 4634 4666
f 4633 4666 4665
f 4634 4635 4667
f 4634 4667 4666
f 4635 4636 4668
f 4635 4668 4667
f 4636 4637 4669
f 4636 4669 4668
f 4637 4638 4670
f 4637 4670 4669
f 4638 4639 4671
f 4638 4671 4670
f 4639 4640 4672
f 4639 4672 4671
f 4640 4641 4673
f 4640 4673 4672
f 4641 4642 4674
f 4641 4674 4673
f 4642 4643 4675
f 4642 4675 4674
f 4643 4644 4676
f 4643 4676 4675
f 4644 4645 4677
f 4644 4677 4676
f 4645 4646 4678
f 4645 4678 4677
f 4646 4647 4679
f 4646 4679 4678
f 4647 4648 4680
f 4647 4680 4679
f 4648 4649 4681
f 4648 4681 4680
f 4649 4619 4651
f 4649 4651 4681
f 4651 4650 4682
f 4651 4682 4683
f 4650 4652 4684
f 4650 4684 4682
f 4652 4653 4685
f 4652 4685 4684
f 4653 4654 4686
f 4653 4686 4685
f 4654 4655 4687
f 4654 4687 4686
f 4655 4656 4688
f 4655 4688 4687
f 4656 4657 4689
f 4656 4689 4688
f 4657 4658 4690
f 4657 4690 4689
f 4658 4659 4691
f 4658 4691 4690
f 4659 4660 4692
f 4659 4692 4691
f 4660 4661 4693
f 4660 4693 4692
f 4661 4662 4694
f 4661 4694 4693
f 4662 4663 4695
f 4662 4695 4694
f 4663 4664 4696
f 4663 4696 4695
f 4664 4665 4697
f 4664 4697 4696
f 4665 4666 4698
f 4665 4698 4697
f 4666 4667 4699
f 4666 4699 4698
f 4667 4668 4700
f 4667 4700 4699
f 4668 4669 4701
f 4668 4701 4700
f 4669 4670 4702
f 4669 4702 4701
f 4670 4671 4703
f 4670 4703 4702
f 4671 4672 4704
f 4671 4704 4703
f 4672 4673 4705
f 4672 4705 4704
f 4673 4674 4706
f 4673 4706 4705
f 4674 4675 4707
f 4674 4707 4706
f 4675 4676 4708
f 4675 4708 4707
f 4676 4677 4709
f 4676 4709 4708
f 4677 4678 4710
f 4677 4710 4709
f 4678 4679 4711
f 4678 4711 4710
f 4679 4680 4712
f 4679 4712 4711
f 4680 4681 4713
f 4680 4713 4712
f 4681 4651 4683
f 4681 4683 4713
f 4683 4682 4714
f 4683 4714 4715
f 4682 4684 4716
f 4682 4716 4714
f 4684 4685 4717
f 4684 4717 4716
f 4685 4686 4718
f 4685 4718 4717
f 4686 4687 4719
f 4686 4719 4718
f 4687 4688 4720
f 4687 4720 4719
f 4688 4689 4721
f 4688 4721 4720
f 4689 4690 4722
f 4689 4722 4721
f 4690 4691 4723
f 4690 4723 4722
f 4691 4692 4724
f 4691 4724 4723
f 4692 4693 4725
f 4692 4725 4724
f 4693 4694 4726
f 4693 4726 4725
f 4694 4695 4727
f 4694 4727 4726
f 4695 4696 4728
f 4695 4728 4727
f 4696 4697 4729
f 4696 4729 4728
f 4697 4698 4730
f 4697 4730 4729
f 4698 4699 4731
f 4698 4731 4730
f 4699 4700 4732
f 4699 4732 4731
f 4700 4701 4733
f 4700 4733 4732
f 4701 4702 4734
f 4701 4734 4733
f 4702 4703 4735
f 4702 4735 4734
f 4703 4704 4736
f 4703 4736 4735
f 4704 4705 4737
f 4704 4737 4736
f 4705 4706 4738
f 4705 4738 4737
f 4706 4707 4739
f 4706 4739 4738
f 4707 4708 4740
f 4707 4740 4739
f 4708 4709 4741
f 4708 4741 4740
f 4709 4710 4742
f 4709 4742 4741
f 4710 4711 4743
f 4710 4743 4742
f 4711 4712 4744
f 4711 4744 4743
f 4712 4713 4745
f 4712 4745 4744
f 4713 4683 4715
f 4713 4715 4745
f 4715 4714 4746
f 4715 4746 4747
f 4714 4716 4748
f 4714 4748 4746
f 4716 4717 4749
f 4716 4749 4748
f 4717 4718 4750
f 4717 4750 4749
f 4718 4719 4751
f 4718 4751 4750
f 4719 4720 4752
f 4719 4752 4751
f 4720 4721 4753
f 4720 4753 4752
f 4721 4722 4754
f 4721 4754 4753
f 4722 4723 4755
f 4722 4755 4754
f 4723 4724 4756
f 4723 4756 4755
f 4724 4725 4757
f 4724 4757 4756
f 4725 4726 4758
f 4725 4758 4757
f 4726 4727 4759
f 4726 4759 4758
f 4727 4728 4760
f 4727 4760 4759
f 4728 4729 4761
f 4728 4761 4760
f 4729 4730 4762
f 4729 4762 4761
f 4730 4731 4763
f 4730 4763 4762
f 4731 4732 4764
f 4731 4764 4763
f 4732 4733 4765
f 4732 4765 4764
f 4733 4734 4766
f 4733 4766 4765
f 4734 4735 4767
f 4734 4767 4766
f 4735 4736 4768
f 4735 4768 4767
f 4736 4737 4769
f 4736 4769 4768
f 4737 4738 4770
f 4737 4770 4769
f 4738 4739 4771
f 4738 4771 4770
f 4739 4740 4772
f 4739 4772 4771
f 4740 4741 4773
f 4740 4773 4772
f 4741 4742 4774
f 4741 4774 4773
f 4742 4743 4775
f 4742 4775 4774
f 4743 4744 4776
f 4743 4776 4775
f 4744 4745 4777
f 4744 4777 4776
f 4745 4715 4747
f 4745 4747 4777
f 4747 4746 4778
f 4747 4778 4779
f 4746 4748 4780
f 4746 4780 4778
f 4748 4749 4781
f 4748 4781 4780
f 4749 4750 4782
f 4749 4782 4781
f 4750 4751 4783
f 4750 4783 4782
f 4751 4752 4784
f 4751 4784 4783
f 4752 4753 4785
f 4752 4785 4784
f 4753 4754 4786
f 4753 4786 4785
f 4754 4755 4787
f 4754 4787 4786
f 4755 4756 4788
f 4755 4788 4787
f 4756 4757 4789
f 4756 4789 4788
f 4757 4758 4790
f 4757 4790 4789
f 4758 4759 4791
f 4758 4791 4790
f 4759 4760 4792
f 4759 4792 4791
f 4760 4761 4793
f 4760 4793 4792
f 4761 4762 4794
f 4761 4794 4793
f 4762 4763 4795
f 4762 4795 4794
f 4763 4764 4796
f 4763 4796 4795
f 4764 4765 4797
f 4764 4797 4796
f 4765 4766 4798
f 4765 4798 4797
f 4766 4767 4799
f 4766 4799 4798
f 4767 4768 4800
f 4767 4800 4799
f 4768 4769 4801
f 4768 4801 4800
f 4769 4770 4802
f 4769 4802 4801
f 4770 4771 4803
f 4770 4803 4802
f 4771 4772 4804
f 4771 4804 4803
f 4772 4773 4805
f 4772 4805 4804
f 4773 4774 4806
f 4773 4806 4805
f 4774 4775 4807
f 4774 4807 4806
f 4775 4776 4808
f 4775 4808 4807
f 4776 4777 4809
f 4776 4809 4808
f 4777 4747 4779
f 4777 4779 4809
f 4779 4778 4810
f 4779 4810 4811
f 4778 4780 4812
f 4778 4812 4810
f 4780 4781 4813
f 4780 4813 4812
f 4781 4782 4814
f 4781 4814 4813
f 4782 4783 4815
f 4782 4815 4814
f 4783 4784 4816
f 4783 4816 4815
f 4784 4785 4817
f 4784 4817 4816
f 4785 4786 4818
f 4785 4818 4817
f 4786 4787 4819
f 4786 4819 4818
f 4787 4788 4820
f 4787 4820 4819
f 4788 4789 4821
f 4788 4821 4820
f 4789 4790 4822
f 4789 4822 4821
f 4790 4791 4823
f 4790 4823 4822
f 4791 4792 4824
f 4791 4824 4823
f 4792 4793 4825
f 4792 4825 4824
f 4793 4794 4826
f 4793 4826 4825
f 4794 4795 4827
f 4794 4827 4826
f 4795 4796 4828
f 4795 4828 4827
f 4796 4797 4829
f 4796 4829 4828
f 4797 4798 4830
f 4797 4830 4829
f 4798 4799 4831
f 4798 4831 4830
f 4799 4800 4832
f 4799 4832 4831
f 4800 4801 4833
f 4800 4833 4832
f 4801 4802 4834
f 4801 4834 4833
f 4802 4803 4835
f 4802 4835 4834
f 4803 4804 4836
f 4803 4836 4835
f 4804 4805 4837
f 4804 4837 4836
f 4805 4806 4838
f 4805 4838 4837
f 4806 4807 4839
f 4806 4839 4838
f 4807 4808 4840
f 4807 4840 4839
f 4808 4809 4841
f 4808 4841 4840
f 4809 4779 4811
f 4809 4811 4841
f 4811 4810 4842
f 4811 4842 4843
f 4810 4812 4844
f 4810 4844 4842
f 4812 4813 4845
f 4812 4845 4844
f 4813 4814 4846
f 4813 4846 4845
f 4814 4815 4847
f 4814 4847 4846
f 4815 4816 4848
f 4815 4848 4847
f 4816 4817 4849
f 4816 4849 4848
f 4817 4818 4850
f 4817 4850 4849
f 4818 4819 4851
f 4818 4851 4850
f 4819 4820 4852
f 4819 4852 4851
f 4820 4821 4853
f 4820 4853 4852
f 4821 4822 4854
f 4821 4854 4853
f 4822 4823 4855
f 4822 4855 4854
f 4823 4824 4856
f 4823 4856 4855
f 4824 4825 4857
f 4824 4857 4856
f 4825 4826 4858
f 4825 4858 4857
f 4826 4827 4859
f 4826 4859 4858
f 4827 4828 4860
f 4827 4860 4859
f 4828 4829 4861
f 4828 4861 4860
f 4829 4830 4862
f 4829 4862 4861
f 4830 4831 4863
f 4830 4863 4862
f 4831 4832 4864
f 4831 4864 4863
f 4832 4833 4865
f 4832 4865 4864
f 4833 4834 4866
f 4833 4866 4865
f 4834 4835 4867
f 4834 4867 4866
f 4835 4836 4868
f 4835 4868 4867
f 4836 4837 4869
f 4836 4869 4868
f 4837 4838 4870
f 4837 4870 4869
f 4838 4839 4871
f 4838 4871 4870
f 4839 4840 4872
f 4839 4872 4871
f 4840 4841 4873
f 4840 4873 4872
f 4841 4811 4843
f 4841 4843 4873
f 4843 4842 4874
f 4843 4874 4875
f 4842 4844 4876
f 4842 4876 4874
f 4844 4845 4877
f 4844 4877 4876
f 4845 4846 4878
f 4845 4878 4877
f 4846 4847 4879
f 4846 4879 4878
f 4847 4848 4880
f 4847 4880 4879
f 4848 4849 4881
f 4848 4881 4880
f 4849 4850 4882
f 4849 4882 4881
f 4850 4851 4883
f 4850 4883 4882
f 4851 4852 4884
f 4851 4884 4883
f 4852 4853 4885
f 4852 4885 4884
f 4853 4854 4886
f 4853 4886 4885
f 4854 4855 4887
f 4854 4887 4886
f 4855 4856 4888
f 4855 4888 4887
f 4856 4857 4889
f 4856 4889 4888
f 4857 4858 4890
f 4857 4890 4889
f 4858 4859 4891
f 4858 4891 4890
f 4859 4860 4892
f 4859 4892 4891
f 4860 4861 4893
f 4860 4893 4892
f 4861 4862 4894
f 4861 4894 4893
f 4862 4863 4895
f 4862 4895 4894
f 4863 4864 4896
f 4863 4896 4895
f 4864 4865 4897
f 4864 4897 4896
f 4865 4866 4898
f 4865 4898 4897
f 4866 4867 4899
f 4866 4899 4898
f 4867 4868 4900
f 4867 4900 4899
f 4868 4869 4901
f 4868 4901 4900
f 4869 4870 4902
f 4869 4902 4901
f 4870 4871 4903
f 4870 4903 4902
f 4871 4872 4904
f 4871 4904 4903
f 4872 4873 4905
f 4872 4905 4904
f 4873 4843 4875
f 4873 4875 4905
f 4875 4874 4906
f 4875 4906 4907
f 4874 4876 4908
f 4874 4908 4906
f 4876 4877 4909
f 4876 4909 4908
f 4877 4878 4910
f 4877 4910 4909
f 4878 4879 4911
f 4878 4911 4910
f 4879 4880 4912
f 4879 4912 4911
f 4880 4881 4913
f 4880 4913 4912
f 4881 4882 4914
f 4881 4914 4913
f 4882 4883 4915
f 4882 4915 4914
f 4883 4884 4916
f 4883 4916 4915
f 4884 4885 4917
f 4884 4917 4916
f 4885 4886 4918
f 4885 4918 4917
f 4886 4887 4919
f 4886 4919 4918
f 4887 4888 4920
f 4887 4920 4919
f 4888 4889 4921
f 4888 4921 4920
f 4889 4890 4922
f 4889 4922 4921
f 4890 4891 4923
f 4890 4923 4922
f 4891 4892 4924
f 4891 4924 4923
f 4892 4893 4925
f 4892 4925 4924
f 4893 4894 4926
f 4893 4926 4925
f 4894 4895 4927
f 4894 4927 4926
f 4895 4896 4928
f 4895 4928 4927
f 4896 4897 4929
f 4896 4929 4928
f 4897 4898 4930
f 4897 4930 4929
f 4898 4899 4931
f 4898 4931 4930
f 4899 4900 4932
f 4899 4932 4931
f 4900 4901 4933
f 4900 4933 4932
f 4901 4902 4934
f 4901 4934 4933
f 4902 4903 4935
f 4902 4935 4934
f 4903 4904 4936
f 4903 4936 4935
f 4904 4905 4937
f 4904 4937 4936
f 4905 4875 4907
f 4905 4907 4937
f 4907 4906 4938
f 4907 4938 4938
f 4906 4908 4938
f 4906 4938 4938
f 4908 4909 4938
f 4908 4938 4938
f 4909 4910 4938
f 4909 4938 4938
f 4910 4911 4938
f 4910 4938 4938
f 4911 4912 4938
f 4911 4938 4938
f 4912 4913 4938
f 4912 4938 4938
f 4913 4914 4938
f 4913 4938 4938
f 4914 4915 4938
f 4914 4938 4938
f 4915 4916 4938
f 4915 4938 4938
f 4916 4917 4938
f 4916 4938 4938
f 4917 4918 4938
f 4917 4938 4938
f 4918 4919 4938
f 4918 4938 4938
f 4919 4920 4938
f 4919 4938 4938
f 4920 4921 4938
f 4920 4938 4938
f 4921 4922 4938
f 4921 4938 4938
f 4922 4923 4938
f 4922 4938 4938
f 4923 4924 4938
f 4923 4938 4938
f 4924 4925 4938
f 4924 4938 4938
f 4925 4926 4938
f 4925 4938 4938
f 4926 4927 4938
f 4926 4938 4938
f 4927 4928 4938
f 4927 4938 4938
f 4928 4929 4938
f 4928 4938 4938
f 4929 4930 4938
f 4929 4938 4938
f 4930 4931 4938
f 4930 4938 4938
f 4931 4932 4938
f 4931 4938 4938
f 4932 4933 4938
f 4932 4938 4938
f 4933 4934 4938
f 4933 4938 4938
f 4934 4935 4938
f 4934 4938 4938
f 4935 4936 4938
f 4935 4938 4938
f 4936 4937 4938
f 4936 4938 4938
f 4937 4907 4938
f 4937 4938 4938

g Atomizer_Nozzle
usemtl Atomizer_Nozzle
v 0.72000 -0.00900 0.06000
v 0.71656 -0.00831 0.06000
v 0.71656 -0.00831 -0.04500
v 0.72000 -0.00900 -0.04500
v 0.72000 0.00000 0.06000
v 0.72000 0.00000 -0.04500
v 0.71364 -0.00636 0.06000
v 0.71364 -0.00636 -0.04500
v 0.71169 -0.00344 0.06000
v 0.71169 -0.00344 -0.04500
v 0.71100 -0.00000 0.06000
v 0.71100 -0.00000 -0.04500
v 0.71169 0.00344 0.06000
v 0.71169 0.00344 -0.04500
v 0.71364 0.00636 0.06000
v 0.71364 0.00636 -0.04500
v 0.71656 0.00831 0.06000
v 0.71656 0.00831 -0.04500
v 0.72000 0.00900 0.06000
v 0.72000 0.00900 -0.04500
v 0.72344 0.00831 0.06000
v 0.72344 0.00831 -0.04500
v 0.72636 0.00636 0.06000
v 0.72636 0.00636 -0.04500
v 0.72831 0.00344 0.06000
v 0.72831 0.00344 -0.04500
v 0.72900 0.00000 0.06000
v 0.72900 0.00000 -0.04500
v 0.72831 -0.00344 0.06000
v 0.72831 -0.00344 -0.04500
v 0.72636 -0.00636 0.06000
v 0.72636 -0.00636 -0.04500
v 0.72344 -0.00831 0.06000
v 0.72344 -0.00831 -0.04500
v 0.72000 -0.03200 -0.04500
v 0.71172 -0.03091 -0.04500
v 0.71172 -0.03091 -0.06700
v 0.72000 -0.03200 -0.06700
v 0.72000 0.00000 -0.06700
v 0.70400 -0.02771 -0.04500
v 0.70400 -0.02771 -0.06700
v 0.69737 -0.02263 -0.04500
v 0.69737 -0.02263 -0.06700
v 0.69229 -0.01600 -0.04500
v 0.69229 -0.01600 -0.06700
v 0.68909 -0.00828 -0.04500
v 0.68909 -0.00828 -0.06700
v 0.68800 -0.00000 -0.04500
v 0.68800 -0.00000 -0.06700
v 0.68909 0.00828 -0.04500
v 0.68909 0.00828 -0.06700
v 0.69229 0.01600 -0.04500
v 0.69229 0.01600 -0.06700
v 0.69737 0.02263 -0.04500
v 0.69737 0.02263 -0.06700
v 0.70400 0.02771 -0.04500
v 0.70400 0.02771 -0.06700
v 0.71172 0.03091 -0.04500
v 0.71172 0.03091 -0.06700
v 0.72000 0.03200 -0.04500
v 0.72000 0.03200 -0.06700
v 0.72828 0.03091 -0.04500
v 0.72828 0.03091 -0.06700
v 0.73600 0.02771 -0.04500
v 0.73600 0.02771 -0.06700
v 0.74263 0.02263 -0.04500
v 0.74263 0.02263 -0.06700
v 0.74771 0.01600 -0.04500
v 0.74771 0.01600 -0.06700
v 0.75091 0.00828 -0.04500
v 0.75091 0.00828 -0.06700
v 0.75200 0.00000 -0.04500
v 0.75200 0.00000 -0.06700
v 0.75091 -0.00828 -0.04500
v 0.75091 -0.00828 -0.06700
v 0.74771 -0.01600 -0.04500
v 0.74771 -0.01600 -0.06700
v 0.74263 -0.02263 -0.04500
v 0.74263 -0.02263 -0.06700
v 0.73600 -0.02771 -0.04500
v 0.73600 -0.02771 -0.06700
v 0.72828 -0.03091 -0.04500
v 0.72828 -0.03091 -0.06700
v 0.72000 0.00000 -0.08300
v 0.36000 0.61454 0.06000
v 0.35656 0.61522 0.06000
v 0.35656 0.61522 -0.04500
v 0.36000 0.61454 -0.04500
v 0.36000 0.62354 0.06000
v 0.36000 0.62354 -0.04500
v 0.35364 0.61717 0.06000
v 0.35364 0.61717 -0.04500
v 0.35169 0.62009 0.06000
v 0.35169 0.62009 -0.04500
v 0.35100 0.62354 0.06000
v 0.35100 0.62354 -0.04500
v 0.35169 0.62698 0.06000
v 0.35169 0.62698 -0.04500
v 0.35364 0.62990 0.06000
v 0.35364 0.62990 -0.04500
v 0.35656 0.63185 0.06000
v 0.35656 0.63185 -0.04500
v 0.36000 0.63254 0.06000
v 0.36000 0.63254 -0.04500
v 0.36344 0.63185 0.06000
v 0.36344 0.63185 -0.04500
v 0.36636 0.62990 0.06000
v 0.36636 0.62990 -0.04500
v 0.36831 0.62698 0.06000
v 0.36831 0.62698 -0.04500
v 0.36900 0.62354 0.06000
v 0.36900 0.62354 -0.04500
v 0.36831 0.62009 0.06000
v 0.36831 0.62009 -0.04500
v 0.36636 0.61717 0.06000
v 0.36636 0.61717 -0.04500
v 0.36344 0.61522 0.06000
v 0.36344 0.61522 -0.04500
v 0.36000 0.59154 -0.04500
v 0.35172 0.59263 -0.04500
v 0.35172 0.59263 -0.06700
v 0.36000 0.59154 -0.06700
v 0.36000 0.62354 -0.06700
v 0.34400 0.59583 -0.04500
v 0.34400 0.59583 -0.06700
v 0.33737 0.60091 -0.04500
v 0.33737 0.60091 -0.06700
v 0.33229 0.60754 -0.04500
v 0.33229 0.60754 -0.06700
v 0.32909 0.61526 -0.04500
v 0.32909 0.61526 -0.06700
v 0.32800 0.62354 -0.04500
v 0.32800 0.62354 -0.06700
v 0.32909 0.63182 -0.04500
v 0.32909 0.63182 -0.06700
v 0.33229 0.63954 -0.04500
v 0.33229 0.63954 -0.06700
v 0.33737 0.64617 -0.04500
v 0.33737 0.64617 -0.06700
v 0.34400 0.65125 -0.04500
v 0.34400 0.65125 -0.06700
v 0.35172 0.65445 -0.04500
v 0.35172 0.65445 -0.06700
v 0.36000 0.65554 -0.04500
v 0.36000 0.65554 -0.06700
v 0.36828 0.65445 -0.04500
v 0.36828 0.65445 -0.06700
v 0.37600 0.65125 -0.04500
v 0.37600 0.65125 -0.06700
v 0.38263 0.64617 -0.04500
v 0.38263 0.64617 -0.06700
v 0.38771 0.63954 -0.04500
v 0.38771 0.63954 -0.06700
v 0.39091 0.63182 -0.04500
v 0.39091 0.63182 -0.06700
v 0.39200 0.62354 -0.04500
v 0.39200 0.62354 -0.06700
v 0.39091 0.61526 -0.04500
v 0.39091 0.61526 -0.06700
v 0.38771 0.60754 -0.04500
v 0.38771 0.60754 -0.06700
v 0.38263 0.60091 -0.04500
v 0.38263 0.60091 -0.06700
v 0.37600 0.59583 -0.04500
v 0.37600 0.59583 -0.06700
v 0.36828 0.59263 -0.04500
v 0.36828 0.59263 -0.06700
v 0.36000 0.62354 -0.08300
v -0.36000 0.61454 0.06000
v -0.36344 0.61522 0.06000
v -0.36344 0.61522 -0.04500
v -0.36000 0.61454 -0.04500
v -0.36000 0.62354 0.06000
v -0.36000 0.62354 -0.04500
v -0.36636 0.61717 0.06000
v -0.36636 0.61717 -0.04500
v -0.36831 0.62009 0.06000
v -0.36831 0.62009 -0.04500
v -0.36900 0.62354 0.06000
v -0.36900 0.62354 -0.04500
v -0.36831 0.62698 0.06000
v -0.36831 0.62698 -0.04500
v -0.36636 0.62990 0.06000
v -0.36636 0.62990 -0.04500
v -0.36344 0.63185 0.06000
v -0.36344 0.63185 -0.04500
v -0.36000 0.63254 0.06000
v -0.36000 0.63254 -0.04500
v -0.35656 0.63185 0.06000
v -0.35656 0.63185 -0.04500
v -0.35364 0.62990 0.06000
v -0.35364 0.62990 -0.04500
v -0.35169 0.62698 0.06000
v -0.35169 0.62698 -0.04500
v -0.35100 0.62354 0.06000
v -0.35100 0.62354 -0.04500
v -0.35169 0.62009 0.06000
v -0.35169 0.62009 -0.04500
v -0.35364 0.61717 0.06000
v -0.35364 0.61717 -0.04500
v -0.35656 0.61522 0.06000
v -0.35656 0.61522 -0.04500
v -0.36000 0.59154 -0.04500
v -0.36828 0.59263 -0.04500
v -0.36828 0.59263 -0.06700
v -0.36000 0.59154 -0.06700
v -0.36000 0.62354 -0.06700
v -0.37600 0.59583 -0.04500
v -0.37600 0.59583 -0.06700
v -0.38263 0.60091 -0.04500
v -0.38263 0.60091 -0.06700
v -0.38771 0.60754 -0.04500
v -0.38771 0.60754 -0.06700
v -0.39091 0.61526 -0.04500
v -0.39091 0.61526 -0.06700
v -0.39200 0.62354 -0.04500
v -0.39200 0.62354 -0.06700
v -0.39091 0.63182 -0.04500
v -0.39091 0.63182 -0.06700
v -0.38771 0.63954 -0.04500
v -0.38771 0.63954 -0.06700
v -0.38263 0.64617 -0.04500
v -0.38263 0.64617 -0.06700
v -0.37600 0.65125 -0.04500
v -0.37600 0.65125 -0.06700
v -0.36828 0.65445 -0.04500
v -0.36828 0.65445 -0.06700
v -0.36000 0.65554 -0.04500
v -0.36000 0.65554 -0.06700
v -0.35172 0.65445 -0.04500
v -0.35172 0.65445 -0.06700
v -0.34400 0.65125 -0.04500
v -0.34400 0.65125 -0.06700
v -0.33737 0.64617 -0.04500
v -0.33737 0.64617 -0.06700
v -0.33229 0.63954 -0.04500
v -0.33229 0.63954 -0.06700
v -0.32909 0.63182 -0.04500
v -0.32909 0.63182 -0.06700
v -0.32800 0.62354 -0.04500
v -0.32800 0.62354 -0.06700
v -0.32909 0.61526 -0.04500
v -0.32909 0.61526 -0.06700
v -0.33229 0.60754 -0.04500
v -0.33229 0.60754 -0.06700
v -0.33737 0.60091 -0.04500
v -0.33737 0.60091 -0.06700
v -0.34400 0.59583 -0.04500
v -0.34400 0.59583 -0.06700
v -0.35172 0.59263 -0.04500
v -0.35172 0.59263 -0.06700
v -0.36000 0.62354 -0.08300
v -0.72000 -0.00900 0.06000
v -0.72344 -0.00831 0.06000
v -0.72344 -0.00831 -0.04500
v -0.72000 -0.00900 -0.04500
v -0.72000 0.00000 0.06000
v -0.72000 0.00000 -0.04500
v -0.72636 -0.00636 0.06000
v -0.72636 -0.00636 -0.04500
v -0.72831 -0.00344 0.06000
v -0.72831 -0.00344 -0.04500
v -0.72900 0.00000 0.06000
v -0.72900 0.00000 -0.04500
v -0.72831 0.00344 0.06000
v -0.72831 0.00344 -0.04500
v -0.72636 0.00636 0.06000
v -0.72636 0.00636 -0.04500
v -0.72344 0.00831 0.06000
v -0.72344 0.00831 -0.04500
v -0.72000 0.00900 0.06000
v -0.72000 0.00900 -0.04500
v -0.71656 0.00831 0.06000
v -0.71656 0.00831 -0.04500
v -0.71364 0.00636 0.06000
v -0.71364 0.00636 -0.04500
v -0.71169 0.00344 0.06000
v -0.71169 0.00344 -0.04500
v -0.71100 0.00000 0.06000
v -0.71100 0.00000 -0.04500
v -0.71169 -0.00344 0.06000
v -0.71169 -0.00344 -0.04500
v -0.71364 -0.00636 0.06000
v -0.71364 -0.00636 -0.04500
v -0.71656 -0.00831 0.06000
v -0.71656 -0.00831 -0.04500
v -0.72000 -0.03200 -0.04500
v -0.72828 -0.03091 -0.04500
v -0.72828 -0.03091 -0.06700
v -0.72000 -0.03200 -0.06700
v -0.72000 0.00000 -0.06700
v -0.73600 -0.02771 -0.04500
v -0.73600 -0.02771 -0.06700
v -0.74263 -0.02263 -0.04500
v -0.74263 -0.02263 -0.06700
v -0.74771 -0.01600 -0.04500
v -0.74771 -0.01600 -0.06700
v -0.75091 -0.00828 -0.04500
v -0.75091 -0.00828 -0.06700
v -0.75200 0.00000 -0.04500
v -0.75200 0.00000 -0.06700
v -0.75091 0.00828 -0.04500
v -0.75091 0.00828 -0.06700
v -0.74771 0.01600 -0.04500
v -0.74771 0.01600 -0.06700
v -0.74263 0.02263 -0.04500
v -0.74263 0.02263 -0.06700
v -0.73600 0.02771 -0.04500
v -0.73600 0.02771 -0.06700
v -0.72828 0.03091 -0.04500
v -0.72828 0.03091 -0.06700
v -0.72000 0.03200 -0.04500
v -0.72000 0.03200 -0.06700
v -0.71172 0.03091 -0.04500
v -0.71172 0.03091 -0.06700
v -0.70400 0.02771 -0.04500
v -0.70400 0.02771 -0.06700
v -0.69737 0.02263 -0.04500
v -0.69737 0.02263 -0.06700
v -0.69229 0.01600 -0.04500
v -0.69229 0.01600 -0.06700
v -0.68909 0.00828 -0.04500
v -0.68909 0.00828 -0.06700
v -0.68800 0.00000 -0.04500
v -0.68800 0.00000 -0.06700
v -0.68909 -0.00828 -0.04500
v -0.68909 -0.00828 -0.06700
v -0.69229 -0.01600 -0.04500
v -0.69229 -0.01600 -0.06700
v -0.69737 -0.02263 -0.04500
v -0.69737 -0.02263 -0.06700
v -0.70400 -0.02771 -0.04500
v -0.70400 -0.02771 -0.06700
v -0.71172 -0.03091 -0.04500
v -0.71172 -0.03091 -0.06700
v -0.72000 0.00000 -0.08300
v -0.36000 -0.63254 0.06000
v -0.36344 -0.63185 0.06000
v -0.36344 -0.63185 -0.04500
v -0.36000 -0.63254 -0.04500
v -0.36000 -0.62354 0.06000
v -0.36000 -0.62354 -0.04500
v -0.36636 -0.62990 0.06000
v -0.36636 -0.62990 -0.04500
v -0.36831 -0.62698 0.06000
v -0.36831 -0.62698 -0.04500
v -0.36900 -0.62354 0.06000
v -0.36900 -0.62354 -0.04500
v -0.36831 -0.62009 0.06000
v -0.36831 -0.62009 -0.04500
v -0.36636 -0.61717 0.06000
v -0.36636 -0.61717 -0.04500
v -0.36344 -0.61522 0.06000
v -0.36344 -0.61522 -0.04500
v -0.36000 -0.61454 0.06000
v -0.36000 -0.61454 -0.04500
v -0.35656 -0.61522 0.06000
v -0.35656 -0.61522 -0.04500
v -0.35364 -0.61717 0.06000
v -0.35364 -0.61717 -0.04500
v -0.35169 -0.62009 0.06000
v -0.35169 -0.62009 -0.04500
v -0.35100 -0.62354 0.06000
v -0.35100 -0.62354 -0.04500
v -0.35169 -0.62698 0.06000
v -0.35169 -0.62698 -0.04500
v -0.35364 -0.62990 0.06000
v -0.35364 -0.62990 -0.04500
v -0.35656 -0.63185 0.06000
v -0.35656 -0.63185 -0.04500
v -0.36000 -0.65554 -0.04500
v -0.36828 -0.65445 -0.04500
v -0.36828 -0.65445 -0.06700
v -0.36000 -0.65554 -0.06700
v -0.36000 -0.62354 -0.06700
v -0.37600 -0.65125 -0.04500
v -0.37600 -0.65125 -0.06700
v -0.38263 -0.64617 -0.04500
v -0.38263 -0.64617 -0.06700
v -0.38771 -0.63954 -0.04500
v -0.38771 -0.63954 -0.06700
v -0.39091 -0.63182 -0.04500
v -0.39091 -0.63182 -0.06700
v -0.39200 -0.62354 -0.04500
v -0.39200 -0.62354 -0.06700
v -0.39091 -0.61526 -0.04500
v -0.39091 -0.61526 -0.06700
v -0.38771 -0.60754 -0.04500
v -0.38771 -0.60754 -0.06700
v -0.38263 -0.60091 -0.04500
v -0.38263 -0.60091 -0.06700
v -0.37600 -0.59583 -0.04500
v -0.37600 -0.59583 -0.06700
v -0.36828 -0.59263 -0.04500
v -0.36828 -0.59263 -0.06700
v -0.36000 -0.59154 -0.04500
v -0.36000 -0.59154 -0.06700
v -0.35172 -0.59263 -0.04500
v -0.35172 -0.59263 -0.06700
v -0.34400 -0.59583 -0.04500
v -0.34400 -0.59583 -0.06700
v -0.33737 -0.60091 -0.04500
v -0.33737 -0.60091 -0.06700
v -0.33229 -0.60754 -0.04500
v -0.33229 -0.60754 -0.06700
v -0.32909 -0.61526 -0.04500
v -0.32909 -0.61526 -0.06700
v -0.32800 -0.62354 -0.04500
v -0.32800 -0.62354 -0.06700
v -0.32909 -0.63182 -0.04500
v -0.32909 -0.63182 -0.06700
v -0.33229 -0.63954 -0.04500
v -0.33229 -0.63954 -0.06700
v -0.33737 -0.64617 -0.04500
v -0.33737 -0.64617 -0.06700
v -0.34400 -0.65125 -0.04500
v -0.34400 -0.65125 -0.06700
v -0.35172 -0.65445 -0.04500
v -0.35172 -0.65445 -0.06700
v -0.36000 -0.62354 -0.08300
v 0.36000 -0.63254 0.06000
v 0.35656 -0.63185 0.06000
v 0.35656 -0.63185 -0.04500
v 0.36000 -0.63254 -0.04500
v 0.36000 -0.62354 0.06000
v 0.36000 -0.62354 -0.04500
v 0.35364 -0.62990 0.06000
v 0.35364 -0.62990 -0.04500
v 0.35169 -0.62698 0.06000
v 0.35169 -0.62698 -0.04500
v 0.35100 -0.62354 0.06000
v 0.35100 -0.62354 -0.04500
v 0.35169 -0.62009 0.06000
v 0.35169 -0.62009 -0.04500
v 0.35364 -0.61717 0.06000
v 0.35364 -0.61717 -0.04500
v 0.35656 -0.61522 0.06000
v 0.35656 -0.61522 -0.04500
v 0.36000 -0.61454 0.06000
v 0.36000 -0.61454 -0.04500
v 0.36344 -0.61522 0.06000
v 0.36344 -0.61522 -0.04500
v 0.36636 -0.61717 0.06000
v 0.36636 -0.61717 -0.04500
v 0.36831 -0.62009 0.06000
v 0.36831 -0.62009 -0.04500
v 0.36900 -0.62354 0.06000
v 0.36900 -0.62354 -0.04500
v 0.36831 -0.62698 0.06000
v 0.36831 -0.62698 -0.04500
v 0.36636 -0.62990 0.06000
v 0.36636 -0.62990 -0.04500
v 0.36344 -0.63185 0.06000
v 0.36344 -0.63185 -0.04500
v 0.36000 -0.65554 -0.04500
v 0.35172 -0.65445 -0.04500
v 0.35172 -0.65445 -0.06700
v 0.36000 -0.65554 -0.06700
v 0.36000 -0.62354 -0.06700
v 0.34400 -0.65125 -0.04500
v 0.34400 -0.65125 -0.06700
v 0.33737 -0.64617 -0.04500
v 0.33737 -0.64617 -0.06700
v 0.33229 -0.63954 -0.04500
v 0.33229 -0.63954 -0.06700
v 0.32909 -0.63182 -0.04500
v 0.32909 -0.63182 -0.06700
v 0.32800 -0.62354 -0.04500
v 0.32800 -0.62354 -0.06700
v 0.32909 -0.61526 -0.04500
v 0.32909 -0.61526 -0.06700
v 0.33229 -0.60754 -0.04500
v 0.33229 -0.60754 -0.06700
v 0.33737 -0.60091 -0.04500
v 0.33737 -0.60091 -0.06700
v 0.34400 -0.59583 -0.04500
v 0.34400 -0.59583 -0.06700
v 0.35172 -0.59263 -0.04500
v 0.35172 -0.59263 -0.06700
v 0.36000 -0.59154 -0.04500
v 0.36000 -0.59154 -0.06700
v 0.36828 -0.59263 -0.04500
v 0.36828 -0.59263 -0.06700
v 0.37600 -0.59583 -0.04500
v 0.37600 -0.59583 -0.06700
v 0.38263 -0.60091 -0.04500
v 0.38263 -0.60091 -0.06700
v 0.38771 -0.60754 -0.04500
v 0.38771 -0.60754 -0.06700
v 0.39091 -0.61526 -0.04500
v 0.39091 -0.61526 -0.06700
v 0.39200 -0.62354 -0.04500
v 0.39200 -0.62354 -0.06700
v 0.39091 -0.63182 -0.04500
v 0.39091 -0.63182 -0.06700
v 0.38771 -0.63954 -0.04500
v 0.38771 -0.63954 -0.06700
v 0.38263 -0.64617 -0.04500
v 0.38263 -0.64617 -0.06700
v 0.37600 -0.65125 -0.04500
v 0.37600 -0.65125 -0.06700
v 0.36828 -0.65445 -0.04500
v 0.36828 -0.65445 -0.06700
v 0.36000 -0.62354 -0.08300
f 4939 4940 4941
f 4939 4941 4942
f 4943 4940 4939
f 4944 4942 4941
f 4940 4945 4946
f 4940 4946 4941
f 4943 4945 4940
f 4944 4941 4946
f 4945 4947 4948
f 4945 4948 4946
f 4943 4947 4945
f 4944 4946 4948
f 4947 4949 4950
f 4947 4950 4948
f 4943 4949 4947
f 4944 4948 4950
f 4949 4951 4952
f 4949 4952 4950
f 4943 4951 4949
f 4944 4950 4952
f 4951 4953 4954
f 4951 4954 4952
f 4943 4953 4951
f 4944 4952 4954
f 4953 4955 4956
f 4953 4956 4954
f 4943 4955 4953
f 4944 4954 4956
f 4955 4957 4958
f 4955 4958 4956
f 4943 4957 4955
f 4944 4956 4958
f 4957 4959 4960
f 4957 4960 4958
f 4943 4959 4957
f 4944 4958 4960
f 4959 4961 4962
f 4959 4962 4960
f 4943 4961 4959
f 4944 4960 4962
f 4961 4963 4964
f 4961 4964 4962
f 4943 4963 4961
f 4944 4962 4964
f 4963 4965 4966
f 4963 4966 4964
f 4943 4965 4963
f 4944 4964 4966
f 4965 4967 4968
f 4965 4968 4966
f 4943 4967 4965
f 4944 4966 4968
f 4967 4969 4970
f 4967 4970 4968
f 4943 4969 4967
f 4944 4968 4970
f 4969 4971 4972
f 4969 4972 4970
f 4943 4971 4969
f 4944 4970 4972
f 4971 4939 4942
f 4971 4942 4972
f 4943 4939 4971
f 4944 4972 4942
f 4973 4974 4975
f 4973 4975 4976
f 4944 4974 4973
f 4977 4976 4975
f 4974 4978 4979
f 4974 4979 4975
f 4944 4978 4974
f 4977 4975 4979
f 4978 4980 4981
f 4978 4981 4979
f 4944 4980 4978
f 4977 4979 4981
f 4980 4982 4983
f 4980 4983 4981
f 4944 4982 4980
f 4977 4981 4983
f 4982 4984 4985
f 4982 4985 4983
f 4944 4984 4982
f 4977 4983 4985
f 4984 4986 4987
f 4984 4987 4985
f 4944 4986 4984
f 4977 4985 4987
f 4986 4988 4989
f 4986 4989 4987
f 4944 4988 4986
f 4977 4987 4989
f 4988 4990 4991
f 4988 4991 4989
f 4944 4990 4988
f 4977 4989 4991
f 4990 4992 4993
f 4990 4993 4991
f 4944 4992 4990
f 4977 4991 4993
f 4992 4994 4995
f 4992 4995 4993
f 4944 4994 4992
f 4977 4993 4995
f 4994 4996 4997
f 4994 4997 4995
f 4944 4996 4994
f 4977 4995 4997
f 4996 4998 4999
f 4996 4999 4997
f 4944 4998 4996
f 4977 4997 4999
f 4998 5000 5001
f 4998 5001 4999
f 4944 5000 4998
f 4977 4999 5001
f 5000 5002 5003
f 5000 5003 5001
f 4944 5002 5000
f 4977 5001 5003
f 5002 5004 5005
f 5002 5005 5003
f 4944 5004 5002
f 4977 5003 5005
f 5004 5006 5007
f 5004 5007 5005
f 4944 5006 5004
f 4977 5005 5007
f 5006 5008 5009
f 5006 5009 5007
f 4944 5008 5006
f 4977 5007 5009
f 5008 5010 5011
f 5008 5011 5009
f 4944 5010 5008
f 4977 5009 5011
f 5010 5012 5013
f 5010 5013 5011
f 4944 5012 5010
f 4977 5011 5013
f 5012 5014 5015
f 5012 5015 5013
f 4944 5014 5012
f 4977 5013 5015
f 5014 5016 5017
f 5014 5017 5015
f 4944 5016 5014
f 4977 5015 5017
f 5016 5018 5019
f 5016 5019 5017
f 4944 5018 5016
f 4977 5017 5019
f 5018 5020 5021
f 5018 5021 5019
f 4944 5020 5018
f 4977 5019 5021
f 5020 4973 4976
f 5020 4976 5021
f 4944 4973 5020
f 4977 5021 4976
f 4976 4975 5022
f 4977 4975 4976
f 4975 4979 5022
f 4977 4979 4975
f 4979 4981 5022
f 4977 4981 4979
f 4981 4983 5022
f 4977 4983 4981
f 4983 4985 5022
f 4977 4985 4983
f 4985 4987 5022
f 4977 4987 4985
f 4987 4989 5022
f 4977 4989 4987
f 4989 4991 5022
f 4977 4991 4989
f 4991 4993 5022
f 4977 4993 4991
f 4993 4995 5022
f 4977 4995 4993
f 4995 4997 5022
f 4977 4997 4995
f 4997 4999 5022
f 4977 4999 4997
f 4999 5001 5022
f 4977 5001 4999
f 5001 5003 5022
f 4977 5003 5001
f 5003 5005 5022
f 4977 5005 5003
f 5005 5007 5022
f 4977 5007 5005
f 5007 5009 5022
f 4977 5009 5007
f 5009 5011 5022
f 4977 5011 5009
f 5011 5013 5022
f 4977 5013 5011
f 5013 5015 5022
f 4977 5015 5013
f 5015 5017 5022
f 4977 5017 5015
f 5017 5019 5022
f 4977 5019 5017
f 5019 5021 5022
f 4977 5021 5019
f 5021 4976 5022
f 4977 4976 5021
f 5023 5024 5025
f 5023 5025 5026
f 5027 5024 5023
f 5028 5026 5025
f 5024 5029 5030
f 5024 5030 5025
f 5027 5029 5024
f 5028 5025 5030
f 5029 5031 5032
f 5029 5032 5030
f 5027 5031 5029
f 5028 5030 5032
f 5031 5033 5034
f 5031 5034 5032
f 5027 5033 5031
f 5028 5032 5034
f 5033 5035 5036
f 5033 5036 5034
f 5027 5035 5033
f 5028 5034 5036
f 5035 5037 5038
f 5035 5038 5036
f 5027 5037 5035
f 5028 5036 5038
f 5037 5039 5040
f 5037 5040 5038
f 5027 5039 5037
f 5028 5038 5040
f 5039 5041 5042
f 5039 5042 5040
f 5027 5041 5039
f 5028 5040 5042
f 5041 5043 5044
f 5041 5044 5042
f 5027 5043 5041
f 5028 5042 5044
f 5043 5045 5046
f 5043 5046 5044
f 5027 5045 5043
f 5028 5044 5046
f 5045 5047 5048
f 5045 5048 5046
f 5027 5047 5045
f 5028 5046 5048
f 5047 5049 5050
f 5047 5050 5048
f 5027 5049 5047
f 5028 5048 5050
f 5049 5051 5052
f 5049 5052 5050
f 5027 5051 5049
f 5028 5050 5052
f 5051 5053 5054
f 5051 5054 5052
f 5027 5053 5051
f 5028 5052 5054
f 5053 5055 5056
f 5053 5056 5054
f 5027 5055 5053
f 5028 5054 5056
f 5055 5023 5026
f 5055 5026 5056
f 5027 5023 5055
f 5028 5056 5026
f 5057 5058 5059
f 5057 5059 5060
f 5028 5058 5057
f 5061 5060 5059
f 5058 5062 5063
f 5058 5063 5059
f 5028 5062 5058
f 5061 5059 5063
f 5062 5064 5065
f 5062 5065 5063
f 5028 5064 5062
f 5061 5063 5065
f 5064 5066 5067
f 5064 5067 5065
f 5028 5066 5064
f 5061 5065 5067
f 5066 5068 5069
f 5066 5069 5067
f 5028 5068 5066
f 5061 5067 5069
f 5068 5070 5071
f 5068 5071 5069
f 5028 5070 5068
f 5061 5069 5071
f 5070 5072 5073
f 5070 5073 5071
f 5028 5072 5070
f 5061 5071 5073
f 5072 5074 5075
f 5072 5075 5073
f 5028 5074 5072
f 5061 5073 5075
f 5074 5076 5077
f 5074 5077 5075
f 5028 5076 5074
f 5061 5075 5077
f 5076 5078 5079
f 5076 5079 5077
f 5028 5078 5076
f 5061 5077 5079
f 5078 5080 5081
f 5078 5081 5079
f 5028 5080 5078
f 5061 5079 5081
f 5080 5082 5083
f 5080 5083 5081
f 5028 5082 5080
f 5061 5081 5083
f 5082 5084 5085
f 5082 5085 5083
f 5028 5084 5082
f 5061 5083 5085
f 5084 5086 5087
f 5084 5087 5085
f 5028 5086 5084
f 5061 5085 5087
f 5086 5088 5089
f 5086 5089 5087
f 5028 5088 5086
f 5061 5087 5089
f 5088 5090 5091
f 5088 5091 5089
f 5028 5090 5088
f 5061 5089 5091
f 5090 5092 5093
f 5090 5093 5091
f 5028 5092 5090
f 5061 5091 5093
f 5092 5094 5095
f 5092 5095 5093
f 5028 5094 5092
f 5061 5093 5095
f 5094 5096 5097
f 5094 5097 5095
f 5028 5096 5094
f 5061 5095 5097
f 5096 5098 5099
f 5096 5099 5097
f 5028 5098 5096
f 5061 5097 5099
f 5098 5100 5101
f 5098 5101 5099
f 5028 5100 5098
f 5061 5099 5101
f 5100 5102 5103
f 5100 5103 5101
f 5028 5102 5100
f 5061 5101 5103
f 5102 5104 5105
f 5102 5105 5103
f 5028 5104 5102
f 5061 5103 5105
f 5104 5057 5060
f 5104 5060 5105
f 5028 5057 5104
f 5061 5105 5060
f 5060 5059 5106
f 5061 5059 5060
f 5059 5063 5106
f 5061 5063 5059
f 5063 5065 5106
f 5061 5065 5063
f 5065 5067 5106
f 5061 5067 5065
f 5067 5069 5106
f 5061 5069 5067
f 5069 5071 5106
f 5061 5071 5069
f 5071 5073 5106
f 5061 5073 5071
f 5073 5075 5106
f 5061 5075 5073
f 5075 5077 5106
f 5061 5077 5075
f 5077 5079 5106
f 5061 5079 5077
f 5079 5081 5106
f 5061 5081 5079
f 5081 5083 5106
f 5061 5083 5081
f 5083 5085 5106
f 5061 5085 5083
f 5085 5087 5106
f 5061 5087 5085
f 5087 5089 5106
f 5061 5089 5087
f 5089 5091 5106
f 5061 5091 5089
f 5091 5093 5106
f 5061 5093 5091
f 5093 5095 5106
f 5061 5095 5093
f 5095 5097 5106
f 5061 5097 5095
f 5097 5099 5106
f 5061 5099 5097
f 5099 5101 5106
f 5061 5101 5099
f 5101 5103 5106
f 5061 5103 5101
f 5103 5105 5106
f 5061 5105 5103
f 5105 5060 5106
f 5061 5060 5105
f 5107 5108 5109
f 5107 5109 5110
f 5111 5108 5107
f 5112 5110 5109
f 5108 5113 5114
f 5108 5114 5109
f 5111 5113 5108
f 5112 5109 5114
f 5113 5115 5116
f 5113 5116 5114
f 5111 5115 5113
f 5112 5114 5116
f 5115 5117 5118
f 5115 5118 5116
f 5111 5117 5115
f 5112 5116 5118
f 5117 5119 5120
f 5117 5120 5118
f 5111 5119 5117
f 5112 5118 5120
f 5119 5121 5122
f 5119 5122 5120
f 5111 5121 5119
f 5112 5120 5122
f 5121 5123 5124
f 5121 5124 5122
f 5111 5123 5121
f 5112 5122 5124
f 5123 5125 5126
f 5123 5126 5124
f 5111 5125 5123
f 5112 5124 5126
f 5125 5127 5128
f 5125 5128 5126
f 5111 5127 5125
f 5112 5126 5128
f 5127 5129 5130
f 5127 5130 5128
f 5111 5129 5127
f 5112 5128 5130
f 5129 5131 5132
f 5129 5132 5130
f 5111 5131 5129
f 5112 5130 5132
f 5131 5133 5134
f 5131 5134 5132
f 5111 5133 5131
f 5112 5132 5134
f 5133 5135 5136
f 5133 5136 5134
f 5111 5135 5133
f 5112 5134 5136
f 5135 5137 5138
f 5135 5138 5136
f 5111 5137 5135
f 5112 5136 5138
f 5137 5139 5140
f 5137 5140 5138
f 5111 5139 5137
f 5112 5138 5140
f 5139 5107 5110
f 5139 5110 5140
f 5111 5107 5139
f 5112 5140 5110
f 5141 5142 5143
f 5141 5143 5144
f 5112 5142 5141
f 5145 5144 5143
f 5142 5146 5147
f 5142 5147 5143
f 5112 5146 5142
f 5145 5143 5147
f 5146 5148 5149
f 5146 5149 5147
f 5112 5148 5146
f 5145 5147 5149
f 5148 5150 5151
f 5148 5151 5149
f 5112 5150 5148
f 5145 5149 5151
f 5150 5152 5153
f 5150 5153 5151
f 5112 5152 5150
f 5145 5151 5153
f 5152 5154 5155
f 5152 5155 5153
f 5112 5154 5152
f 5145 5153 5155
f 5154 5156 5157
f 5154 5157 5155
f 5112 5156 5154
f 5145 5155 5157
f 5156 5158 5159
f 5156 5159 5157
f 5112 5158 5156
f 5145 5157 5159
f 5158 5160 5161
f 5158 5161 5159
f 5112 5160 5158
f 5145 5159 5161
f 5160 5162 5163
f 5160 5163 5161
f 5112 5162 5160
f 5145 5161 5163
f 5162 5164 5165
f 5162 5165 5163
f 5112 5164 5162
f 5145 5163 5165
f 5164 5166 5167
f 5164 5167 5165
f 5112 5166 5164
f 5145 5165 5167
f 5166 5168 5169
f 5166 5169 5167
f 5112 5168 5166
f 5145 5167 5169
f 5168 5170 5171
f 5168 5171 5169
f 5112 5170 5168
f 5145 5169 5171
f 5170 5172 5173
f 5170 5173 5171
f 5112 5172 5170
f 5145 5171 5173
f 5172 5174 5175
f 5172 5175 5173
f 5112 5174 5172
f 5145 5173 5175
f 5174 5176 5177
f 5174 5177 5175
f 5112 5176 5174
f 5145 5175 5177
f 5176 5178 5179
f 5176 5179 5177
f 5112 5178 5176
f 5145 5177 5179
f 5178 5180 5181
f 5178 5181 5179
f 5112 5180 5178
f 5145 5179 5181
f 5180 5182 5183
f 5180 5183 5181
f 5112 5182 5180
f 5145 5181 5183
f 5182 5184 5185
f 5182 5185 5183
f 5112 5184 5182
f 5145 5183 5185
f 5184 5186 5187
f 5184 5187 5185
f 5112 5186 5184
f 5145 5185 5187
f 5186 5188 5189
f 5186 5189 5187
f 5112 5188 5186
f 5145 5187 5189
f 5188 5141 5144
f 5188 5144 5189
f 5112 5141 5188
f 5145 5189 5144
f 5144 5143 5190
f 5145 5143 5144
f 5143 5147 5190
f 5145 5147 5143
f 5147 5149 5190
f 5145 5149 5147
f 5149 5151 5190
f 5145 5151 5149
f 5151 5153 5190
f 5145 5153 5151
f 5153 5155 5190
f 5145 5155 5153
f 5155 5157 5190
f 5145 5157 5155
f 5157 5159 5190
f 5145 5159 5157
f 5159 5161 5190
f 5145 5161 5159
f 5161 5163 5190
f 5145 5163 5161
f 5163 5165 5190
f 5145 5165 5163
f 5165 5167 5190
f 5145 5167 5165
f 5167 5169 5190
f 5145 5169 5167
f 5169 5171 5190
f 5145 5171 5169
f 5171 5173 5190
f 5145 5173 5171
f 5173 5175 5190
f 5145 5175 5173
f 5175 5177 5190
f 5145 5177 5175
f 5177 5179 5190
f 5145 5179 5177
f 5179 5181 5190
f 5145 5181 5179
f 5181 5183 5190
f 5145 5183 5181
f 5183 5185 5190
f 5145 5185 5183
f 5185 5187 5190
f 5145 5187 5185
f 5187 5189 5190
f 5145 5189 5187
f 5189 5144 5190
f 5145 5144 5189
f 5191 5192 5193
f 5191 5193 5194
f 5195 5192 5191
f 5196 5194 5193
f 5192 5197 5198
f 5192 5198 5193
f 5195 5197 5192
f 5196 5193 5198
f 5197 5199 5200
f 5197 5200 5198
f 5195 5199 5197
f 5196 5198 5200
f 5199 5201 5202
f 5199 5202 5200
f 5195 5201 5199
f 5196 5200 5202
f 5201 5203 5204
f 5201 5204 5202
f 5195 5203 5201
f 5196 5202 5204
f 5203 5205 5206
f 5203 5206 5204
f 5195 5205 5203
f 5196 5204 5206
f 5205 5207 5208
f 5205 5208 5206
f 5195 5207 5205
f 5196 5206 5208
f 5207 5209 5210
f 5207 5210 5208
f 5195 5209 5207
f 5196 5208 5210
f 5209 5211 5212
f 5209 5212 5210
f 5195 5211 5209
f 5196 5210 5212
f 5211 5213 5214
f 5211 5214 5212
f 5195 5213 5211
f 5196 5212 5214
f 5213 5215 5216
f 5213 5216 5214
f 5195 5215 5213
f 5196 5214 5216
f 5215 5217 5218
f 5215 5218 5216
f 5195 5217 5215
f 5196 5216 5218
f 5217 5219 5220
f 5217 5220 5218
f 5195 5219 5217
f 5196 5218 5220
f 5219 5221 5222
f 5219 5222 5220
f 5195 5221 5219
f 5196 5220 5222
f 5221 5223 5224
f 5221 5224 5222
f 5195 5223 5221
f 5196 5222 5224
f 5223 5191 5194
f 5223 5194 5224
f 5195 5191 5223
f 5196 5224 5194
f 5225 5226 5227
f 5225 5227 5228
f 5196 5226 5225
f 5229 5228 5227
f 5226 5230 5231
f 5226 5231 5227
f 5196 5230 5226
f 5229 5227 5231
f 5230 5232 5233
f 5230 5233 5231
f 5196 5232 5230
f 5229 5231 5233
f 5232 5234 5235
f 5232 5235 5233
f 5196 5234 5232
f 5229 5233 5235
f 5234 5236 5237
f 5234 5237 5235
f 5196 5236 5234
f 5229 5235 5237
f 5236 5238 5239
f 5236 5239 5237
f 5196 5238 5236
f 5229 5237 5239
f 5238 5240 5241
f 5238 5241 5239
f 5196 5240 5238
f 5229 5239 5241
f 5240 5242 5243
f 5240 5243 5241
f 5196 5242 5240
f 5229 5241 5243
f 5242 5244 5245
f 5242 5245 5243
f 5196 5244 5242
f 5229 5243 5245
f 5244 5246 5247
f 5244 5247 5245
f 5196 5246 5244
f 5229 5245 5247
f 5246 5248 5249
f 5246 5249 5247
f 5196 5248 5246
f 5229 5247 5249
f 5248 5250 5251
f 5248 5251 5249
f 5196 5250 5248
f 5229 5249 5251
f 5250 5252 5253
f 5250 5253 5251
f 5196 5252 5250
f 5229 5251 5253
f 5252 5254 5255
f 5252 5255 5253
f 5196 5254 5252
f 5229 5253 5255
f 5254 5256 5257
f 5254 5257 5255
f 5196 5256 5254
f 5229 5255 5257
f 5256 5258 5259
f 5256 5259 5257
f 5196 5258 5256
f 5229 5257 5259
f 5258 5260 5261
f 5258 5261 5259
f 5196 5260 5258
f 5229 5259 5261
f 5260 5262 5263
f 5260 5263 5261
f 5196 5262 5260
f 5229 5261 5263
f 5262 5264 5265
f 5262 5265 5263
f 5196 5264 5262
f 5229 5263 5265
f 5264 5266 5267
f 5264 5267 5265
f 5196 5266 5264
f 5229 5265 5267
f 5266 5268 5269
f 5266 5269 5267
f 5196 5268 5266
f 5229 5267 5269
f 5268 5270 5271
f 5268 5271 5269
f 5196 5270 5268
f 5229 5269 5271
f 5270 5272 5273
f 5270 5273 5271
f 5196 5272 5270
f 5229 5271 5273
f 5272 5225 5228
f 5272 5228 5273
f 5196 5225 5272
f 5229 5273 5228
f 5228 5227 5274
f 5229 5227 5228
f 5227 5231 5274
f 5229 5231 5227
f 5231 5233 5274
f 5229 5233 5231
f 5233 5235 5274
f 5229 5235 5233
f 5235 5237 5274
f 5229 5237 5235
f 5237 5239 5274
f 5229 5239 5237
f 5239 5241 5274
f 5229 5241 5239
f 5241 5243 5274
f 5229 5243 5241
f 5243 5245 5274
f 5229 5245 5243
f 5245 5247 5274
f 5229 5247 5245
f 5247 5249 5274
f 5229 5249 5247
f 5249 5251 5274
f 5229 5251 5249
f 5251 5253 5274
f 5229 5253 5251
f 5253 5255 5274
f 5229 5255 5253
f 5255 5257 5274
f 5229 5257 5255
f 5257 5259 5274
f 5229 5259 5257
f 5259 5261 5274
f 5229 5261 5259
f 5261 5263 5274
f 5229 5263 5261
f 5263 5265 5274
f 5229 5265 5263
f 5265 5267 5274
f 5229 5267 5265
f 5267 5269 5274
f 5229 5269 5267
f 5269 5271 5274
f 5229 5271 5269
f 5271 5273 5274
f 5229 5273 5271
f 5273 5228 5274
f 5229 5228 5273
f 5275 5276 5277
f 5275 5277 5278
f 5279 5276 5275
f 5280 5278 5277
f 5276 5281 5282
f 5276 5282 5277
f 5279 5281 5276
f 5280 5277 5282
f 5281 5283 5284
f 5281 5284 5282
f 5279 5283 5281
f 5280 5282 5284
f 5283 5285 5286
f 5283 5286 5284
f 5279 5285 5283
f 5280 5284 5286
f 5285 5287 5288
f 5285 5288 5286
f 5279 5287 5285
f 5280 5286 5288
f 5287 5289 5290
f 5287 5290 5288
f 5279 5289 5287
f 5280 5288 5290
f 5289 5291 5292
f 5289 5292 5290
f 5279 5291 5289
f 5280 5290 5292
f 5291 5293 5294
f 5291 5294 5292
f 5279 5293 5291
f 5280 5292 5294
f 5293 5295 5296
f 5293 5296 5294
f 5279 5295 5293
f 5280 5294 5296
f 5295 5297 5298
f 5295 5298 5296
f 5279 5297 5295
f 5280 5296 5298
f 5297 5299 5300
f 5297 5300 5298
f 5279 5299 5297
f 5280 5298 5300
f 5299 5301 5302
f 5299 5302 5300
f 5279 5301 5299
f 5280 5300 5302
f 5301 5303 5304
f 5301 5304 5302
f 5279 5303 5301
f 5280 5302 5304
f 5303 5305 5306
f 5303 5306 5304
f 5279 5305 5303
f 5280 5304 5306
f 5305 5307 5308
f 5305 5308 5306
f 5279 5307 5305
f 5280 5306 5308
f 5307 5275 5278
f 5307 5278 5308
f 5279 5275 5307
f 5280 5308 5278
f 5309 5310 5311
f 5309 5311 5312
f 5280 5310 5309
f 5313 5312 5311
f 5310 5314 5315
f 5310 5315 5311
f 5280 5314 5310
f 5313 5311 5315
f 5314 5316 5317
f 5314 5317 5315
f 5280 5316 5314
f 5313 5315 5317
f 5316 5318 5319
f 5316 5319 5317
f 5280 5318 5316
f 5313 5317 5319
f 5318 5320 5321
f 5318 5321 5319
f 5280 5320 5318
f 5313 5319 5321
f 5320 5322 5323
f 5320 5323 5321
f 5280 5322 5320
f 5313 5321 5323
f 5322 5324 5325
f 5322 5325 5323
f 5280 5324 5322
f 5313 5323 5325
f 5324 5326 5327
f 5324 5327 5325
f 5280 5326 5324
f 5313 5325 5327
f 5326 5328 5329
f 5326 5329 5327
f 5280 5328 5326
f 5313 5327 5329
f 5328 5330 5331
f 5328 5331 5329
f 5280 5330 5328
f 5313 5329 5331
f 5330 5332 5333
f 5330 5333 5331
f 5280 5332 5330
f 5313 5331 5333
f 5332 5334 5335
f 5332 5335 5333
f 5280 5334 5332
f 5313 5333 5335
f 5334 5336 5337
f 5334 5337 5335
f 5280 5336 5334
f 5313 5335 5337
f 5336 5338 5339
f 5336 5339 5337
f 5280 5338 5336
f 5313 5337 5339
f 5338 5340 5341
f 5338 5341 5339
f 5280 5340 5338
f 5313 5339 5341
f 5340 5342 5343
f 5340 5343 5341
f 5280 5342 5340
f 5313 5341 5343
f 5342 5344 5345
f 5342 5345 5343
f 5280 5344 5342
f 5313 5343 5345
f 5344 5346 5347
f 5344 5347 5345
f 5280 5346 5344
f 5313 5345 5347
f 5346 5348 5349
f 5346 5349 5347
f 5280 5348 5346
f 5313 5347 5349
f 5348 5350 5351
f 5348 5351 5349
f 5280 5350 5348
f 5313 5349 5351
f 5350 5352 5353
f 5350 5353 5351
f 5280 5352 5350
f 5313 5351 5353
f 5352 5354 5355
f 5352 5355 5353
f 5280 5354 5352
f 5313 5353 5355
f 5354 5356 5357
f 5354 5357 5355
f 5280 5356 5354
f 5313 5355 5357
f 5356 5309 5312
f 5356 5312 5357
f 5280 5309 5356
f 5313 5357 5312
f 5312 5311 5358
f 5313 5311 5312
f 5311 5315 5358
f 5313 5315 5311
f 5315 5317 5358
f 5313 5317 5315
f 5317 5319 5358
f 5313 5319 5317
f 5319 5321 5358
f 5313 5321 5319
f 5321 5323 5358
f 5313 5323 5321
f 5323 5325 5358
f 5313 5325 5323
f 5325 5327 5358
f 5313 5327 5325
f 5327 5329 5358
f 5313 5329 5327
f 5329 5331 5358
f 5313 5331 5329
f 5331 5333 5358
f 5313 5333 5331
f 5333 5335 5358
f 5313 5335 5333
f 5335 5337 5358
f 5313 5337 5335
f 5337 5339 5358
f 5313 5339 5337
f 5339 5341 5358
f 5313 5341 5339
f 5341 5343 5358
f 5313 5343 5341
f 5343 5345 5358
f 5313 5345 5343
f 5345 5347 5358
f 5313 5347 5345
f 5347 5349 5358
f 5313 5349 5347
f 5349 5351 5358
f 5313 5351 5349
f 5351 5353 5358
f 5313 5353 5351
f 5353 5355 5358
f 5313 5355 5353
f 5355 5357 5358
f 5313 5357 5355
f 5357 5312 5358
f 5313 5312 5357
f 5359 5360 5361
f 5359 5361 5362
f 5363 5360 5359
f 5364 5362 5361
f 5360 5365 5366
f 5360 5366 5361
f 5363 5365 5360
f 5364 5361 5366
f 5365 5367 5368
f 5365 5368 5366
f 5363 5367 5365
f 5364 5366 5368
f 5367 5369 5370
f 5367 5370 5368
f 5363 5369 5367
f 5364 5368 5370
f 5369 5371 5372
f 5369 5372 5370
f 5363 5371 5369
f 5364 5370 5372
f 5371 5373 5374
f 5371 5374 5372
f 5363 5373 5371
f 5364 5372 5374
f 5373 5375 5376
f 5373 5376 5374
f 5363 5375 5373
f 5364 5374 5376
f 5375 5377 5378
f 5375 5378 5376
f 5363 5377 5375
f 5364 5376 5378
f 5377 5379 5380
f 5377 5380 5378
f 5363 5379 5377
f 5364 5378 5380
f 5379 5381 5382
f 5379 5382 5380
f 5363 5381 5379
f 5364 5380 5382
f 5381 5383 5384
f 5381 5384 5382
f 5363 5383 5381
f 5364 5382 5384
f 5383 5385 5386
f 5383 5386 5384
f 5363 5385 5383
f 5364 5384 5386
f 5385 5387 5388
f 5385 5388 5386
f 5363 5387 5385
f 5364 5386 5388
f 5387 5389 5390
f 5387 5390 5388
f 5363 5389 5387
f 5364 5388 5390
f 5389 5391 5392
f 5389 5392 5390
f 5363 5391 5389
f 5364 5390 5392
f 5391 5359 5362
f 5391 5362 5392
f 5363 5359 5391
f 5364 5392 5362
f 5393 5394 5395
f 5393 5395 5396
f 5364 5394 5393
f 5397 5396 5395
f 5394 5398 5399
f 5394 5399 5395
f 5364 5398 5394
f 5397 5395 5399
f 5398 5400 5401
f 5398 5401 5399
f 5364 5400 5398
f 5397 5399 5401
f 5400 5402 5403
f 5400 5403 5401
f 5364 5402 5400
f 5397 5401 5403
f 5402 5404 5405
f 5402 5405 5403
f 5364 5404 5402
f 5397 5403 5405
f 5404 5406 5407
f 5404 5407 5405
f 5364 5406 5404
f 5397 5405 5407
f 5406 5408 5409
f 5406 5409 5407
f 5364 5408 5406
f 5397 5407 5409
f 5408 5410 5411
f 5408 5411 5409
f 5364 5410 5408
f 5397 5409 5411
f 5410 5412 5413
f 5410 5413 5411
f 5364 5412 5410
f 5397 5411 5413
f 5412 5414 5415
f 5412 5415 5413
f 5364 5414 5412
f 5397 5413 5415
f 5414 5416 5417
f 5414 5417 5415
f 5364 5416 5414
f 5397 5415 5417
f 5416 5418 5419
f 5416 5419 5417
f 5364 5418 5416
f 5397 5417 5419
f 5418 5420 5421
f 5418 5421 5419
f 5364 5420 5418
f 5397 5419 5421
f 5420 5422 5423
f 5420 5423 5421
f 5364 5422 5420
f 5397 5421 5423
f 5422 5424 5425
f 5422 5425 5423
f 5364 5424 5422
f 5397 5423 5425
f 5424 5426 5427
f 5424 5427 5425
f 5364 5426 5424
f 5397 5425 5427
f 5426 5428 5429
f 5426 5429 5427
f 5364 5428 5426
f 5397 5427 5429
f 5428 5430 5431
f 5428 5431 5429
f 5364 5430 5428
f 5397 5429 5431
f 5430 5432 5433
f 5430 5433 5431
f 5364 5432 5430
f 5397 5431 5433
f 5432 5434 5435
f 5432 5435 5433
f 5364 5434 5432
f 5397 5433 5435
f 5434 5436 5437
f 5434 5437 5435
f 5364 5436 5434
f 5397 5435 5437
f 5436 5438 5439
f 5436 5439 5437
f 5364 5438 5436
f 5397 5437 5439
f 5438 5440 5441
f 5438 5441 5439
f 5364 5440 5438
f 5397 5439 5441
f 5440 5393 5396
f 5440 5396 5441
f 5364 5393 5440
f 5397 5441 5396
f 5396 5395 5442
f 5397 5395 5396
f 5395 5399 5442
f 5397 5399 5395
f 5399 5401 5442
f 5397 5401 5399
f 5401 5403 5442
f 5397 5403 5401
f 5403 5405 5442
f 5397 5405 5403
f 5405 5407 5442
f 5397 5407 5405
f 5407 5409 5442
f 5397 5409 5407
f 5409 5411 5442
f 5397 5411 5409
f 5411 5413 5442
f 5397 5413 5411
f 5413 5415 5442
f 5397 5415 5413
f 5415 5417 5442
f 5397 5417 5415
f 5417 5419 5442
f 5397 5419 5417
f 5419 5421 5442
f 5397 5421 5419
f 5421 5423 5442
f 5397 5423 5421
f 5423 5425 5442
f 5397 5425 5423
f 5425 5427 5442
f 5397 5427 5425
f 5427 5429 5442
f 5397 5429 5427
f 5429 5431 5442
f 5397 5431 5429
f 5431 5433 5442
f 5397 5433 5431
f 5433 5435 5442
f 5397 5435 5433
f 5435 5437 5442
f 5397 5437 5435
f 5437 5439 5442
f 5397 5439 5437
f 5439 5441 5442
f 5397 5441 5439
f 5441 5396 5442
f 5397 5396 5441
